{
    "C": 92.90179809271335,
    "gamma": 0.04911212549272608
}