{
    "C": 2.787301644103932,
    "gamma": 0.24324021842033441
}