{
    "n_estimators": 10,
    "max_depth": 20,
    "gamma": 0.6679695609521824,
    "subsample": 0.5523090682532606,
    "colsample_bytree": 0.8404769812422772
}