{
    "C": 3.5248336204176387,
    "gamma": 0.05912747323529353
}