{
    "C": 3.061397902021056,
    "gamma": 0.014736741744130857
}