{
    "n_estimators": 100,
    "max_depth": 5,
    "gamma": 0.8483898398078633,
    "subsample": 0.8940181087620663,
    "colsample_bytree": 0.6072837801230702
}