{
    "C": 32.93524253791042,
    "gamma": 0.0004064359620275164
}