{
    "C": 22.21943892944731,
    "gamma": 0.0016271646337488205
}