{
    "n_estimators": 40,
    "max_depth": 20,
    "gamma": 0.3373339790995508,
    "subsample": 0.7451844287736241,
    "colsample_bytree": 0.505434646972824
}