{
    "C": 1.4703516925468563,
    "gamma": 0.03216761331043717
}