{
    "n_estimators": 100,
    "max_depth": 20,
    "gamma": 0.9936228837391623,
    "subsample": 0.7047885803114133,
    "colsample_bytree": 0.8768039238911666
}