{
    "C": 2.634247851310683,
    "gamma": 0.004405162071141217
}