{
    "n_estimators": 100,
    "max_depth": 30,
    "gamma": 0.27968582328464053,
    "subsample": 0.5762776904891552,
    "colsample_bytree": 0.9346413469683331
}