{
    "C": 41.28924504432796,
    "gamma": 0.002230367922380861
}