{
    "C": 8.815170696851927,
    "gamma": 0.004864669630019368
}