{
    "C": 80.93336081480795,
    "gamma": 0.0006739119834422287
}