{
    "n_estimators": 100,
    "max_depth": 5,
    "gamma": 0.22534876456323225,
    "subsample": 0.901922466561148,
    "colsample_bytree": 0.6003509828631446
}