{
    "C": 12.769480133890013,
    "gamma": 0.2945661003904076
}