{
    "n_estimators": 40,
    "max_depth": 5,
    "gamma": 0.6476708331288952,
    "subsample": 0.5839683698934602,
    "colsample_bytree": 0.9163442041721999
}