{
    "n_estimators": 100,
    "max_depth": 20,
    "gamma": 0.6141620003634769,
    "subsample": 0.932004794053633,
    "colsample_bytree": 0.866267734082394
}