{
    "n_estimators": 100,
    "max_depth": 20,
    "gamma": 0.9915552888037622,
    "subsample": 0.6804568189129843,
    "colsample_bytree": 0.8428277884179671
}