{
    "C": 33.29257153747036,
    "gamma": 0.0025503034276104838
}