{
    "C": 0.5066396741186403,
    "gamma": 0.014426701826089482
}