{
    "C": 20.79164086888776,
    "gamma": 0.0014882318333187079
}