{
    "C": 1.9527815672101407,
    "gamma": 0.002519117474335368
}