{
    "C": 37.940844264722166,
    "gamma": 0.011171889064742082
}