{
    "C": 75.54322532132784,
    "gamma": 0.030139847823957257
}