{
    "n_estimators": 10,
    "max_depth": 20,
    "gamma": 0.42111013866101926,
    "subsample": 0.6693258487345467,
    "colsample_bytree": 0.749158456919334
}