{
    "C": 1.0358412236418182,
    "gamma": 0.042503890208450044
}