{
    "C": 87.51316451778212,
    "gamma": 0.0029484037871080598
}