{
    "n_estimators": 10,
    "max_depth": 20,
    "gamma": 0.8743430254687139,
    "subsample": 0.7759909773098492,
    "colsample_bytree": 0.7964524862975751
}