{
    "n_estimators": 40,
    "max_depth": 5,
    "gamma": 0.3248970539037623,
    "subsample": 0.8182290059387327,
    "colsample_bytree": 0.9704879629190793
}