{
    "C": 10.015340328560521,
    "gamma": 0.0018201480146251279
}