{
    "C": 5.180870785379196,
    "gamma": 0.0311366712855938
}