{
    "C": 27.774061404252322,
    "gamma": 0.0011937866363894163
}