{
    "C": 2.4808817630470856,
    "gamma": 0.000311028267027645
}