{
    "n_estimators": 100,
    "max_depth": 30,
    "gamma": 0.32708477606827396,
    "subsample": 0.917830843410437,
    "colsample_bytree": 0.6030135125558143
}