{
    "C": 0.02914851956309537,
    "gamma": 0.00010384041372114447
}