{
    "C": 0.18217501449833096,
    "gamma": 0.004033591747224104
}