{
    "n_estimators": 10,
    "max_depth": 5,
    "gamma": 0.9704757537588087,
    "subsample": 0.9938280908923741,
    "colsample_bytree": 0.5046710975498546
}