{
    "C": 62.82471127582084,
    "gamma": 0.0020021192698697564
}