{
    "C": 18.13168749511091,
    "gamma": 0.00040894617049639655
}