{
    "C": 8.851653546105691,
    "gamma": 0.0006427445562903373
}