{
    "C": 0.3293178853600007,
    "gamma": 0.00024606118683463164
}