{
    "C": 0.03632641628817413,
    "gamma": 0.10426949040262735
}