{
    "C": 1.5370111258375143,
    "gamma": 0.0018054561697281922
}