{
    "n_estimators": 40,
    "max_depth": 30,
    "gamma": 0.823018963204667,
    "subsample": 0.5011191823417127,
    "colsample_bytree": 0.5764495834424889
}