{
    "C": 95.95473653031209,
    "gamma": 0.0013025182395906547
}