{
    "n_estimators": 10,
    "max_depth": 30,
    "gamma": 0.9925078901935788,
    "subsample": 0.7673132972233758,
    "colsample_bytree": 0.7947789735692602
}