{
    "n_estimators": 40,
    "max_depth": 20,
    "gamma": 0.17784067068561055,
    "subsample": 0.5026526331143375,
    "colsample_bytree": 0.5012064021357753
}