{
    "n_estimators": 10,
    "max_depth": 30,
    "gamma": 0.9299578816248815,
    "subsample": 0.9477786264446155,
    "colsample_bytree": 0.6308030236267934
}