{
    "n_estimators": 40,
    "max_depth": 20,
    "gamma": 0.8747486750433042,
    "subsample": 0.5475010027974977,
    "colsample_bytree": 0.772531650758763
}