{
    "C": 66.38804111831294,
    "gamma": 0.0035684542856495058
}