{
    "C": 0.4276489199586051,
    "gamma": 0.0014201666494291522
}