{
    "C": 12.837239479121616,
    "gamma": 0.0004988430182802365
}