{
    "C": 0.011101715091503362,
    "gamma": 0.05161444582457542
}