{
    "C": 2.57663857461359,
    "gamma": 0.01511933646764101
}