{
    "C": 47.17924680621896,
    "gamma": 0.007792848124225637
}