{
    "C": 50.94071398858296,
    "gamma": 0.002568058939760033
}