{
    "C": 95.34988100376663,
    "gamma": 0.0063137258186105934
}