{
    "n_estimators": 40,
    "max_depth": 30,
    "gamma": 0.9649927737686168,
    "subsample": 0.6857563076640036,
    "colsample_bytree": 0.5061847058001788
}