{
    "C": 0.21148451765397813,
    "gamma": 0.008105249700545962
}