{
    "C": 96.31234599993049,
    "gamma": 0.00010258374186959561
}