{
    "C": 83.91554197002601,
    "gamma": 0.00010410657631139162
}