{
    "n_estimators": 100,
    "max_depth": 30,
    "gamma": 0.8557049144383931,
    "subsample": 0.9068946781176693,
    "colsample_bytree": 0.6650542280067859
}