{
    "n_estimators": 40,
    "max_depth": 20,
    "gamma": 0.14513746082952395,
    "subsample": 0.6101166835253155,
    "colsample_bytree": 0.892330346518349
}