{
    "C": 14.270546142249229,
    "gamma": 0.0016023762071927655
}