{
    "n_estimators": 10,
    "max_depth": 20,
    "gamma": 0.301143016922516,
    "subsample": 0.5053462228084876,
    "colsample_bytree": 0.796633869548603
}