{
    "C": 18.968045676744122,
    "gamma": 0.006005179551995864
}