{
    "C": 5.190697400457895,
    "gamma": 0.00028236312300418376
}