{
    "C": 2.4302452234291927,
    "gamma": 0.0051405967443320984
}