{
    "C": 55.84951911352853,
    "gamma": 0.0018399168403638686
}