{
    "C": 43.70069997752941,
    "gamma": 0.0050372980471748326
}