{
    "C": 84.98104018993892,
    "gamma": 0.012736481700274735
}