{
    "C": 0.9361674125380278,
    "gamma": 0.00800135168024102
}