{
    "C": 10.529958172983234,
    "gamma": 0.061620937799812814
}