{
    "C": 5.7742691952534075,
    "gamma": 0.007704615462047764
}