{
    "C": 27.136610167431023,
    "gamma": 0.018475511001985658
}