{
    "C": 0.296894319600598,
    "gamma": 0.0013875080019695044
}