{
    "n_estimators": 100,
    "max_depth": 5,
    "gamma": 0.8869111494214299,
    "subsample": 0.6309302708384458,
    "colsample_bytree": 0.8394121423289994
}