{
    "C": 0.6449317597257536,
    "gamma": 0.07254153374455037
}