{
    "C": 20.937090639949734,
    "gamma": 0.030139847823957257
}