{
    "C": 0.6348740688292565,
    "gamma": 0.08190803256078891
}