{
    "C": 28.22046221256136,
    "gamma": 0.00400012842388048
}