{
    "C": 0.5632552727928014,
    "gamma": 0.0015318448358164172
}