{
    "n_estimators": 40,
    "max_depth": 5,
    "gamma": 0.8163836357939483,
    "subsample": 0.5750157301712981,
    "colsample_bytree": 0.8827245325650541
}