{
    "C": 0.22638815840649076,
    "gamma": 0.00015444672374303607
}