{
    "n_estimators": 100,
    "max_depth": 5,
    "gamma": 0.5867313038958475,
    "subsample": 0.9585709293736852,
    "colsample_bytree": 0.7100663119922936
}