{
    "C": 39.43790372054683,
    "gamma": 0.0019074999701262495
}