{
    "C": 0.050467951873198885,
    "gamma": 0.04182947908375223
}