{
    "C": 6.4522263894475635,
    "gamma": 0.00015636037811442836
}