{
    "C": 0.9538469915427398,
    "gamma": 0.005485125315027209
}