{
    "n_estimators": 40,
    "max_depth": 30,
    "gamma": 0.8361750979473885,
    "subsample": 0.6772991662538685,
    "colsample_bytree": 0.7991662445257187
}