{
    "n_estimators": 100,
    "max_depth": 5,
    "gamma": 0.11546680719474106,
    "subsample": 0.5523425156964482,
    "colsample_bytree": 0.7890048029172959
}