{
    "n_estimators": 40,
    "max_depth": 30,
    "gamma": 0.9575004347741041,
    "subsample": 0.885121551149726,
    "colsample_bytree": 0.9843104940964552
}