{
    "n_estimators": 40,
    "max_depth": 20,
    "gamma": 0.8058178050667423,
    "subsample": 0.8079997974124531,
    "colsample_bytree": 0.7277413158466237
}