{
    "n_estimators": 40,
    "max_depth": 30,
    "gamma": 0.9741289285559792,
    "subsample": 0.5334465975728722,
    "colsample_bytree": 0.6888547195763509
}