{
    "C": 37.26689746247217,
    "gamma": 0.003502857663618263
}