{
    "C": 92.05343415762836,
    "gamma": 0.0013358388322459848
}