{
    "C": 27.7541189089737,
    "gamma": 0.00027232906541438775
}