{
    "C": 0.07229295122648068,
    "gamma": 0.0007715273799855687
}