{
    "C": 8.543017272357742,
    "gamma": 0.010746198065353804
}