{
    "n_estimators": 40,
    "max_depth": 5,
    "gamma": 0.45877778302962907,
    "subsample": 0.9195067068728032,
    "colsample_bytree": 0.8320837861985516
}