{
    "C": 2.411444486588583,
    "gamma": 0.026138160603151838
}