{
    "n_estimators": 10,
    "max_depth": 30,
    "gamma": 0.355001213837357,
    "subsample": 0.7417307930181961,
    "colsample_bytree": 0.9260218744364025
}