{
    "C": 3.748422955961664,
    "gamma": 0.0014603630512121362
}