{
    "n_estimators": 40,
    "max_depth": 20,
    "gamma": 0.3752473930323552,
    "subsample": 0.6140323416183876,
    "colsample_bytree": 0.7403850711318749
}