{
    "C": 33.05335938512613,
    "gamma": 0.01087805241206335
}