{
    "C": 51.36491643584061,
    "gamma": 0.000279114946758415
}