{
    "n_estimators": 40,
    "max_depth": 5,
    "gamma": 0.26584350203343754,
    "subsample": 0.5366236425512549,
    "colsample_bytree": 0.894993903866138
}