{
    "C": 26.378615146575314,
    "gamma": 0.004888026516022932
}