{
    "C": 66.39968996369892,
    "gamma": 0.000292076606532754
}