{
    "n_estimators": 40,
    "max_depth": 5,
    "gamma": 0.5636627692909219,
    "subsample": 0.5978449209760036,
    "colsample_bytree": 0.650460190710632
}