{
    "n_estimators": 40,
    "max_depth": 5,
    "gamma": 0.5399847256568163,
    "subsample": 0.5495229975198089,
    "colsample_bytree": 0.6424253771370094
}