{
    "C": 97.55121460417558,
    "gamma": 0.0013766948124040966
}