{
    "C": 93.4429810432017,
    "gamma": 0.00037157466689708183
}