{
    "C": 0.5587713090370581,
    "gamma": 0.020409191748576028
}