{
    "n_estimators": 100,
    "max_depth": 30,
    "gamma": 0.41027898686600084,
    "subsample": 0.8250138630855112,
    "colsample_bytree": 0.5409724883987932
}