{
    "n_estimators": 10,
    "max_depth": 5,
    "gamma": 0.991314742891843,
    "subsample": 0.8787287422282001,
    "colsample_bytree": 0.7917736739504313
}