{
    "n_estimators": 10,
    "max_depth": 5,
    "gamma": 0.520808305219741,
    "subsample": 0.5606065234404234,
    "colsample_bytree": 0.6888058922343779
}