{
    "C": 15.841796695169624,
    "gamma": 0.002204242578484544
}