{
    "n_estimators": 100,
    "max_depth": 30,
    "gamma": 0.8751749814745121,
    "subsample": 0.9047555369007109,
    "colsample_bytree": 0.8099210489321137
}