{
    "C": 8.66054153603814,
    "gamma": 0.020661553467467144
}