{
    "C": 79.09951713559707,
    "gamma": 0.042324310067136564
}