{
    "C": 1.809874040978592,
    "gamma": 0.015751484891297393
}