{
    "C": 91.93217952983458,
    "gamma": 0.001124877094127177
}