{
    "C": 99.32677443010621,
    "gamma": 0.004490140845312702
}