{
    "C": 28.99461009607237,
    "gamma": 0.021664521068123894
}