{
    "C": 99.32720267423869,
    "gamma": 0.004208680528235651
}