{
    "C": 97.44267194851209,
    "gamma": 0.004412343229966878
}