{
    "C": 0.011228847352323114,
    "gamma": 0.006856727040680986
}