{
    "n_estimators": 100,
    "max_depth": 30,
    "gamma": 0.4265045809607252,
    "subsample": 0.7308700970734718,
    "colsample_bytree": 0.6621772530588999
}