{
    "C": 0.017688715783228778,
    "gamma": 0.0030347934780770654
}