{
    "C": 28.40294215655158,
    "gamma": 0.02683398760027582
}