{
    "C": 12.826863953810284,
    "gamma": 0.009134689581300509
}