{
    "n_estimators": 100,
    "max_depth": 30,
    "gamma": 0.3209083377247919,
    "subsample": 0.8662967242949839,
    "colsample_bytree": 0.9473256461583694
}