{
    "C": 0.010062184383777623,
    "gamma": 0.03638889587376429
}