{
    "n_estimators": 40,
    "max_depth": 5,
    "gamma": 0.2681645700627216,
    "subsample": 0.9892181678343368,
    "colsample_bytree": 0.5040271254455208
}