{
    "C": 13.01177237563488,
    "gamma": 0.00010328621036711462
}