{
    "C": 2.068798094578695,
    "gamma": 0.016650651234218456
}