{
    "n_estimators": 100,
    "max_depth": 30,
    "gamma": 0.18648856710456677,
    "subsample": 0.9882297325066979,
    "colsample_bytree": 0.7343256008238508
}