{
    "C": 0.4269266893624531,
    "gamma": 0.0012097894366587003
}