{
    "C": 78.62202836022168,
    "gamma": 0.25653407257728383
}