{
    "n_estimators": 100,
    "max_depth": 5,
    "gamma": 0.49757446253912585,
    "subsample": 0.8459147699341394,
    "colsample_bytree": 0.8234495482604105
}