{
    "n_estimators": 100,
    "max_depth": 30,
    "gamma": 0.8573136260405806,
    "subsample": 0.8867500478916162,
    "colsample_bytree": 0.9715083346653923
}