{
    "C": 0.6134264536753753,
    "gamma": 0.004021959780280414
}