{
    "C": 84.98104018993892,
    "gamma": 0.00664367361508531
}