{
    "C": 10.980235725406745,
    "gamma": 0.0015663580521172538
}