{
    "C": 29.35225513781255,
    "gamma": 0.003404384745349601
}