{
    "C": 97.01396100275348,
    "gamma": 0.0003006853097684177
}