{
    "C": 20.06952323750665,
    "gamma": 0.02876052777792657
}