{
    "n_estimators": 40,
    "max_depth": 20,
    "gamma": 0.8068016330350061,
    "subsample": 0.9269876463197444,
    "colsample_bytree": 0.7471184186909638
}