{
    "n_estimators": 40,
    "max_depth": 5,
    "gamma": 0.26099749729174504,
    "subsample": 0.6761472735372211,
    "colsample_bytree": 0.8264597605006598
}