{
    "C": 1.5972094869103868,
    "gamma": 0.0016044552744577214
}