{
    "n_estimators": 10,
    "max_depth": 30,
    "gamma": 0.4952792251780295,
    "subsample": 0.5942705836955756,
    "colsample_bytree": 0.8604557310580807
}