{
    "C": 2.3010513551301206,
    "gamma": 0.08153182840751463
}