{
    "C": 9.978843013882445,
    "gamma": 0.007219813181344517
}