{
    "C": 51.04809424524468,
    "gamma": 0.007976709391817468
}