{
    "C": 2.071902568500461,
    "gamma": 0.0013853732667121238
}