{
    "n_estimators": 100,
    "max_depth": 5,
    "gamma": 0.3203257572208718,
    "subsample": 0.5091640219287279,
    "colsample_bytree": 0.6278396430729307
}