{
    "C": 5.888576410328452,
    "gamma": 0.0019391007264964667
}