{
    "C": 77.4798574776547,
    "gamma": 0.02222834923917484
}