{
    "n_estimators": 100,
    "max_depth": 5,
    "gamma": 0.4219788549996337,
    "subsample": 0.8811274306124464,
    "colsample_bytree": 0.6145382444075271
}