{
    "C": 84.06375501709157,
    "gamma": 0.0001505687749352797
}