{
    "C": 35.86098460532356,
    "gamma": 0.012976866325492246
}