{
    "n_estimators": 100,
    "max_depth": 5,
    "gamma": 0.8592387703710872,
    "subsample": 0.8700217123378211,
    "colsample_bytree": 0.5970939328951061
}