{
    "C": 88.44588376413392,
    "gamma": 0.005853204863284989
}