{
    "C": 0.33407853000257304,
    "gamma": 0.059763775475435724
}