{
    "n_estimators": 100,
    "max_depth": 5,
    "gamma": 0.2510529613044901,
    "subsample": 0.8904580303738319,
    "colsample_bytree": 0.7766753008964452
}