{
    "C": 22.957783756697644,
    "gamma": 0.0004277476134409647
}