{
    "n_estimators": 40,
    "max_depth": 30,
    "gamma": 0.7430839232699441,
    "subsample": 0.7872809989785173,
    "colsample_bytree": 0.5571372301314548
}