{
    "C": 0.5699747583368344,
    "gamma": 0.00034683898132803866
}