{
    "C": 7.816956610394551,
    "gamma": 0.0005924471590814097
}