{
    "C": 0.43927656271044346,
    "gamma": 0.002318160668888574
}