{
    "C": 0.17502365387136376,
    "gamma": 0.0027493080651163774
}