{
    "C": 0.6674340799065556,
    "gamma": 0.0025490550505960193
}