{
    "C": 9.977738624788428,
    "gamma": 0.005548475108495862
}