{
    "C": 2.7844458840380346,
    "gamma": 0.018372806533805623
}