{
    "C": 93.79658191801782,
    "gamma": 0.0025651420799308387
}