{
    "C": 5.293299223463644,
    "gamma": 0.03599602038940262
}