{
    "C": 0.14929420159188483,
    "gamma": 0.11469255701761773
}