{
    "C": 88.77407664341389,
    "gamma": 0.0009823426055896687
}