{
    "C": 1.0746346017467043,
    "gamma": 0.0018515361119522808
}