{
    "n_estimators": 10,
    "max_depth": 5,
    "gamma": 0.6730986640299741,
    "subsample": 0.8410290798776188,
    "colsample_bytree": 0.6123478822526959
}