{
    "C": 10.401312615623024,
    "gamma": 0.2870290274770758
}