{
    "C": 1.8028732871388315,
    "gamma": 0.1002771222535751
}