{
    "n_estimators": 40,
    "max_depth": 5,
    "gamma": 0.6596698392618175,
    "subsample": 0.5004060822835216,
    "colsample_bytree": 0.5363394187778174
}