{
    "n_estimators": 40,
    "max_depth": 5,
    "gamma": 0.42352942653612075,
    "subsample": 0.5531120505754769,
    "colsample_bytree": 0.5941885863303761
}