{
    "C": 12.171175251105009,
    "gamma": 0.0030210945543228387
}