{
    "C": 0.13750312153001434,
    "gamma": 0.006375143525136802
}