{
    "n_estimators": 10,
    "max_depth": 5,
    "gamma": 0.4086601366284528,
    "subsample": 0.5475214557694332,
    "colsample_bytree": 0.6040928332156793
}