{
    "C": 19.102982731718622,
    "gamma": 0.04185176654321969
}