{
    "n_estimators": 100,
    "max_depth": 5,
    "gamma": 0.8689309887685425,
    "subsample": 0.7298446607984508,
    "colsample_bytree": 0.7031100275029052
}