{
    "C": 60.688573410748106,
    "gamma": 0.0007181826038101036
}