{
    "n_estimators": 100,
    "max_depth": 20,
    "gamma": 0.8838918768784474,
    "subsample": 0.8193992386928372,
    "colsample_bytree": 0.7070843666478801
}