{
    "n_estimators": 40,
    "max_depth": 5,
    "gamma": 0.3474144730552192,
    "subsample": 0.5181444814558605,
    "colsample_bytree": 0.703905002803392
}