{
    "C": 54.579214468253845,
    "gamma": 0.002642254119046468
}