{
    "C": 21.44592820236891,
    "gamma": 0.0013406871476029972
}