{
    "C": 12.867042365825021,
    "gamma": 0.03035824879476184
}