{
    "C": 85.06273947447951,
    "gamma": 0.00010905316625651363
}