{
    "C": 38.22877851969925,
    "gamma": 0.0004689710601846493
}