{
    "n_estimators": 100,
    "max_depth": 30,
    "gamma": 0.4172196618184573,
    "subsample": 0.7284919293340059,
    "colsample_bytree": 0.8260149833304423
}