{
    "C": 13.771372590493248,
    "gamma": 0.0007960948622109507
}