{
    "C": 88.0454442070191,
    "gamma": 0.00043822635874631646
}