{
    "n_estimators": 10,
    "max_depth": 20,
    "gamma": 0.6916595165017824,
    "subsample": 0.6851755414940176,
    "colsample_bytree": 0.7295464889457157
}