{
    "n_estimators": 40,
    "max_depth": 20,
    "gamma": 0.6643500821697236,
    "subsample": 0.6076588997363731,
    "colsample_bytree": 0.5754850538287481
}