{
    "n_estimators": 100,
    "max_depth": 5,
    "gamma": 0.34565109058554067,
    "subsample": 0.8940181087620663,
    "colsample_bytree": 0.9627298158693121
}