{
    "C": 0.07497514161639052,
    "gamma": 0.009611332388080531
}