{
    "C": 0.011943717788224749,
    "gamma": 0.0011960388186699569
}