{
    "C": 13.360656020944937,
    "gamma": 0.0015550119929728658
}