{
    "C": 0.2181651431434097,
    "gamma": 0.03568070019582098
}