{
    "n_estimators": 100,
    "max_depth": 20,
    "gamma": 0.1118487397978592,
    "subsample": 0.8152788826025983,
    "colsample_bytree": 0.5058560977099519
}