{
    "C": 5.0413336313065,
    "gamma": 0.001825427915874844
}