{
    "n_estimators": 10,
    "max_depth": 30,
    "gamma": 0.3948172633490876,
    "subsample": 0.8987668474917917,
    "colsample_bytree": 0.929051939382539
}