{
    "C": 97.59426194112247,
    "gamma": 0.0011228544781641326
}