{
    "C": 9.921497640955453,
    "gamma": 0.0022122631519129188
}