{
    "C": 11.03396284966128,
    "gamma": 0.12335042122013418
}