{
    "n_estimators": 100,
    "max_depth": 30,
    "gamma": 0.22949948714077437,
    "subsample": 0.9971305362589746,
    "colsample_bytree": 0.5495109385120278
}