{
    "C": 94.31890708338327,
    "gamma": 0.07762031819730968
}