{
    "C": 7.118863777327419,
    "gamma": 0.0020862976743262675
}