{
    "C": 7.470518035048567,
    "gamma": 0.00067784795824241
}