{
    "C": 29.52259201666089,
    "gamma": 0.005370484967689198
}