{
    "C": 43.59074165771603,
    "gamma": 0.020692077984039412
}