{
    "C": 6.469982460921816,
    "gamma": 0.000582009164639594
}