{
    "n_estimators": 40,
    "max_depth": 5,
    "gamma": 0.644709754784832,
    "subsample": 0.5315892059673311,
    "colsample_bytree": 0.9114324574991111
}