{
    "C": 64.21252011072852,
    "gamma": 0.004824222339005972
}