{
    "C": 26.84636425365967,
    "gamma": 0.016662810113872585
}