{
    "C": 42.43697410249649,
    "gamma": 0.0006610186488564359
}