{
    "n_estimators": 100,
    "max_depth": 5,
    "gamma": 0.7513410851996806,
    "subsample": 0.8922856007093234,
    "colsample_bytree": 0.8466378816712838
}