{
    "C": 2.0849828182063597,
    "gamma": 0.012412967307721774
}