{
    "C": 3.5917468409842503,
    "gamma": 0.049679855537794367
}