{
    "C": 43.86921335710124,
    "gamma": 0.0014257776089583343
}