{
    "C": 87.93200078775797,
    "gamma": 0.0016724853267038326
}