{
    "n_estimators": 40,
    "max_depth": 5,
    "gamma": 0.8924714731685711,
    "subsample": 0.9965515137948682,
    "colsample_bytree": 0.6965847039473864
}