{
    "C": 5.302929765723458,
    "gamma": 0.009463502656278346
}