{
    "C": 83.37412280614036,
    "gamma": 0.00011721953764790823
}