{
    "C": 2.53347562343846,
    "gamma": 0.18508681352088935
}