{
    "C": 54.579214468253845,
    "gamma": 0.00025103311409052355
}