{
    "C": 0.03366270589711457,
    "gamma": 0.001068381636160094
}