{
    "C": 0.0856570255568204,
    "gamma": 0.00018781351152057156
}