{
    "C": 3.3971046801113336,
    "gamma": 0.0003921349288314777
}