{
    "C": 99.522335035647,
    "gamma": 0.0354058664651433
}