{
    "n_estimators": 40,
    "max_depth": 20,
    "gamma": 0.4227239760823052,
    "subsample": 0.5003818915558099,
    "colsample_bytree": 0.7849397426688549
}