{
    "C": 18.028229626777108,
    "gamma": 0.001348378001333845
}