{
    "C": 28.80082953324842,
    "gamma": 0.15492496434473849
}