{
    "C": 56.405325583562416,
    "gamma": 0.0038926150269634565
}