{
    "n_estimators": 100,
    "max_depth": 30,
    "gamma": 0.4685600267478107,
    "subsample": 0.6975366609586933,
    "colsample_bytree": 0.8459782976427063
}