{
    "C": 5.929524941571859,
    "gamma": 0.0346426789288854
}