{
    "C": 2.8842438095153238,
    "gamma": 0.00019496322294684795
}