{
    "C": 94.30178239638981,
    "gamma": 0.0008574004922000665
}