{
    "n_estimators": 40,
    "max_depth": 5,
    "gamma": 0.10884944353746728,
    "subsample": 0.5399330302472045,
    "colsample_bytree": 0.5055462686723688
}