{
    "C": 2.9220311223505036,
    "gamma": 0.0105433572110153
}