{
    "C": 94.23602773997864,
    "gamma": 0.0010643109010570646
}