{
    "n_estimators": 100,
    "max_depth": 5,
    "gamma": 0.8985677202801885,
    "subsample": 0.9518085250073189,
    "colsample_bytree": 0.5359705013485815
}