{
    "C": 38.24821481788696,
    "gamma": 0.00124040772043438
}