{
    "C": 2.1075798333418154,
    "gamma": 0.0019616617165952623
}