{
    "C": 41.08310032597932,
    "gamma": 0.0017003893890166558
}