{
    "C": 98.51657040245159,
    "gamma": 0.008287376061501114
}