{
    "n_estimators": 100,
    "max_depth": 5,
    "gamma": 0.9282067086428203,
    "subsample": 0.6322587280550098,
    "colsample_bytree": 0.541440627914123
}