{
    "C": 33.100971497449,
    "gamma": 0.00331842457707904
}