{
    "C": 95.95962855319705,
    "gamma": 0.04327239658228434
}