{
    "C": 97.00887312762225,
    "gamma": 0.023646439646417425
}