{
    "n_estimators": 40,
    "max_depth": 30,
    "gamma": 0.7487633273197036,
    "subsample": 0.8316683031775497,
    "colsample_bytree": 0.8020653441573151
}