{
    "n_estimators": 100,
    "max_depth": 20,
    "gamma": 0.37418863174294636,
    "subsample": 0.5752400565713176,
    "colsample_bytree": 0.8027097267150289
}