{
    "n_estimators": 40,
    "max_depth": 20,
    "gamma": 0.6952073296268243,
    "subsample": 0.6026250733178807,
    "colsample_bytree": 0.5779965949376066
}