{
    "C": 91.13921996661183,
    "gamma": 0.001758083719601733
}