{
    "C": 5.833862882254689,
    "gamma": 0.00013739992180823244
}