{
    "C": 0.013305867350826468,
    "gamma": 0.0003109733979257252
}