{
    "n_estimators": 100,
    "max_depth": 30,
    "gamma": 0.36843991611320054,
    "subsample": 0.9266123964982078,
    "colsample_bytree": 0.5904400222032323
}