{
    "C": 13.627193882644546,
    "gamma": 0.0519448141268748
}