{
    "C": 18.600237499935396,
    "gamma": 0.002146366323719783
}