{
    "C": 11.979991751708782,
    "gamma": 0.09011593209940263
}