{
    "n_estimators": 10,
    "max_depth": 5,
    "gamma": 0.7138844854528348,
    "subsample": 0.9476835786253015,
    "colsample_bytree": 0.7277523788028674
}