{
    "C": 0.21631975482828378,
    "gamma": 0.0007502469581683287
}