{
    "n_estimators": 100,
    "max_depth": 30,
    "gamma": 0.5003180590636183,
    "subsample": 0.9964837447201369,
    "colsample_bytree": 0.7091383638076697
}