{
    "n_estimators": 40,
    "max_depth": 20,
    "gamma": 0.46920845444900006,
    "subsample": 0.5699530461357312,
    "colsample_bytree": 0.9022487860325393
}