{
    "n_estimators": 100,
    "max_depth": 5,
    "gamma": 0.6356469012479808,
    "subsample": 0.5043697149389725,
    "colsample_bytree": 0.8002134791188203
}