{
    "n_estimators": 10,
    "max_depth": 20,
    "gamma": 0.10626253424893489,
    "subsample": 0.8720142864224245,
    "colsample_bytree": 0.8377101531443852
}