{
    "C": 10.276780569238053,
    "gamma": 0.02432334260014006
}