{
    "C": 10.541720045660364,
    "gamma": 0.0007658533279228858
}