{
    "C": 4.797563649142517,
    "gamma": 0.0025266141806027567
}