{
    "C": 0.48445871016483405,
    "gamma": 0.0018003599613446025
}