{
    "C": 2.066034228864322,
    "gamma": 0.03409671622326599
}