{
    "n_estimators": 100,
    "max_depth": 5,
    "gamma": 0.788853003172728,
    "subsample": 0.9502727219953939,
    "colsample_bytree": 0.8751897141241128
}