{
    "n_estimators": 100,
    "max_depth": 5,
    "gamma": 0.6965689268568717,
    "subsample": 0.5876719534592828,
    "colsample_bytree": 0.6956873195776059
}