{
    "C": 0.03322406640024374,
    "gamma": 0.11185729084631725
}