{
    "C": 4.0967239590844775,
    "gamma": 0.11630772905096827
}