{
    "C": 45.961408043067074,
    "gamma": 0.007639098881507377
}