{
    "C": 1.1043275374309833,
    "gamma": 0.03227641139261253
}