{
    "C": 11.208226247369645,
    "gamma": 0.002370173372602351
}