{
    "C": 94.4159101995665,
    "gamma": 0.0073128876898164745
}