{
    "C": 32.490841777520465,
    "gamma": 0.0012491225108842462
}