{
    "C": 33.199276216328734,
    "gamma": 0.0008072481892210287
}