{
    "n_estimators": 100,
    "max_depth": 5,
    "gamma": 0.3971313911800236,
    "subsample": 0.9961764358499778,
    "colsample_bytree": 0.7904722851046513
}