{
    "C": 64.91409797460355,
    "gamma": 0.0002292713511107792
}