{
    "C": 72.43766040973473,
    "gamma": 0.003535185413727113
}