{
    "C": 49.07747233954943,
    "gamma": 0.01130693597010642
}