{
    "n_estimators": 40,
    "max_depth": 5,
    "gamma": 0.21303417696454757,
    "subsample": 0.5616570379457511,
    "colsample_bytree": 0.9960739698581615
}