{
    "C": 69.75762092159552,
    "gamma": 0.013834894227858408
}