{
    "C": 21.352035237173535,
    "gamma": 0.004671995815082102
}