{
    "C": 96.70307070998385,
    "gamma": 0.0035608784146335024
}