{
    "n_estimators": 40,
    "max_depth": 30,
    "gamma": 0.3962257710272775,
    "subsample": 0.9940448116810423,
    "colsample_bytree": 0.5385241216816741
}