{
    "C": 98.36549109081508,
    "gamma": 0.0018785139612777094
}