{
    "n_estimators": 40,
    "max_depth": 5,
    "gamma": 0.4874219364632415,
    "subsample": 0.7011756800186824,
    "colsample_bytree": 0.7613373356762848
}