{
    "C": 41.57939785046752,
    "gamma": 0.0024796065725674124
}