{
    "n_estimators": 40,
    "max_depth": 5,
    "gamma": 0.44446850027368606,
    "subsample": 0.9506080614407093,
    "colsample_bytree": 0.6011824957357589
}