{
    "C": 41.62674329466993,
    "gamma": 0.9992491392604306
}