{
    "n_estimators": 10,
    "max_depth": 30,
    "gamma": 0.2128903010212823,
    "subsample": 0.657812266797096,
    "colsample_bytree": 0.5372715930744597
}