{
    "C": 7.0132961862211,
    "gamma": 0.06590553103196381
}