{
    "C": 94.4513934820795,
    "gamma": 0.0007940792415179682
}