{
    "n_estimators": 100,
    "max_depth": 5,
    "gamma": 0.9575004347741041,
    "subsample": 0.7932037667045787,
    "colsample_bytree": 0.5138613466239843
}