{
    "n_estimators": 10,
    "max_depth": 20,
    "gamma": 0.45553744661206264,
    "subsample": 0.8287179447154397,
    "colsample_bytree": 0.547132536568481
}