{
    "n_estimators": 100,
    "max_depth": 5,
    "gamma": 0.4671616580729029,
    "subsample": 0.6558301434935337,
    "colsample_bytree": 0.6510121625594905
}