{
    "C": 0.026282955063648923,
    "gamma": 0.0024590352298698246
}