{
    "C": 2.812762161363793,
    "gamma": 0.06859491719594749
}