{
    "C": 0.04077866315633134,
    "gamma": 0.0005687616881623567
}