{
    "C": 36.076289307238156,
    "gamma": 0.004160303539411552
}