{
    "n_estimators": 100,
    "max_depth": 5,
    "gamma": 0.7103887022405403,
    "subsample": 0.9977873796223793,
    "colsample_bytree": 0.882278925379903
}