{
    "C": 31.12439091934494,
    "gamma": 0.04710263442746423
}