{
    "n_estimators": 40,
    "max_depth": 20,
    "gamma": 0.837923928252582,
    "subsample": 0.8943910200313455,
    "colsample_bytree": 0.815479657978966
}