{
    "C": 2.2980740931800674,
    "gamma": 0.04653852691711372
}