{
    "C": 0.44082800496416064,
    "gamma": 0.0832109912457951
}