{
    "C": 20.171962039727873,
    "gamma": 0.04057288920540699
}