{
    "C": 2.559095858622575,
    "gamma": 0.0005775061226810949
}