{
    "n_estimators": 100,
    "max_depth": 20,
    "gamma": 0.712367594657266,
    "subsample": 0.8204536451844836,
    "colsample_bytree": 0.8810094054474
}