{
    "C": 1.140881844442345,
    "gamma": 0.005706471359266515
}