{
    "C": 67.71722565034932,
    "gamma": 0.005760574607478775
}