{
    "C": 49.45778738140627,
    "gamma": 0.006313750953617772
}