{
    "C": 0.5656733313644114,
    "gamma": 0.08780685564625502
}