{
    "C": 3.3962804674871263,
    "gamma": 0.0009862206041654164
}