{
    "C": 3.4532766715496153,
    "gamma": 0.0032404414802078532
}