{
    "C": 22.92181196574436,
    "gamma": 0.01118748366606513
}