{
    "C": 84.99742948835292,
    "gamma": 0.0004669142203730012
}