{
    "C": 45.19668240400522,
    "gamma": 0.02227889476978007
}