{
    "C": 82.48269270223989,
    "gamma": 0.003941921964832231
}