{
    "n_estimators": 100,
    "max_depth": 5,
    "gamma": 0.35826708040513955,
    "subsample": 0.5614497574594772,
    "colsample_bytree": 0.5010817709501688
}