{
    "C": 0.9974632842411775,
    "gamma": 0.014847987997864394
}