{
    "C": 0.04227103446181777,
    "gamma": 0.007580401337155916
}