{
    "C": 13.324712010267737,
    "gamma": 0.051936974987284605
}