{
    "C": 56.405325583562416,
    "gamma": 0.0035684542856495058
}