{
    "C": 4.080287631110717,
    "gamma": 0.08246961609158088
}