{
    "n_estimators": 40,
    "max_depth": 20,
    "gamma": 0.8757501313319308,
    "subsample": 0.5106639677408287,
    "colsample_bytree": 0.7978587578699391
}