{
    "C": 68.81677764345197,
    "gamma": 0.0028748345051151877
}