{
    "n_estimators": 40,
    "max_depth": 5,
    "gamma": 0.3207582417648058,
    "subsample": 0.5091640219287279,
    "colsample_bytree": 0.6983042295474611
}