{
    "C": 0.01057637808730753,
    "gamma": 0.017996353617208135
}