{
    "C": 7.764156863186912,
    "gamma": 0.000582009164639594
}