{
    "C": 6.2887909173428085,
    "gamma": 0.0003615308624139308
}