{
    "n_estimators": 10,
    "max_depth": 30,
    "gamma": 0.45457815849942634,
    "subsample": 0.7993711742940883,
    "colsample_bytree": 0.7938574043823914
}