{
    "C": 10.195777028364471,
    "gamma": 0.06554154047988604
}