{
    "C": 24.231066127556964,
    "gamma": 0.00604816570180994
}