{
    "C": 8.185817877184624,
    "gamma": 0.012380135175278435
}