{
    "C": 14.156011058330348,
    "gamma": 0.006004923681977894
}