{
    "C": 0.36923517955092133,
    "gamma": 0.004131938688184146
}