{
    "C": 6.803749953010462,
    "gamma": 0.0028651690224917536
}