{
    "n_estimators": 10,
    "max_depth": 5,
    "gamma": 0.8171698892437806,
    "subsample": 0.9683640491533567,
    "colsample_bytree": 0.7725252932091525
}