{
    "C": 4.9382991164584755,
    "gamma": 0.16502453332371705
}