{
    "C": 16.171055002239008,
    "gamma": 0.0003549544820839168
}