{
    "C": 38.155860638380666,
    "gamma": 0.00028147473521904866
}