{
    "C": 99.3869856505306,
    "gamma": 0.012767654271008557
}