{
    "n_estimators": 10,
    "max_depth": 5,
    "gamma": 0.21529836880467582,
    "subsample": 0.7866780000150688,
    "colsample_bytree": 0.6028326107938505
}