{
    "C": 52.17119750143401,
    "gamma": 0.0020112580747172213
}