{
    "n_estimators": 100,
    "max_depth": 20,
    "gamma": 0.10953521863163096,
    "subsample": 0.9154921017570791,
    "colsample_bytree": 0.5081790317427213
}