{
    "C": 48.086068369986165,
    "gamma": 0.007177199010634658
}