{
    "C": 32.38362284634074,
    "gamma": 0.012595712996548526
}