{
    "C": 18.703096204756395,
    "gamma": 0.03758940343244848
}