{
    "C": 46.28808643727997,
    "gamma": 0.005056483569856593
}