{
    "C": 0.8241428202621838,
    "gamma": 0.0036177289952045687
}