{
    "n_estimators": 100,
    "max_depth": 30,
    "gamma": 0.3428442410606961,
    "subsample": 0.6383849002963743,
    "colsample_bytree": 0.8526350644776497
}