{
    "C": 0.022398715914685337,
    "gamma": 0.0027354981865394218
}