{
    "n_estimators": 40,
    "max_depth": 20,
    "gamma": 0.777901018065904,
    "subsample": 0.7955575986132284,
    "colsample_bytree": 0.507712936602904
}