{
    "C": 2.484746874462049,
    "gamma": 0.06446531059436511
}