{
    "n_estimators": 100,
    "max_depth": 5,
    "gamma": 0.3789123407184686,
    "subsample": 0.9254365512432434,
    "colsample_bytree": 0.9191140104793439
}