{
    "n_estimators": 100,
    "max_depth": 20,
    "gamma": 0.7133350354831405,
    "subsample": 0.9164181059630803,
    "colsample_bytree": 0.7968213248523569
}