{
    "C": 31.19953110895325,
    "gamma": 0.0010294881770652443
}