{
    "n_estimators": 100,
    "max_depth": 5,
    "gamma": 0.437176274653923,
    "subsample": 0.5831749425373656,
    "colsample_bytree": 0.5900135883920216
}