{
    "n_estimators": 10,
    "max_depth": 30,
    "gamma": 0.49917182585904435,
    "subsample": 0.9607714559609926,
    "colsample_bytree": 0.8788335896102186
}