{
    "C": 1.0856662154039018,
    "gamma": 0.13856729675152474
}