{
    "C": 18.691597953333464,
    "gamma": 0.0034200905995170165
}