{
    "C": 0.3145663698631692,
    "gamma": 0.038216898428983424
}