{
    "n_estimators": 40,
    "max_depth": 5,
    "gamma": 0.32866165506924183,
    "subsample": 0.7862031061400209,
    "colsample_bytree": 0.8797669896043536
}