{
    "C": 7.068727079222193,
    "gamma": 0.001278813477342155
}