{
    "C": 2.3347101728044666,
    "gamma": 0.03361284565834126
}