{
    "n_estimators": 40,
    "max_depth": 5,
    "gamma": 0.3307025398933852,
    "subsample": 0.7637062537289494,
    "colsample_bytree": 0.5393136350751978
}