{
    "C": 0.02009680203795739,
    "gamma": 0.10527818045462897
}