{
    "C": 15.39844236325242,
    "gamma": 0.003944545815712377
}