{
    "C": 3.552952572865557,
    "gamma": 0.003735242826896774
}