{
    "n_estimators": 10,
    "max_depth": 30,
    "gamma": 0.2943463068072599,
    "subsample": 0.8910856426818985,
    "colsample_bytree": 0.5043707211936768
}