{
    "n_estimators": 40,
    "max_depth": 30,
    "gamma": 0.39516733283015965,
    "subsample": 0.5342357084092502,
    "colsample_bytree": 0.678068569166966
}