{
    "C": 26.521239945196093,
    "gamma": 0.004707770292579461
}