{
    "n_estimators": 100,
    "max_depth": 5,
    "gamma": 0.27792811776809306,
    "subsample": 0.835507487870913,
    "colsample_bytree": 0.8040698032166099
}