{
    "C": 8.283511630032288,
    "gamma": 0.0029155248255569944
}