{
    "C": 54.66506399112665,
    "gamma": 0.01010580190394077
}