{
    "C": 53.866827560845124,
    "gamma": 0.014636199441395497
}