{
    "C": 0.06010606168080533,
    "gamma": 0.0019586071056851236
}