{
    "C": 27.774061404252322,
    "gamma": 0.004354440959656561
}