{
    "C": 51.266112813240426,
    "gamma": 0.008740387493971633
}