{
    "C": 52.089845002376876,
    "gamma": 0.007475973861240542
}