{
    "C": 57.0709665882387,
    "gamma": 0.008979681227932483
}