{
    "C": 19.11739458031734,
    "gamma": 0.005872969559337214
}