{
    "n_estimators": 40,
    "max_depth": 5,
    "gamma": 0.854523827543352,
    "subsample": 0.8940181087620663,
    "colsample_bytree": 0.9967341999322381
}