{
    "n_estimators": 100,
    "max_depth": 30,
    "gamma": 0.7676730074996729,
    "subsample": 0.8169483930008792,
    "colsample_bytree": 0.8075782093769028
}