{
    "n_estimators": 100,
    "max_depth": 5,
    "gamma": 0.10086358931446653,
    "subsample": 0.9374481434541365,
    "colsample_bytree": 0.9479768731945256
}