{
    "C": 0.1812033969868496,
    "gamma": 0.0037188946604629963
}