{
    "C": 7.9789306657083285,
    "gamma": 0.0002503672770616036
}