{
    "n_estimators": 10,
    "max_depth": 30,
    "gamma": 0.913215019992025,
    "subsample": 0.9329090632401698,
    "colsample_bytree": 0.9651952278808831
}