{
    "C": 5.837065454852351,
    "gamma": 0.001049347942938289
}