{
    "C": 60.01415021399694,
    "gamma": 0.006979039740174068
}