{
    "C": 1.5570703748684478,
    "gamma": 0.00578820326592972
}