{
    "C": 0.5372693621336373,
    "gamma": 0.00957938616334894
}