{
    "n_estimators": 40,
    "max_depth": 30,
    "gamma": 0.37591229713854313,
    "subsample": 0.9658153968917083,
    "colsample_bytree": 0.6154744737123631
}