{
    "C": 15.84909074198619,
    "gamma": 0.01105930741354476
}