{
    "C": 0.7651684587804628,
    "gamma": 0.04773889900100969
}