{
    "n_estimators": 100,
    "max_depth": 5,
    "gamma": 0.6005383637266857,
    "subsample": 0.7380902795397621,
    "colsample_bytree": 0.6197095859868871
}