{
    "C": 29.809642358947116,
    "gamma": 0.00010721730854005715
}