{
    "C": 73.14040788468016,
    "gamma": 0.0011178094602157474
}