{
    "n_estimators": 40,
    "max_depth": 30,
    "gamma": 0.8024164574469201,
    "subsample": 0.5514350152776162,
    "colsample_bytree": 0.8675537684322623
}