{
    "C": 3.884752048246487,
    "gamma": 0.0014353534215827638
}