{
    "C": 0.08654360110682979,
    "gamma": 0.0010468835623207446
}