{
    "C": 26.055605528320903,
    "gamma": 0.009483034914203468
}