{
    "C": 42.12087541201016,
    "gamma": 0.004123441012240581
}