{
    "C": 27.496564789294712,
    "gamma": 0.19360884608677462
}