{
    "C": 15.643325551694408,
    "gamma": 0.012157526857553133
}