{
    "C": 31.52904423954896,
    "gamma": 0.0025804967460316673
}