{
    "C": 95.58962601482536,
    "gamma": 0.002410863957400309
}