{
    "n_estimators": 40,
    "max_depth": 5,
    "gamma": 0.31961604674878713,
    "subsample": 0.7155841935847673,
    "colsample_bytree": 0.9163442041721999
}