{
    "C": 8.658902309533907,
    "gamma": 0.09914832930087754
}