{
    "C": 0.31956930428763136,
    "gamma": 0.03366641829774833
}