{
    "C": 48.48592657711038,
    "gamma": 0.008842386002819847
}