{
    "n_estimators": 100,
    "max_depth": 30,
    "gamma": 0.2952138443146296,
    "subsample": 0.6640084638543831,
    "colsample_bytree": 0.8651128627612263
}