{
    "C": 0.48455598330383887,
    "gamma": 0.04170279840269728
}