{
    "C": 42.994578055359185,
    "gamma": 0.008529147184681094
}