{
    "C": 34.942244919712635,
    "gamma": 0.00031520193332638035
}