{
    "C": 94.22404005694003,
    "gamma": 0.0007221375428887583
}