{
    "C": 18.8302571805388,
    "gamma": 0.012991142037283224
}