{
    "n_estimators": 100,
    "max_depth": 5,
    "gamma": 0.802854449603511,
    "subsample": 0.7198154761090511,
    "colsample_bytree": 0.6857464074669726
}