{
    "n_estimators": 100,
    "max_depth": 5,
    "gamma": 0.633374871829946,
    "subsample": 0.9108426149452074,
    "colsample_bytree": 0.6718359968026902
}