{
    "C": 49.135460464759625,
    "gamma": 0.0022284683607153694
}