{
    "n_estimators": 100,
    "max_depth": 30,
    "gamma": 0.15813912455139084,
    "subsample": 0.8506360628433484,
    "colsample_bytree": 0.8657455835467268
}