{
    "C": 29.306649841642823,
    "gamma": 0.026265887110568088
}