{
    "C": 8.56111253589447,
    "gamma": 0.010910338585549753
}