{
    "C": 87.21998046977028,
    "gamma": 0.0015573062962550724
}