{
    "C": 20.79354373776391,
    "gamma": 0.016467861001600734
}