{
    "n_estimators": 100,
    "max_depth": 5,
    "gamma": 0.3388094178411035,
    "subsample": 0.8240857346997966,
    "colsample_bytree": 0.6459869877941459
}