{
    "C": 5.0413336313065,
    "gamma": 0.02765880576491975
}