{
    "C": 2.1325142075775787,
    "gamma": 0.00031560359827987797
}