{
    "C": 38.6829356676366,
    "gamma": 0.001878171810847862
}