{
    "n_estimators": 40,
    "max_depth": 5,
    "gamma": 0.7280675696012222,
    "subsample": 0.6501162750724356,
    "colsample_bytree": 0.5540369277643974
}