{
    "C": 86.61274303419363,
    "gamma": 0.007506137018335712
}