{
    "C": 95.62913210931845,
    "gamma": 0.002503143958444715
}