{
    "C": 0.9029790899203942,
    "gamma": 0.0004305147737246345
}