{
    "n_estimators": 10,
    "max_depth": 30,
    "gamma": 0.8622071787274601,
    "subsample": 0.7913106427611017,
    "colsample_bytree": 0.9374718550835441
}