{
    "C": 39.50034422929923,
    "gamma": 0.0012515143977438648
}