{
    "n_estimators": 100,
    "max_depth": 5,
    "gamma": 0.639909409011685,
    "subsample": 0.6439335231113358,
    "colsample_bytree": 0.7035123294284238
}