{
    "C": 83.88435620724889,
    "gamma": 0.00026197787418971166
}