{
    "C": 8.344935019783211,
    "gamma": 0.0017432090040826558
}