{
    "C": 0.5554579357309956,
    "gamma": 0.05736986231898443
}