{
    "C": 6.651672062225244,
    "gamma": 0.0019032997143555103
}