{
    "C": 0.29026000194944296,
    "gamma": 0.011041664001965566
}