{
    "n_estimators": 100,
    "max_depth": 20,
    "gamma": 0.30949910298863925,
    "subsample": 0.8961237565758147,
    "colsample_bytree": 0.8373150317004258
}