{
    "C": 27.774061404252322,
    "gamma": 0.0017018995339791905
}