{
    "C": 0.21540155743450096,
    "gamma": 0.007584250632791901
}