{
    "C": 98.72939609906682,
    "gamma": 0.015226568036678136
}