{
    "C": 6.269157092703865,
    "gamma": 0.03451463054280321
}