{
    "C": 6.257913640897913,
    "gamma": 0.01954516145303057
}