{
    "C": 0.24210528142701485,
    "gamma": 0.06704658231662845
}