{
    "n_estimators": 100,
    "max_depth": 30,
    "gamma": 0.161097029323925,
    "subsample": 0.6053295589652219,
    "colsample_bytree": 0.6436482132560067
}