{
    "C": 47.4754743905372,
    "gamma": 0.001441751660589025
}