{
    "C": 51.36668383982271,
    "gamma": 0.020386253718317145
}