{
    "C": 83.7437472613982,
    "gamma": 0.00011513701299795556
}