{
    "n_estimators": 40,
    "max_depth": 5,
    "gamma": 0.31378924483134724,
    "subsample": 0.5106780397676763,
    "colsample_bytree": 0.8828679494623434
}