{
    "C": 16.5097873616893,
    "gamma": 0.00772740147458188
}