{
    "n_estimators": 40,
    "max_depth": 30,
    "gamma": 0.37623720730832744,
    "subsample": 0.9343750582716349,
    "colsample_bytree": 0.5688375562733012
}