{
    "C": 0.11002647444964338,
    "gamma": 0.005638159045776476
}