{
    "C": 43.99089406583955,
    "gamma": 0.019922691287573492
}