{
    "n_estimators": 40,
    "max_depth": 30,
    "gamma": 0.7487633273197036,
    "subsample": 0.8189975118962511,
    "colsample_bytree": 0.6959282646022784
}