{
    "C": 16.077364115789013,
    "gamma": 0.009990083164428227
}