{
    "C": 0.09530029717504984,
    "gamma": 0.09903925202118335
}