{
    "C": 42.89035990594846,
    "gamma": 0.0029082504720952247
}