{
    "n_estimators": 100,
    "max_depth": 20,
    "gamma": 0.7032270127011545,
    "subsample": 0.9899457651138078,
    "colsample_bytree": 0.796633869548603
}