{
    "C": 18.131634519374543,
    "gamma": 0.0001675742370307373
}