{
    "C": 56.92161705503676,
    "gamma": 0.006584142341112511
}