{
    "C": 4.479327467530747,
    "gamma": 0.0009948266702723418
}