{
    "n_estimators": 100,
    "max_depth": 5,
    "gamma": 0.8151414859509578,
    "subsample": 0.9550610491691969,
    "colsample_bytree": 0.554733622209625
}