{
    "C": 0.38577696277518764,
    "gamma": 0.0026350603966721147
}