{
    "C": 0.12303542118993988,
    "gamma": 0.00010462914855586294
}