{
    "C": 97.93278503924107,
    "gamma": 0.001427995176333955
}