{
    "C": 0.30492353356124235,
    "gamma": 0.04460948375011146
}