{
    "C": 91.13921996661183,
    "gamma": 0.0017749442977451858
}