{
    "C": 61.21016690618681,
    "gamma": 0.009611332388080531
}