{
    "C": 45.99714558089347,
    "gamma": 0.0009997844432136917
}