{
    "n_estimators": 100,
    "max_depth": 5,
    "gamma": 0.4677815912037653,
    "subsample": 0.5092555447804211,
    "colsample_bytree": 0.6621867061430518
}