{
    "n_estimators": 100,
    "max_depth": 5,
    "gamma": 0.45919469152689657,
    "subsample": 0.9446472725245293,
    "colsample_bytree": 0.9308311780264422
}