{
    "C": 94.9521510328347,
    "gamma": 0.0036622438902278063
}