{
    "C": 44.48867685737029,
    "gamma": 0.0020270656495978683
}