{
    "C": 32.887454292781875,
    "gamma": 0.012316153942342476
}