{
    "C": 7.435571796220913,
    "gamma": 0.0005655754439382459
}