{
    "C": 3.327760783629883,
    "gamma": 0.005730108321933667
}