{
    "C": 66.78412025555947,
    "gamma": 0.0014681805602331536
}