{
    "C": 97.70088848039401,
    "gamma": 0.00011104825581169241
}