{
    "C": 23.99991330281463,
    "gamma": 0.020221805292387623
}