{
    "C": 0.7517931486547414,
    "gamma": 0.02887931011747769
}