{
    "n_estimators": 40,
    "max_depth": 20,
    "gamma": 0.4020943642121403,
    "subsample": 0.8442739932889016,
    "colsample_bytree": 0.994634143507863
}