{
    "C": 4.394894136519091,
    "gamma": 0.13936322589722802
}