{
    "n_estimators": 100,
    "max_depth": 30,
    "gamma": 0.43381052511244705,
    "subsample": 0.6822507346378451,
    "colsample_bytree": 0.5448036005130706
}