{
    "n_estimators": 40,
    "max_depth": 30,
    "gamma": 0.6223954336002551,
    "subsample": 0.6287135389242071,
    "colsample_bytree": 0.9015884723384824
}