{
    "C": 0.6924427469257683,
    "gamma": 0.040927594155787686
}