{
    "C": 13.939602150034885,
    "gamma": 0.00791248307145134
}