{
    "C": 96.70307070998385,
    "gamma": 0.17915916686565578
}