{
    "n_estimators": 100,
    "max_depth": 30,
    "gamma": 0.7744755463597414,
    "subsample": 0.6692435560974034,
    "colsample_bytree": 0.652224368154789
}