{
    "n_estimators": 100,
    "max_depth": 5,
    "gamma": 0.989222763640501,
    "subsample": 0.5960663628814323,
    "colsample_bytree": 0.68559118293406
}