{
    "n_estimators": 10,
    "max_depth": 30,
    "gamma": 0.7712416579804562,
    "subsample": 0.9964736395340479,
    "colsample_bytree": 0.5127669996644397
}