{
    "C": 15.94726197776856,
    "gamma": 0.0027362081975058268
}