{
    "C": 0.6217441808277717,
    "gamma": 0.00935638535958938
}