{
    "C": 2.2385887914532985,
    "gamma": 0.0005035322292145843
}