{
    "C": 0.03364484755032396,
    "gamma": 0.0006344004822646731
}