{
    "n_estimators": 10,
    "max_depth": 20,
    "gamma": 0.48174279936552766,
    "subsample": 0.9861486016466865,
    "colsample_bytree": 0.5495570027450881
}