{
    "C": 9.610263641308233,
    "gamma": 0.011546640415584833
}