{
    "C": 12.109554410355392,
    "gamma": 0.0003222877895772264
}