{
    "C": 36.23834553660181,
    "gamma": 0.003699339991761332
}