{
    "C": 0.38671498056977704,
    "gamma": 0.0016084142001276686
}