{
    "n_estimators": 10,
    "max_depth": 30,
    "gamma": 0.5092618699286561,
    "subsample": 0.9987048615397089,
    "colsample_bytree": 0.7267270689165225
}