{
    "C": 5.269653192908751,
    "gamma": 0.8995520334186642
}