{
    "n_estimators": 100,
    "max_depth": 5,
    "gamma": 0.776564892896443,
    "subsample": 0.6968689050111856,
    "colsample_bytree": 0.5330455893907917
}