{
    "C": 16.43239873728866,
    "gamma": 0.00018323629585262105
}