{
    "C": 19.932715685830892,
    "gamma": 0.02609118499352996
}