{
    "n_estimators": 40,
    "max_depth": 5,
    "gamma": 0.8469734328727018,
    "subsample": 0.5146749793878775,
    "colsample_bytree": 0.9861979232928839
}