{
    "n_estimators": 40,
    "max_depth": 30,
    "gamma": 0.275254765719957,
    "subsample": 0.7941883466190568,
    "colsample_bytree": 0.5007817918990696
}