{
    "C": 2.2287597633222336,
    "gamma": 0.06626025140648731
}