{
    "n_estimators": 100,
    "max_depth": 30,
    "gamma": 0.3273879186161104,
    "subsample": 0.6887411303961014,
    "colsample_bytree": 0.9715083346653923
}