{
    "C": 0.08294010247628687,
    "gamma": 0.038687967062924385
}