{
    "C": 0.14378067558769506,
    "gamma": 0.00604816570180994
}