{
    "n_estimators": 40,
    "max_depth": 5,
    "gamma": 0.6859198023311535,
    "subsample": 0.9417026579363892,
    "colsample_bytree": 0.6785292463755752
}