{
    "C": 1.1574518842841859,
    "gamma": 0.008283011257107495
}