{
    "C": 6.560936949146117,
    "gamma": 0.018976515854379063
}