{
    "n_estimators": 100,
    "max_depth": 20,
    "gamma": 0.9667549865300402,
    "subsample": 0.514960172687666,
    "colsample_bytree": 0.9319838590894796
}