{
    "n_estimators": 100,
    "max_depth": 5,
    "gamma": 0.22066372796780276,
    "subsample": 0.6552889897110041,
    "colsample_bytree": 0.9237852110827951
}