{
    "C": 2.1440897778098122,
    "gamma": 0.0006833868551389329
}