{
    "C": 4.4958946228680166,
    "gamma": 0.012999792142910782
}