{
    "n_estimators": 100,
    "max_depth": 5,
    "gamma": 0.11747018931448144,
    "subsample": 0.6596333468942176,
    "colsample_bytree": 0.6143254036394923
}