{
    "C": 38.43405452217163,
    "gamma": 0.003561340218616649
}