{
    "n_estimators": 40,
    "max_depth": 20,
    "gamma": 0.7280365272174666,
    "subsample": 0.5684412193239834,
    "colsample_bytree": 0.9230313382965105
}