{
    "n_estimators": 40,
    "max_depth": 5,
    "gamma": 0.25464628459886485,
    "subsample": 0.8923129287293506,
    "colsample_bytree": 0.5149869950896858
}