{
    "C": 54.33778457502623,
    "gamma": 0.002871861673789843
}