{
    "C": 98.17879044951152,
    "gamma": 0.0031968398463606937
}