{
    "n_estimators": 100,
    "max_depth": 30,
    "gamma": 0.26969270907557097,
    "subsample": 0.7631066598253892,
    "colsample_bytree": 0.9767796773095255
}