{
    "C": 2.5601121336196004,
    "gamma": 0.010712155010649706
}