{
    "n_estimators": 10,
    "max_depth": 20,
    "gamma": 0.8802135455810169,
    "subsample": 0.7881077919268655,
    "colsample_bytree": 0.602550791140821
}