{
    "C": 0.6224384320148866,
    "gamma": 0.00044361525722246985
}