{
    "C": 41.309615965479146,
    "gamma": 0.01206074891094233
}