{
    "C": 89.57620309173001,
    "gamma": 0.011690608875488315
}