{
    "C": 9.769730610816103,
    "gamma": 0.25267613360701413
}