{
    "C": 52.39898543255597,
    "gamma": 0.003202122229447846
}