{
    "n_estimators": 40,
    "max_depth": 5,
    "gamma": 0.3851209698407902,
    "subsample": 0.9920921706040369,
    "colsample_bytree": 0.573600367731104
}