{
    "C": 0.01392091408521042,
    "gamma": 0.09824887019397631
}