{
    "C": 7.909251394031467,
    "gamma": 0.00010703891395238094
}