{
    "n_estimators": 40,
    "max_depth": 30,
    "gamma": 0.15813912455139084,
    "subsample": 0.6109744065191631,
    "colsample_bytree": 0.6913522837428786
}