{
    "C": 0.021280175060558255,
    "gamma": 0.8837164990052544
}