{
    "C": 10.92940169603642,
    "gamma": 0.06106281159506034
}