{
    "C": 3.5198299032672375,
    "gamma": 0.007694159231291926
}