{
    "C": 0.041282437754374325,
    "gamma": 0.004903623831661177
}