{
    "C": 0.7470450167043478,
    "gamma": 0.01275996323730416
}