{
    "C": 10.764054855045954,
    "gamma": 0.029236173248017513
}