{
    "n_estimators": 100,
    "max_depth": 5,
    "gamma": 0.33886385672513597,
    "subsample": 0.8355013852277964,
    "colsample_bytree": 0.8293027749288594
}