{
    "C": 32.38442313019313,
    "gamma": 0.002591393334591481
}