{
    "C": 0.01992708840867953,
    "gamma": 0.001907190425595515
}