{
    "n_estimators": 10,
    "max_depth": 5,
    "gamma": 0.11701644856579113,
    "subsample": 0.9279363521509754,
    "colsample_bytree": 0.6495128801845985
}