{
    "C": 27.496564789294712,
    "gamma": 0.039864057758542445
}