{
    "n_estimators": 10,
    "max_depth": 5,
    "gamma": 0.998239283521579,
    "subsample": 0.5213108326630028,
    "colsample_bytree": 0.6219407391390005
}