{
    "C": 40.50162204273058,
    "gamma": 0.014845400934799196
}