{
    "C": 83.63700468575996,
    "gamma": 0.003625089360328792
}