{
    "C": 0.05867149389715484,
    "gamma": 0.052622773150902746
}