{
    "C": 54.02332831408653,
    "gamma": 0.01150053823574161
}