{
    "C": 22.8875654763768,
    "gamma": 0.0019038755228602123
}