{
    "C": 95.00329993742754,
    "gamma": 0.03693846192335374
}