{
    "n_estimators": 10,
    "max_depth": 5,
    "gamma": 0.8683886533071236,
    "subsample": 0.8131913581314183,
    "colsample_bytree": 0.6740228598586924
}