{
    "C": 0.5857806275089691,
    "gamma": 0.06930940224055147
}