{
    "C": 0.15685281772138507,
    "gamma": 0.35508786052041785
}