{
    "n_estimators": 100,
    "max_depth": 20,
    "gamma": 0.8646494945572152,
    "subsample": 0.9983869660807833,
    "colsample_bytree": 0.7070843666478801
}