{
    "n_estimators": 40,
    "max_depth": 5,
    "gamma": 0.26708587040461856,
    "subsample": 0.5599588245887153,
    "colsample_bytree": 0.636229149856507
}