{
    "n_estimators": 100,
    "max_depth": 30,
    "gamma": 0.6343920775539459,
    "subsample": 0.5106683207593217,
    "colsample_bytree": 0.990133793439585
}