{
    "C": 0.21194394559928165,
    "gamma": 0.040449453274008076
}