{
    "C": 19.309268374942853,
    "gamma": 0.0024614550586273087
}