{
    "C": 63.65845976154302,
    "gamma": 0.00014288725836502733
}