{
    "C": 0.3240067643717419,
    "gamma": 0.05131610762516614
}