{
    "C": 11.479904593366092,
    "gamma": 0.14959318771360236
}