{
    "n_estimators": 40,
    "max_depth": 30,
    "gamma": 0.2471373248977181,
    "subsample": 0.6687638303755926,
    "colsample_bytree": 0.6804465353594997
}