{
    "C": 34.59833042407838,
    "gamma": 0.0005351684379111215
}