{
    "C": 72.03724474898233,
    "gamma": 0.002975284864047601
}