{
    "C": 11.027069199632516,
    "gamma": 0.01763421592827571
}