{
    "n_estimators": 40,
    "max_depth": 5,
    "gamma": 0.4095789718934539,
    "subsample": 0.886059682729118,
    "colsample_bytree": 0.7406156410578958
}