{
    "C": 15.288047026583447,
    "gamma": 0.08525982512581666
}