{
    "C": 90.67898241812792,
    "gamma": 0.05465474488817355
}