{
    "n_estimators": 100,
    "max_depth": 5,
    "gamma": 0.41447584217385103,
    "subsample": 0.7599494189978411,
    "colsample_bytree": 0.6293040204389045
}