{
    "C": 94.4159101995665,
    "gamma": 0.0050908556905984725
}