{
    "C": 3.4938729344679955,
    "gamma": 0.012999792142910782
}