{
    "n_estimators": 10,
    "max_depth": 5,
    "gamma": 0.12156072247354491,
    "subsample": 0.7373423778137582,
    "colsample_bytree": 0.9985984706962314
}