{
    "C": 95.82294847484953,
    "gamma": 0.0002816603605901651
}