{
    "n_estimators": 40,
    "max_depth": 5,
    "gamma": 0.7160211129082805,
    "subsample": 0.7023167916944438,
    "colsample_bytree": 0.5362671250310587
}