{
    "C": 49.07408511646416,
    "gamma": 0.0047981135235072485
}