{
    "n_estimators": 100,
    "max_depth": 5,
    "gamma": 0.7752068166911383,
    "subsample": 0.9988376683923762,
    "colsample_bytree": 0.5032198438087769
}