{
    "C": 0.5105971429390127,
    "gamma": 0.006057007041542768
}