{
    "C": 0.17086784089138335,
    "gamma": 0.0005769652217205196
}