{
    "C": 9.976839643208514,
    "gamma": 0.00538920053588738
}