{
    "C": 48.30738345918647,
    "gamma": 0.001702033885410687
}