{
    "C": 37.77510266802166,
    "gamma": 0.010203407358040538
}