{
    "C": 4.9533802357136,
    "gamma": 0.0002146315850309747
}