{
    "C": 7.206370401183872,
    "gamma": 0.000582009164639594
}