{
    "C": 95.94902329216782,
    "gamma": 0.054402570818411836
}