{
    "C": 1.7714143880930302,
    "gamma": 0.004195514011926143
}