{
    "n_estimators": 100,
    "max_depth": 20,
    "gamma": 0.15335717294058981,
    "subsample": 0.8275888080409823,
    "colsample_bytree": 0.8809973326118652
}