{
    "C": 45.37662178238994,
    "gamma": 0.0008269103885923957
}