{
    "C": 0.026679641729854306,
    "gamma": 0.05398627147337397
}