{
    "n_estimators": 10,
    "max_depth": 30,
    "gamma": 0.39447124993321514,
    "subsample": 0.7310836724825698,
    "colsample_bytree": 0.7196015618983793
}