{
    "n_estimators": 100,
    "max_depth": 5,
    "gamma": 0.626711129198294,
    "subsample": 0.7001853800090055,
    "colsample_bytree": 0.712752570473077
}