{
    "C": 94.08636118408542,
    "gamma": 0.018475511001985658
}