{
    "C": 98.26540450742387,
    "gamma": 0.003912471996035762
}