{
    "C": 0.03647405950243481,
    "gamma": 0.0042407581008227935
}