{
    "n_estimators": 100,
    "max_depth": 30,
    "gamma": 0.6910489700646023,
    "subsample": 0.8374243623944834,
    "colsample_bytree": 0.7905542564533357
}