{
    "C": 1.630594517908127,
    "gamma": 0.008568903195618875
}