{
    "C": 0.013038207427459637,
    "gamma": 0.07978991187058412
}