{
    "C": 43.936910829314655,
    "gamma": 0.007706508381137941
}