{
    "n_estimators": 100,
    "max_depth": 5,
    "gamma": 0.45877778302962907,
    "subsample": 0.9161045929376819,
    "colsample_bytree": 0.5933804629381425
}