{
    "n_estimators": 100,
    "max_depth": 30,
    "gamma": 0.10509911571901619,
    "subsample": 0.9571673466435995,
    "colsample_bytree": 0.6600610678103548
}