{
    "C": 0.16619628771824985,
    "gamma": 0.02216308099744127
}