{
    "C": 0.7649240424240609,
    "gamma": 0.006456603345991236
}