{
    "n_estimators": 40,
    "max_depth": 5,
    "gamma": 0.21685752449853432,
    "subsample": 0.8228743707519317,
    "colsample_bytree": 0.7236816952042269
}