{
    "C": 80.75323925372392,
    "gamma": 0.002844798241693991
}