{
    "n_estimators": 100,
    "max_depth": 5,
    "gamma": 0.6585376197883963,
    "subsample": 0.9878737925966076,
    "colsample_bytree": 0.823011749637406
}