{
    "C": 1.0625511493735535,
    "gamma": 0.005012400255900299
}