{
    "C": 45.90641983535161,
    "gamma": 0.010001408316611313
}