{
    "C": 0.20723312332315028,
    "gamma": 0.003383115718495265
}