{
    "C": 98.17879044951152,
    "gamma": 0.04327239658228434
}