{
    "C": 4.2412523819574135,
    "gamma": 0.003599604175218008
}