{
    "n_estimators": 40,
    "max_depth": 30,
    "gamma": 0.2695855620010458,
    "subsample": 0.7657223425459179,
    "colsample_bytree": 0.6947619919845185
}