{
    "C": 96.70307070998385,
    "gamma": 0.0019929987572893616
}