{
    "C": 4.042381244249598,
    "gamma": 0.0024945815014501514
}