{
    "C": 33.43966354223501,
    "gamma": 0.004160303539411552
}