{
    "C": 13.094789961882183,
    "gamma": 0.002880809179107528
}