{
    "n_estimators": 40,
    "max_depth": 5,
    "gamma": 0.5164163171986188,
    "subsample": 0.7296244495239521,
    "colsample_bytree": 0.9336466915654886
}