{
    "n_estimators": 40,
    "max_depth": 30,
    "gamma": 0.5299926855017165,
    "subsample": 0.6848009387186493,
    "colsample_bytree": 0.6339534905975921
}