{
    "n_estimators": 10,
    "max_depth": 30,
    "gamma": 0.5975637482452609,
    "subsample": 0.7222967056938892,
    "colsample_bytree": 0.7974021553265087
}