{
    "C": 42.954086420724884,
    "gamma": 0.006552694423304158
}