{
    "C": 89.7939267532366,
    "gamma": 0.0005086762569840626
}