{
    "C": 91.25285062968727,
    "gamma": 0.0001231922846634462
}