{
    "n_estimators": 100,
    "max_depth": 20,
    "gamma": 0.6069653032580499,
    "subsample": 0.6887027207407688,
    "colsample_bytree": 0.5725264840709658
}