{
    "C": 0.11116571673405916,
    "gamma": 0.30445872798680157
}