{
    "n_estimators": 100,
    "max_depth": 30,
    "gamma": 0.2012035003396748,
    "subsample": 0.9961764358499778,
    "colsample_bytree": 0.5909320667218542
}