{
    "C": 40.76637797071394,
    "gamma": 0.0012110054814424515
}