{
    "C": 81.94874069435566,
    "gamma": 0.00010076508827128118
}