{
    "C": 84.15610433621448,
    "gamma": 0.0011714831790883193
}