{
    "C": 7.068062192778911,
    "gamma": 0.0003125284108647278
}