{
    "C": 76.55121077778817,
    "gamma": 0.0011739519624739325
}