{
    "C": 0.2881769774963963,
    "gamma": 0.1097526108476255
}