{
    "n_estimators": 40,
    "max_depth": 5,
    "gamma": 0.9236946835635924,
    "subsample": 0.6797797098329771,
    "colsample_bytree": 0.5159336837169415
}