{
    "C": 59.67270661056603,
    "gamma": 0.0028180550565265815
}