{
    "C": 6.365784468412919,
    "gamma": 0.05039816010992109
}