{
    "C": 16.740831235537577,
    "gamma": 0.0028911906472004634
}