{
    "C": 9.15388329571486,
    "gamma": 0.05562238551621927
}