{
    "C": 0.20952973048170337,
    "gamma": 0.013713365054273619
}