{
    "C": 6.129891993638259,
    "gamma": 0.007915996316799956
}