{
    "n_estimators": 100,
    "max_depth": 5,
    "gamma": 0.3663490261337749,
    "subsample": 0.8236886248032904,
    "colsample_bytree": 0.6248841863782957
}