{
    "C": 11.757762049058291,
    "gamma": 0.029237491574964438
}