{
    "n_estimators": 100,
    "max_depth": 5,
    "gamma": 0.804821579022921,
    "subsample": 0.963208266824244,
    "colsample_bytree": 0.566609667722446
}