{
    "C": 97.00827290853401,
    "gamma": 0.0014133491713428771
}