{
    "C": 36.439402889067054,
    "gamma": 0.013671736630224123
}