{
    "C": 13.514002759242153,
    "gamma": 0.0002721630076745867
}