{
    "C": 25.7913119871872,
    "gamma": 0.023287717253435536
}