{
    "C": 69.44122313620944,
    "gamma": 0.0027294094395756844
}