{
    "C": 95.48111069551962,
    "gamma": 0.013016154189570738
}