{
    "n_estimators": 40,
    "max_depth": 30,
    "gamma": 0.7175960957220267,
    "subsample": 0.7985970747858757,
    "colsample_bytree": 0.8587752177815005
}