{
    "C": 0.15522750326660573,
    "gamma": 0.0452165386365727
}