{
    "n_estimators": 40,
    "max_depth": 5,
    "gamma": 0.6393769050641968,
    "subsample": 0.7198154761090511,
    "colsample_bytree": 0.6653014690827641
}