{
    "n_estimators": 40,
    "max_depth": 30,
    "gamma": 0.6464423218219156,
    "subsample": 0.9490152193129961,
    "colsample_bytree": 0.7864130009447728
}