{
    "C": 0.711283057006551,
    "gamma": 0.0003100425905297103
}