{
    "C": 0.27497270015467945,
    "gamma": 0.0018278867501450632
}