{
    "n_estimators": 100,
    "max_depth": 20,
    "gamma": 0.164548713305625,
    "subsample": 0.5978290816540832,
    "colsample_bytree": 0.9222010826390219
}