{
    "n_estimators": 100,
    "max_depth": 5,
    "gamma": 0.6154838340124683,
    "subsample": 0.9490035591125747,
    "colsample_bytree": 0.8334494864598183
}