{
    "C": 6.999945814275638,
    "gamma": 0.00039318214055747343
}