{
    "C": 8.939141012777318,
    "gamma": 0.00010884354993823514
}