{
    "C": 24.952348099489235,
    "gamma": 0.0019105177971561285
}