{
    "C": 17.34817886211305,
    "gamma": 0.00010742557762883696
}