{
    "C": 4.702487553975404,
    "gamma": 0.0073399836292102096
}