{
    "n_estimators": 40,
    "max_depth": 30,
    "gamma": 0.7969830191850611,
    "subsample": 0.5740332075894639,
    "colsample_bytree": 0.5064839807832304
}