{
    "C": 9.089418052429316,
    "gamma": 0.0018116642092721698
}