{
    "n_estimators": 40,
    "max_depth": 20,
    "gamma": 0.814195902222518,
    "subsample": 0.8057656904968514,
    "colsample_bytree": 0.9128525073340213
}