{
    "n_estimators": 100,
    "max_depth": 30,
    "gamma": 0.7085675984472257,
    "subsample": 0.860807250638348,
    "colsample_bytree": 0.6897943244262627
}