{
    "C": 3.569444059194706,
    "gamma": 0.03609163547249353
}