{
    "n_estimators": 100,
    "max_depth": 5,
    "gamma": 0.735870533414314,
    "subsample": 0.9011669972350027,
    "colsample_bytree": 0.7291191267403491
}