{
    "C": 0.6814556683750114,
    "gamma": 0.1273196543073921
}