{
    "n_estimators": 10,
    "max_depth": 20,
    "gamma": 0.42736463692808785,
    "subsample": 0.84115635304494,
    "colsample_bytree": 0.9651880781639034
}