{
    "C": 1.181222653426908,
    "gamma": 0.0064751901657101275
}