{
    "C": 54.02222733787293,
    "gamma": 0.01150053823574161
}