{
    "n_estimators": 10,
    "max_depth": 30,
    "gamma": 0.5882211906920883,
    "subsample": 0.8105531498028852,
    "colsample_bytree": 0.6128059944151588
}