{
    "n_estimators": 10,
    "max_depth": 5,
    "gamma": 0.8299388411206465,
    "subsample": 0.7601551808666198,
    "colsample_bytree": 0.6943331862374109
}