{
    "C": 53.392696192893865,
    "gamma": 0.017125086942181737
}