{
    "C": 36.8458588339362,
    "gamma": 0.002977156582078759
}