{
    "C": 0.02407170028378443,
    "gamma": 0.0017487657973116694
}