{
    "n_estimators": 10,
    "max_depth": 5,
    "gamma": 0.2657992938296229,
    "subsample": 0.6081851181086528,
    "colsample_bytree": 0.5392746938287702
}