{
    "C": 1.04568765989748,
    "gamma": 0.06503032408291573
}