{
    "n_estimators": 40,
    "max_depth": 20,
    "gamma": 0.8156898630582388,
    "subsample": 0.9945766740860303,
    "colsample_bytree": 0.9964215075623655
}