{
    "C": 78.78369375457646,
    "gamma": 0.006204717667584563
}