{
    "n_estimators": 10,
    "max_depth": 5,
    "gamma": 0.2329755566234021,
    "subsample": 0.799347910925926,
    "colsample_bytree": 0.691686017284061
}