{
    "C": 0.04095480476985206,
    "gamma": 0.08226730288411989
}