{
    "C": 43.5106309922579,
    "gamma": 0.000725443037172852
}