{
    "C": 13.816638691248304,
    "gamma": 0.0014145455845240697
}