{
    "C": 8.50059842198285,
    "gamma": 0.015525906282679653
}