{
    "C": 0.1433177931243846,
    "gamma": 0.7859971382309453
}