{
    "n_estimators": 10,
    "max_depth": 5,
    "gamma": 0.9738892144312379,
    "subsample": 0.7329112608163215,
    "colsample_bytree": 0.8393900392125123
}