{
    "C": 3.9498098676650346,
    "gamma": 0.0013000172966060339
}