{
    "n_estimators": 100,
    "max_depth": 30,
    "gamma": 0.7086567103767722,
    "subsample": 0.5890790338112937,
    "colsample_bytree": 0.8898543314011798
}