{
    "C": 77.51635283592324,
    "gamma": 0.004999529314565396
}