{
    "n_estimators": 40,
    "max_depth": 20,
    "gamma": 0.6589324667319287,
    "subsample": 0.9992740731616906,
    "colsample_bytree": 0.738937263891694
}