{
    "n_estimators": 100,
    "max_depth": 20,
    "gamma": 0.6877982579025952,
    "subsample": 0.9174713831786365,
    "colsample_bytree": 0.7070843666478801
}