{
    "n_estimators": 100,
    "max_depth": 5,
    "gamma": 0.9902455260579013,
    "subsample": 0.6925233234497543,
    "colsample_bytree": 0.6129883249333161
}