{
    "C": 6.9706529327574,
    "gamma": 0.00247568459219402
}