{
    "C": 88.0454442070191,
    "gamma": 0.030018011784355744
}