{
    "C": 43.27421869933635,
    "gamma": 0.00014113667579807796
}