{
    "C": 43.328452801830046,
    "gamma": 0.001354745051858805
}