{
    "C": 95.55069067475432,
    "gamma": 0.002842315276506738
}