{
    "C": 96.70307070998385,
    "gamma": 0.003798767940844195
}