{
    "n_estimators": 100,
    "max_depth": 5,
    "gamma": 0.788560327916712,
    "subsample": 0.5261578057023527,
    "colsample_bytree": 0.501117258414173
}