{
    "C": 82.7942634588572,
    "gamma": 0.014373783190890806
}