{
    "n_estimators": 40,
    "max_depth": 5,
    "gamma": 0.17259120003785705,
    "subsample": 0.942743470150426,
    "colsample_bytree": 0.9467201142459556
}