{
    "n_estimators": 10,
    "max_depth": 20,
    "gamma": 0.9022401400989966,
    "subsample": 0.9117424538445713,
    "colsample_bytree": 0.8891326299993745
}