{
    "C": 0.07453355851877172,
    "gamma": 0.007373342644354418
}