{
    "n_estimators": 100,
    "max_depth": 20,
    "gamma": 0.7365213774641404,
    "subsample": 0.7706343257995896,
    "colsample_bytree": 0.8373150317004258
}