{
    "C": 52.65121132642921,
    "gamma": 0.010713763711810311
}