{
    "C": 12.514400495428916,
    "gamma": 0.0005156917354863531
}