{
    "C": 4.9573082573179805,
    "gamma": 0.00018711377513469347
}