{
    "n_estimators": 10,
    "max_depth": 5,
    "gamma": 0.31095360749397916,
    "subsample": 0.6958539485736084,
    "colsample_bytree": 0.6078912495796693
}