{
    "n_estimators": 40,
    "max_depth": 20,
    "gamma": 0.20065175090087745,
    "subsample": 0.6674822985057274,
    "colsample_bytree": 0.8103008435817955
}