{
    "C": 8.72906139737718,
    "gamma": 0.02201741312843144
}