{
    "n_estimators": 100,
    "max_depth": 30,
    "gamma": 0.6908091950891239,
    "subsample": 0.5197811393354881,
    "colsample_bytree": 0.5158186982277837
}