{
    "C": 3.8765052308646317,
    "gamma": 0.0025406919383213914
}