{
    "n_estimators": 10,
    "max_depth": 30,
    "gamma": 0.355001213837357,
    "subsample": 0.5184253133615004,
    "colsample_bytree": 0.6183324583447414
}