{
    "C": 94.27168599152836,
    "gamma": 0.005445219711027595
}