{
    "n_estimators": 40,
    "max_depth": 20,
    "gamma": 0.43529771683371343,
    "subsample": 0.9019879447430794,
    "colsample_bytree": 0.6957135455331438
}