{
    "C": 51.22200833469196,
    "gamma": 0.004321860751736429
}