{
    "n_estimators": 100,
    "max_depth": 30,
    "gamma": 0.4772599709064067,
    "subsample": 0.6959847904792114,
    "colsample_bytree": 0.8971072773508911
}