{
    "C": 32.49457578878123,
    "gamma": 0.000816448388031966
}