{
    "C": 52.241607586649764,
    "gamma": 0.01385871656137731
}