{
    "n_estimators": 100,
    "max_depth": 5,
    "gamma": 0.7772983746507343,
    "subsample": 0.5024542042906228,
    "colsample_bytree": 0.9861676916514819
}