{
    "C": 45.988286108596746,
    "gamma": 0.010872426143948507
}