{
    "C": 94.58674594236953,
    "gamma": 0.07692064158865115
}