{
    "C": 99.36256625674987,
    "gamma": 0.0004860512068589269
}