{
    "n_estimators": 100,
    "max_depth": 5,
    "gamma": 0.30363247194536613,
    "subsample": 0.7223856378860332,
    "colsample_bytree": 0.56101150387221
}