{
    "C": 28.69947139535209,
    "gamma": 0.0004547035045793853
}