{
    "n_estimators": 40,
    "max_depth": 30,
    "gamma": 0.7082709677620713,
    "subsample": 0.7776404393935124,
    "colsample_bytree": 0.8284009408831569
}