{
    "C": 3.64693267607485,
    "gamma": 0.0011953731802983377
}