{
    "C": 80.78963648177103,
    "gamma": 0.08162851308515613
}