{
    "C": 93.30299889963058,
    "gamma": 0.019657404543976204
}