{
    "C": 13.985628059765153,
    "gamma": 0.001180917744968257
}