{
    "n_estimators": 40,
    "max_depth": 5,
    "gamma": 0.38640831818864485,
    "subsample": 0.6109744065191631,
    "colsample_bytree": 0.7365340604512803
}