{
    "n_estimators": 100,
    "max_depth": 30,
    "gamma": 0.46097433547899375,
    "subsample": 0.6279777167066851,
    "colsample_bytree": 0.5069069453436845
}