{
    "C": 12.726602037385758,
    "gamma": 0.04241963284919257
}