{
    "C": 98.85599856409074,
    "gamma": 0.0006840433329740488
}