{
    "C": 94.62851907907425,
    "gamma": 0.00796131715152586
}