{
    "C": 6.744959101708601,
    "gamma": 0.02179571649225267
}