{
    "C": 19.327053398852755,
    "gamma": 0.003453922899582616
}