{
    "C": 6.8502656551418095,
    "gamma": 0.00010765804708641927
}