{
    "C": 2.732810230595487,
    "gamma": 0.0009003149409631379
}