{
    "C": 0.8855069800014724,
    "gamma": 0.0051922777032493315
}