{
    "n_estimators": 100,
    "max_depth": 20,
    "gamma": 0.15813912455139084,
    "subsample": 0.9982774069433007,
    "colsample_bytree": 0.6906467854543743
}