{
    "C": 1.484791046884444,
    "gamma": 0.009131834153413903
}