{
    "C": 5.271902124738621,
    "gamma": 0.024675070610413904
}