{
    "n_estimators": 100,
    "max_depth": 5,
    "gamma": 0.8071391366146263,
    "subsample": 0.5629356082644086,
    "colsample_bytree": 0.5026160421659767
}