{
    "C": 9.69778920414827,
    "gamma": 0.0028633649426661927
}