{
    "C": 5.866701827908586,
    "gamma": 0.002224816966000833
}