{
    "n_estimators": 100,
    "max_depth": 30,
    "gamma": 0.596067633586553,
    "subsample": 0.9567938917077762,
    "colsample_bytree": 0.9217634071915455
}