{
    "n_estimators": 100,
    "max_depth": 5,
    "gamma": 0.3521433536147658,
    "subsample": 0.8291697667735816,
    "colsample_bytree": 0.8009226642813787
}