{
    "C": 80.70353516036995,
    "gamma": 0.0013110777189014556
}