{
    "C": 15.665236878639801,
    "gamma": 0.003058887206383716
}