{
    "C": 2.3347101728044666,
    "gamma": 0.014455778492473046
}