{
    "C": 9.931001900336659,
    "gamma": 0.005708841072241465
}