{
    "n_estimators": 40,
    "max_depth": 5,
    "gamma": 0.6648730456079014,
    "subsample": 0.6933556574442363,
    "colsample_bytree": 0.5970971612016275
}