{
    "C": 26.093079061843948,
    "gamma": 0.0003387947372717609
}