{
    "C": 94.48478103115555,
    "gamma": 0.004796259768183655
}