{
    "C": 4.272051200451097,
    "gamma": 0.09325518218730286
}