{
    "C": 96.55514973982129,
    "gamma": 0.000186168210187921
}