{
    "C": 0.1730799329143743,
    "gamma": 0.001068381636160094
}