{
    "C": 14.68588598920087,
    "gamma": 0.013049073550362394
}