{
    "C": 4.90772622064388,
    "gamma": 0.06186021433848218
}