{
    "C": 13.253101809659825,
    "gamma": 0.0005051449628840604
}