{
    "n_estimators": 100,
    "max_depth": 30,
    "gamma": 0.11747018931448144,
    "subsample": 0.6887411303961014,
    "colsample_bytree": 0.8098443365698906
}