{
    "n_estimators": 100,
    "max_depth": 30,
    "gamma": 0.7483449595926549,
    "subsample": 0.9304836562572101,
    "colsample_bytree": 0.5025663459672962
}