{
    "C": 95.25041849060206,
    "gamma": 0.008760390533343196
}