{
    "n_estimators": 40,
    "max_depth": 5,
    "gamma": 0.42785924576525697,
    "subsample": 0.6693819404830095,
    "colsample_bytree": 0.5882485782548165
}