{
    "C": 7.690349019082942,
    "gamma": 0.002098484401379481
}