{
    "n_estimators": 100,
    "max_depth": 5,
    "gamma": 0.9618489442277358,
    "subsample": 0.7299405603185856,
    "colsample_bytree": 0.8259167653778704
}