{
    "n_estimators": 40,
    "max_depth": 5,
    "gamma": 0.45302096351850757,
    "subsample": 0.5014254209644291,
    "colsample_bytree": 0.9992831680447768
}