{
    "n_estimators": 40,
    "max_depth": 5,
    "gamma": 0.8817380136817559,
    "subsample": 0.8705491213867644,
    "colsample_bytree": 0.5366183227192376
}