{
    "C": 37.31989404375975,
    "gamma": 0.00026789590135842516
}