{
    "C": 91.26714801629333,
    "gamma": 0.006157545179719074
}