{
    "n_estimators": 40,
    "max_depth": 5,
    "gamma": 0.2676341902399038,
    "subsample": 0.6727803635215239,
    "colsample_bytree": 0.698383737115335
}