{
    "C": 25.247245587566134,
    "gamma": 0.002829748585873692
}