{
    "C": 0.2147680982739083,
    "gamma": 0.014933978561758793
}