{
    "C": 20.540047820099456,
    "gamma": 0.0028623092011551554
}