{
    "n_estimators": 40,
    "max_depth": 20,
    "gamma": 0.8747486750433042,
    "subsample": 0.8005679733277896,
    "colsample_bytree": 0.6298728573241346
}