{
    "C": 39.45775422239015,
    "gamma": 0.0018399168403638686
}