{
    "C": 3.9356882024619493,
    "gamma": 0.0057161792751550915
}