{
    "n_estimators": 10,
    "max_depth": 5,
    "gamma": 0.9738892144312379,
    "subsample": 0.7792017588243252,
    "colsample_bytree": 0.8596470196456396
}