{
    "C": 29.327095654103253,
    "gamma": 0.0007478302584577074
}