{
    "C": 45.30488642139225,
    "gamma": 0.00807650635970581
}