{
    "n_estimators": 40,
    "max_depth": 20,
    "gamma": 0.321019430638931,
    "subsample": 0.7624926658568155,
    "colsample_bytree": 0.8466378816712838
}