{
    "n_estimators": 100,
    "max_depth": 5,
    "gamma": 0.595276786039668,
    "subsample": 0.6551844860837737,
    "colsample_bytree": 0.6403746746637897
}