{
    "C": 2.098313059035169,
    "gamma": 0.05024056050905552
}