{
    "C": 9.022037507329372,
    "gamma": 0.000807477724511086
}