{
    "n_estimators": 10,
    "max_depth": 5,
    "gamma": 0.23485479359352093,
    "subsample": 0.6312658706311975,
    "colsample_bytree": 0.785803781433185
}