{
    "C": 93.1408730330075,
    "gamma": 0.00428233178170916
}