{
    "C": 0.1619287568770167,
    "gamma": 0.004017860544913713
}