{
    "n_estimators": 100,
    "max_depth": 5,
    "gamma": 0.36655148498992607,
    "subsample": 0.7689620865327261,
    "colsample_bytree": 0.6806341310686084
}