{
    "C": 11.612126212043938,
    "gamma": 0.00029868043576810216
}