{
    "n_estimators": 100,
    "max_depth": 5,
    "gamma": 0.4371477509382613,
    "subsample": 0.535697864416963,
    "colsample_bytree": 0.8331298954139842
}