{
    "C": 82.23573298101371,
    "gamma": 0.00040648265515048383
}