{
    "C": 1.4591318142850063,
    "gamma": 0.0008888701602548729
}