{
    "C": 1.181222653426908,
    "gamma": 0.19295587186374705
}