{
    "C": 0.030362911901310463,
    "gamma": 0.04029817966995621
}