{
    "C": 99.2804634238209,
    "gamma": 0.00010703891395238094
}