{
    "C": 95.6280114810106,
    "gamma": 0.0002915213274379882
}