{
    "C": 81.94874069435566,
    "gamma": 0.00010059221054512421
}