{
    "n_estimators": 100,
    "max_depth": 5,
    "gamma": 0.4208194116314159,
    "subsample": 0.9081909540119608,
    "colsample_bytree": 0.7437367997614565
}