{
    "n_estimators": 40,
    "max_depth": 20,
    "gamma": 0.7243076069131077,
    "subsample": 0.6998167444421446,
    "colsample_bytree": 0.6073677208345373
}