{
    "C": 0.24563235714646978,
    "gamma": 0.0035984161537087503
}