{
    "n_estimators": 10,
    "max_depth": 5,
    "gamma": 0.11107712890687138,
    "subsample": 0.5211595709192519,
    "colsample_bytree": 0.6742119142218679
}