{
    "C": 3.453679207317853,
    "gamma": 0.00025351098597549974
}