{
    "C": 2.441620033774385,
    "gamma": 0.0057984909989627145
}