{
    "C": 7.2039741240432775,
    "gamma": 0.00868792167839607
}