{
    "n_estimators": 100,
    "max_depth": 20,
    "gamma": 0.8470554948938058,
    "subsample": 0.860339005739911,
    "colsample_bytree": 0.9331308414408237
}