{
    "C": 0.04421522603213137,
    "gamma": 0.0003060829187824379
}