{
    "C": 35.54487912463736,
    "gamma": 0.0011196165745372706
}