{
    "C": 4.831254357469986,
    "gamma": 0.004342192387982463
}