{
    "C": 38.950716202306964,
    "gamma": 0.005481722754070996
}