{
    "C": 94.23602773997864,
    "gamma": 0.004548989913630741
}