{
    "C": 84.07146932727382,
    "gamma": 0.003403409604221568
}