{
    "n_estimators": 40,
    "max_depth": 5,
    "gamma": 0.712367594657266,
    "subsample": 0.7450625117154357,
    "colsample_bytree": 0.6882460818488684
}