{
    "C": 2.0620754479650936,
    "gamma": 0.002211998343577419
}