{
    "C": 1.5864978974951922,
    "gamma": 0.0037488993999899183
}