{
    "C": 0.21959952535674737,
    "gamma": 0.030908485742507576
}