{
    "C": 92.6426237085578,
    "gamma": 0.004017860544913713
}