{
    "C": 2.4977306244510937,
    "gamma": 0.013100641820842283
}