{
    "C": 6.4971747340063395,
    "gamma": 0.0006244124832341733
}