{
    "n_estimators": 10,
    "max_depth": 5,
    "gamma": 0.5588107769282058,
    "subsample": 0.6831304412720558,
    "colsample_bytree": 0.6294453341384293
}