{
    "C": 38.70598619098791,
    "gamma": 0.0006423073254989481
}