{
    "C": 92.73342158587428,
    "gamma": 0.03458108972280303
}