{
    "n_estimators": 100,
    "max_depth": 5,
    "gamma": 0.816017102586079,
    "subsample": 0.5160040782128984,
    "colsample_bytree": 0.7277239110529665
}