{
    "C": 11.047771061480276,
    "gamma": 0.0006439374758704747
}