{
    "n_estimators": 10,
    "max_depth": 20,
    "gamma": 0.814396756479322,
    "subsample": 0.8374243623944834,
    "colsample_bytree": 0.8534973106638817
}