{
    "n_estimators": 40,
    "max_depth": 20,
    "gamma": 0.21368860746262652,
    "subsample": 0.619904117514571,
    "colsample_bytree": 0.546535073710038
}