{
    "C": 2.8313502404516333,
    "gamma": 0.006849632261604175
}