{
    "C": 0.08221010964818257,
    "gamma": 0.0009072712799115747
}