{
    "C": 1.538301710680381,
    "gamma": 0.016194762918460923
}