{
    "n_estimators": 10,
    "max_depth": 20,
    "gamma": 0.1591775883705288,
    "subsample": 0.6155848620153465,
    "colsample_bytree": 0.7908416095488662
}