{
    "C": 90.952184159646,
    "gamma": 0.010970332361459076
}