{
    "C": 0.010412665655598547,
    "gamma": 0.0008659060049247655
}