{
    "C": 6.48642555359081,
    "gamma": 0.0033750488418584773
}