{
    "C": 0.16916688193856466,
    "gamma": 0.0031180301170298875
}