{
    "C": 44.09600673607736,
    "gamma": 0.00912797926883294
}