{
    "C": 97.63594796229309,
    "gamma": 0.00044573051913241065
}