{
    "n_estimators": 10,
    "max_depth": 20,
    "gamma": 0.45278867724881056,
    "subsample": 0.6615414395793483,
    "colsample_bytree": 0.8165105596515588
}