{
    "C": 93.54195262069706,
    "gamma": 0.0448119937045803
}