{
    "n_estimators": 40,
    "max_depth": 20,
    "gamma": 0.17860745294284247,
    "subsample": 0.7756151396882981,
    "colsample_bytree": 0.9088163639474325
}