{
    "C": 94.53105581256676,
    "gamma": 0.04354029466352555
}