{
    "n_estimators": 100,
    "max_depth": 20,
    "gamma": 0.7617736626886379,
    "subsample": 0.9418566791195342,
    "colsample_bytree": 0.553129963916654
}