{
    "C": 36.720541709803065,
    "gamma": 0.0024768731969708356
}