{
    "C": 9.302747404973383,
    "gamma": 0.014408067767869459
}