{
    "C": 43.80499648480743,
    "gamma": 0.010027708864584865
}