{
    "n_estimators": 100,
    "max_depth": 5,
    "gamma": 0.6181051452354006,
    "subsample": 0.7286321013408005,
    "colsample_bytree": 0.8689850888620062
}