{
    "C": 0.427715539589487,
    "gamma": 0.28048847992598314
}