{
    "C": 7.762299541752173,
    "gamma": 0.0010821679476963253
}