{
    "C": 0.749978730710068,
    "gamma": 0.029940886154462807
}