{
    "n_estimators": 10,
    "max_depth": 30,
    "gamma": 0.9973221394929959,
    "subsample": 0.9044260117182662,
    "colsample_bytree": 0.7902249499396803
}