{
    "C": 0.25817627198852494,
    "gamma": 0.024250401875611116
}