{
    "C": 5.560569662134434,
    "gamma": 0.0007630805547087637
}