{
    "C": 16.43926110683605,
    "gamma": 0.007475991059908803
}