{
    "n_estimators": 100,
    "max_depth": 5,
    "gamma": 0.6529061921720798,
    "subsample": 0.8030676749709131,
    "colsample_bytree": 0.8694380177393827
}