{
    "C": 1.6526537924316753,
    "gamma": 0.004166744964131702
}