{
    "n_estimators": 40,
    "max_depth": 5,
    "gamma": 0.6543212837690926,
    "subsample": 0.8993500261549479,
    "colsample_bytree": 0.824780085977838
}