{
    "C": 3.264108265653856,
    "gamma": 0.023322571546803558
}