{
    "C": 91.5402243086736,
    "gamma": 0.0002659712625330707
}