{
    "C": 73.73591639228137,
    "gamma": 0.0012587726764945037
}