{
    "n_estimators": 40,
    "max_depth": 20,
    "gamma": 0.17226674818302729,
    "subsample": 0.9509634595994103,
    "colsample_bytree": 0.9534010833059767
}