{
    "n_estimators": 100,
    "max_depth": 5,
    "gamma": 0.6939013549961883,
    "subsample": 0.9331820703667242,
    "colsample_bytree": 0.9101144284423349
}