{
    "C": 92.00814449858935,
    "gamma": 0.0004565127373133027
}