{
    "C": 1.9537402023626544,
    "gamma": 0.0001358670173472175
}