{
    "n_estimators": 100,
    "max_depth": 20,
    "gamma": 0.21368860746262652,
    "subsample": 0.8618183685474415,
    "colsample_bytree": 0.5003523336159669
}