{
    "C": 0.6883925841975319,
    "gamma": 0.0007679671150139153
}