{
    "C": 95.35362946684994,
    "gamma": 0.002396530877275715
}