{
    "n_estimators": 40,
    "max_depth": 5,
    "gamma": 0.2248932764555912,
    "subsample": 0.5428216377922146,
    "colsample_bytree": 0.9034482940296797
}