{
    "C": 5.614497433691973,
    "gamma": 0.0014219068220325901
}