{
    "n_estimators": 100,
    "max_depth": 30,
    "gamma": 0.2495498360158247,
    "subsample": 0.5681610309288841,
    "colsample_bytree": 0.8292304353403366
}