{
    "C": 0.011025704837726007,
    "gamma": 0.0030160277683016867
}