{
    "C": 8.852107940744597,
    "gamma": 0.00025275494378164664
}