{
    "C": 1.752832949158408,
    "gamma": 0.04330574861001585
}