{
    "n_estimators": 100,
    "max_depth": 20,
    "gamma": 0.6143565345460473,
    "subsample": 0.8606325485779944,
    "colsample_bytree": 0.8748210052863645
}