{
    "C": 36.07114755227119,
    "gamma": 0.015168285969805058
}