{
    "n_estimators": 100,
    "max_depth": 30,
    "gamma": 0.3186604543078793,
    "subsample": 0.5038298502438305,
    "colsample_bytree": 0.6114986795719328
}