{
    "C": 11.57922031974121,
    "gamma": 0.00012304913474727496
}