{
    "C": 71.49674657191468,
    "gamma": 0.000622376963675946
}