{
    "n_estimators": 40,
    "max_depth": 20,
    "gamma": 0.34572940445386846,
    "subsample": 0.9180905868700888,
    "colsample_bytree": 0.8334773498509512
}