{
    "C": 0.1945827391466313,
    "gamma": 0.008045274724403388
}