{
    "n_estimators": 40,
    "max_depth": 5,
    "gamma": 0.21798245957863183,
    "subsample": 0.5382306073174776,
    "colsample_bytree": 0.7031779510468051
}