{
    "C": 41.38185822585901,
    "gamma": 0.0001529516653368519
}