{
    "C": 99.62218564032459,
    "gamma": 0.00909568578940399
}