{
    "C": 94.31274827373987,
    "gamma": 0.004483896776839675
}