{
    "n_estimators": 100,
    "max_depth": 5,
    "gamma": 0.4025219841178551,
    "subsample": 0.5711850033174981,
    "colsample_bytree": 0.7723507811817816
}