{
    "C": 95.17072487881215,
    "gamma": 0.0005454134998949084
}