{
    "C": 3.9351617957478955,
    "gamma": 0.0031025925448485365
}