{
    "n_estimators": 100,
    "max_depth": 5,
    "gamma": 0.17235724920707146,
    "subsample": 0.5584883959930642,
    "colsample_bytree": 0.9123794232796962
}