{
    "C": 0.011289145377673133,
    "gamma": 0.002177342817828167
}