{
    "C": 71.49674657191468,
    "gamma": 0.01552002128223834
}