{
    "C": 2.7752937254184333,
    "gamma": 0.015821758021932097
}