{
    "n_estimators": 100,
    "max_depth": 5,
    "gamma": 0.820364983902254,
    "subsample": 0.6563196851111964,
    "colsample_bytree": 0.7236807209742082
}