{
    "C": 87.48768980471206,
    "gamma": 0.019067429366528964
}