{
    "n_estimators": 10,
    "max_depth": 20,
    "gamma": 0.7496401125182346,
    "subsample": 0.8910856426818985,
    "colsample_bytree": 0.7908983710601245
}