{
    "C": 35.47078372455465,
    "gamma": 0.0006509934870468587
}