{
    "n_estimators": 100,
    "max_depth": 30,
    "gamma": 0.2258337544984904,
    "subsample": 0.7246602753639811,
    "colsample_bytree": 0.650460190710632
}