{
    "C": 0.06278311746529927,
    "gamma": 0.049564565884151895
}