{
    "C": 0.010862865209217382,
    "gamma": 0.003517913288946679
}