{
    "n_estimators": 100,
    "max_depth": 5,
    "gamma": 0.7159858879125987,
    "subsample": 0.6284003687490249,
    "colsample_bytree": 0.6006257988640603
}