{
    "C": 37.845875538270676,
    "gamma": 0.005969183778205613
}