{
    "C": 5.290215443709567,
    "gamma": 0.043843034285337076
}