{
    "n_estimators": 40,
    "max_depth": 5,
    "gamma": 0.6137471456611014,
    "subsample": 0.662136665169673,
    "colsample_bytree": 0.8075065684740514
}