{
    "C": 0.6215600476237371,
    "gamma": 0.2756069262519925
}