{
    "C": 56.405325583562416,
    "gamma": 0.009380668039268082
}