{
    "C": 6.5453704598115285,
    "gamma": 0.005004413105995554
}