{
    "n_estimators": 100,
    "max_depth": 5,
    "gamma": 0.5067948960343158,
    "subsample": 0.6329124195652898,
    "colsample_bytree": 0.9257943100903206
}