{
    "C": 13.491375981889734,
    "gamma": 0.008049203417848205
}