{
    "C": 62.66879453670524,
    "gamma": 0.008466579596738766
}