{
    "C": 0.029779091767779875,
    "gamma": 0.0020960851336609848
}