{
    "n_estimators": 100,
    "max_depth": 5,
    "gamma": 0.11747018931448144,
    "subsample": 0.9051456630473813,
    "colsample_bytree": 0.9715083346653923
}