{
    "C": 1.6431659043256461,
    "gamma": 0.000491118122253333
}