{
    "C": 32.54240671404497,
    "gamma": 0.10305902107457508
}