{
    "C": 12.790326593654314,
    "gamma": 0.0004816131381611748
}