{
    "C": 1.6810987234491654,
    "gamma": 0.00874904248573045
}