{
    "C": 93.54195262069706,
    "gamma": 0.002908493746807685
}