{
    "C": 2.2057901108532376,
    "gamma": 0.09196499326623371
}