{
    "C": 5.220569341521549,
    "gamma": 0.000973400189635621
}