{
    "n_estimators": 40,
    "max_depth": 20,
    "gamma": 0.6159939795959093,
    "subsample": 0.680387479402782,
    "colsample_bytree": 0.6989614718091383
}