{
    "C": 0.01818910470937701,
    "gamma": 0.0012531411594252561
}