{
    "n_estimators": 40,
    "max_depth": 5,
    "gamma": 0.22563602656689086,
    "subsample": 0.9508938639575489,
    "colsample_bytree": 0.9081851917564446
}