{
    "C": 0.5280011943807644,
    "gamma": 0.031371581703185915
}