{
    "n_estimators": 40,
    "max_depth": 5,
    "gamma": 0.25210170082912664,
    "subsample": 0.9108538174640166,
    "colsample_bytree": 0.9000461330888647
}