{
    "C": 1.0147690763541886,
    "gamma": 0.032666925102755734
}