{
    "n_estimators": 10,
    "max_depth": 30,
    "gamma": 0.3607779643909888,
    "subsample": 0.6099258199012285,
    "colsample_bytree": 0.7584361405158627
}