{
    "n_estimators": 100,
    "max_depth": 30,
    "gamma": 0.6479174301330308,
    "subsample": 0.6782513957954173,
    "colsample_bytree": 0.7243800285055921
}