{
    "C": 2.442173983194953,
    "gamma": 0.0002561634097043405
}