{
    "C": 38.97740934286641,
    "gamma": 0.00010703891395238094
}