{
    "n_estimators": 10,
    "max_depth": 20,
    "gamma": 0.18185533895087203,
    "subsample": 0.630009655080881,
    "colsample_bytree": 0.7991555880303312
}