{
    "C": 12.842526053329475,
    "gamma": 0.02267187118896086
}