{
    "C": 96.80278171389716,
    "gamma": 0.00010857209204978998
}