{
    "n_estimators": 100,
    "max_depth": 20,
    "gamma": 0.6527811204650051,
    "subsample": 0.8083659822274071,
    "colsample_bytree": 0.5955242889428436
}