{
    "C": 54.392341322433424,
    "gamma": 0.0036987283677059725
}