{
    "C": 37.29598681373848,
    "gamma": 0.00537282811408469
}