{
    "n_estimators": 100,
    "max_depth": 5,
    "gamma": 0.21303417696454757,
    "subsample": 0.7373423778137582,
    "colsample_bytree": 0.561474544791895
}