{
    "C": 8.878369343491302,
    "gamma": 0.03881547638343809
}