{
    "C": 52.39898543255597,
    "gamma": 0.0027926539469445267
}