{
    "C": 5.4651715662249,
    "gamma": 0.0002306525334341852
}