{
    "n_estimators": 40,
    "max_depth": 30,
    "gamma": 0.5460313477197416,
    "subsample": 0.7386757439494157,
    "colsample_bytree": 0.693462006693368
}