{
    "n_estimators": 10,
    "max_depth": 20,
    "gamma": 0.37418863174294636,
    "subsample": 0.8030676749709131,
    "colsample_bytree": 0.8385991824558217
}