{
    "C": 19.563481619110714,
    "gamma": 0.0024796702994168197
}