{
    "n_estimators": 40,
    "max_depth": 5,
    "gamma": 0.851544154036116,
    "subsample": 0.9131223454547494,
    "colsample_bytree": 0.9234003723274025
}