{
    "C": 30.015532490896682,
    "gamma": 0.0018930954731334669
}