{
    "C": 0.06594156893697074,
    "gamma": 0.0009407708153906166
}