{
    "C": 9.108601777978084,
    "gamma": 0.020123242593279442
}