{
    "n_estimators": 100,
    "max_depth": 5,
    "gamma": 0.275254765719957,
    "subsample": 0.8640615098686566,
    "colsample_bytree": 0.6844863044654249
}