{
    "n_estimators": 40,
    "max_depth": 20,
    "gamma": 0.8622686127401338,
    "subsample": 0.8937714587863609,
    "colsample_bytree": 0.7475625513772443
}