{
    "C": 7.0259751288278265,
    "gamma": 0.003770009459682875
}