{
    "n_estimators": 100,
    "max_depth": 5,
    "gamma": 0.27122286139110763,
    "subsample": 0.571558677263164,
    "colsample_bytree": 0.9075629294669777
}