{
    "C": 2.423138165466142,
    "gamma": 0.02155094859418891
}