{
    "n_estimators": 100,
    "max_depth": 5,
    "gamma": 0.880851542430206,
    "subsample": 0.8277300425185732,
    "colsample_bytree": 0.8173232554521958
}