{
    "C": 0.07726319876517104,
    "gamma": 0.3040389504793042
}