{
    "C": 3.051654279698754,
    "gamma": 0.01307881440940144
}