{
    "C": 0.34932810541796405,
    "gamma": 0.04569381793564671
}