{
    "C": 48.086068369986165,
    "gamma": 0.007811790930265536
}