{
    "n_estimators": 40,
    "max_depth": 5,
    "gamma": 0.7042076429692581,
    "subsample": 0.8293890002243471,
    "colsample_bytree": 0.739321575475613
}