{
    "C": 56.11875841340576,
    "gamma": 0.030034259973569927
}