{
    "C": 9.913855350354302,
    "gamma": 0.0017438554819019956
}