{
    "n_estimators": 100,
    "max_depth": 5,
    "gamma": 0.6397877373108088,
    "subsample": 0.7313679690001857,
    "colsample_bytree": 0.5848642489980329
}