{
    "n_estimators": 100,
    "max_depth": 5,
    "gamma": 0.11966904911829734,
    "subsample": 0.6064694102674816,
    "colsample_bytree": 0.5013541727082262
}