{
    "C": 0.9472607551724863,
    "gamma": 0.015673561551628967
}