{
    "C": 0.09472349139275127,
    "gamma": 0.0426650923448939
}