{
    "C": 2.560878565337461,
    "gamma": 0.0007300976461949833
}