{
    "n_estimators": 10,
    "max_depth": 30,
    "gamma": 0.7397757956423531,
    "subsample": 0.742455167033742,
    "colsample_bytree": 0.8443452997684291
}