{
    "n_estimators": 100,
    "max_depth": 5,
    "gamma": 0.6345973056950355,
    "subsample": 0.947166638933006,
    "colsample_bytree": 0.5416837829931506
}