{
    "C": 0.10784432497221892,
    "gamma": 0.04576814829591161
}