{
    "C": 0.26071104924028937,
    "gamma": 0.0009708394004712885
}