{
    "n_estimators": 40,
    "max_depth": 5,
    "gamma": 0.7140616902033372,
    "subsample": 0.9980922805884003,
    "colsample_bytree": 0.8759461112098994
}