{
    "C": 3.370670994331374,
    "gamma": 0.020105585332879258
}