{
    "n_estimators": 40,
    "max_depth": 5,
    "gamma": 0.1091010507803494,
    "subsample": 0.8170794958931378,
    "colsample_bytree": 0.6843190674775301
}