{
    "C": 1.3399362736871867,
    "gamma": 0.0007684419252251294
}