{
    "n_estimators": 40,
    "max_depth": 5,
    "gamma": 0.4977175540195215,
    "subsample": 0.6430809099029452,
    "colsample_bytree": 0.5633494571332385
}