{
    "C": 90.21910417148659,
    "gamma": 0.00554169107490053
}