{
    "C": 5.0929255168068535,
    "gamma": 0.01172263506734936
}