{
    "n_estimators": 100,
    "max_depth": 5,
    "gamma": 0.9010932033000689,
    "subsample": 0.5521415198291053,
    "colsample_bytree": 0.7614051466774086
}