{
    "C": 0.6337347844333678,
    "gamma": 0.001385492074389658
}