{
    "C": 82.23570444662707,
    "gamma": 0.0009371373904961183
}