{
    "n_estimators": 100,
    "max_depth": 5,
    "gamma": 0.11701644856579113,
    "subsample": 0.6475810346803965,
    "colsample_bytree": 0.6945425502311247
}