{
    "C": 0.1602814470038378,
    "gamma": 0.006665918363196933
}