{
    "C": 2.56215833781476,
    "gamma": 0.00021574275598552616
}