{
    "C": 44.62223656920002,
    "gamma": 0.00248610143007754
}