{
    "n_estimators": 100,
    "max_depth": 5,
    "gamma": 0.4677647810752753,
    "subsample": 0.5009078887277232,
    "colsample_bytree": 0.6415557347917157
}