{
    "C": 42.36645909558725,
    "gamma": 0.0019208421205224656
}