{
    "C": 51.69661671709093,
    "gamma": 0.13076648671159902
}