{
    "C": 84.73344942279283,
    "gamma": 0.00045884194736215447
}