{
    "C": 0.01594325686965602,
    "gamma": 0.0013131525100282832
}