{
    "n_estimators": 100,
    "max_depth": 30,
    "gamma": 0.5970935699116959,
    "subsample": 0.9208773986533311,
    "colsample_bytree": 0.5798794513237175
}