{
    "C": 0.11285646978918686,
    "gamma": 0.0012531411594252561
}