{
    "n_estimators": 10,
    "max_depth": 20,
    "gamma": 0.8872869671308322,
    "subsample": 0.5106683207593217,
    "colsample_bytree": 0.661673998715145
}