{
    "C": 38.18106371946151,
    "gamma": 0.018108653526640487
}