{
    "n_estimators": 100,
    "max_depth": 30,
    "gamma": 0.9681903397412062,
    "subsample": 0.8909531909241379,
    "colsample_bytree": 0.6608770902048942
}