{
    "C": 68.37840401770111,
    "gamma": 0.002752581859338715
}