{
    "C": 25.67738932389974,
    "gamma": 0.0032462727875815223
}