{
    "C": 2.482651956883968,
    "gamma": 0.0017107830570887454
}