{
    "n_estimators": 40,
    "max_depth": 30,
    "gamma": 0.7005249470058132,
    "subsample": 0.8009110606038612,
    "colsample_bytree": 0.747515109423641
}