{
    "C": 0.05918944643935958,
    "gamma": 0.01181014724025671
}