{
    "n_estimators": 10,
    "max_depth": 5,
    "gamma": 0.7969770388528353,
    "subsample": 0.811451395696135,
    "colsample_bytree": 0.5365808438652173
}