{
    "C": 79.00667697855262,
    "gamma": 0.0002467797465028222
}