{
    "C": 94.00816140072483,
    "gamma": 0.015673544590067534
}