{
    "C": 0.03139703883426916,
    "gamma": 0.006049181189533465
}