{
    "C": 6.927598655648052,
    "gamma": 0.10071490764598118
}