{
    "C": 58.850934419701396,
    "gamma": 0.018232405157061368
}