{
    "C": 8.755738778515484,
    "gamma": 0.0011351603142901758
}