{
    "n_estimators": 40,
    "max_depth": 5,
    "gamma": 0.44300954879266374,
    "subsample": 0.7574477032743693,
    "colsample_bytree": 0.5366375677665303
}