{
    "C": 4.993104478069114,
    "gamma": 0.003139184990740136
}