{
    "C": 0.6381133536946217,
    "gamma": 0.024155403082013915
}