{
    "C": 0.3008370298709764,
    "gamma": 0.0077257164437939336
}