{
    "n_estimators": 40,
    "max_depth": 20,
    "gamma": 0.6069653032580499,
    "subsample": 0.9526682320333412,
    "colsample_bytree": 0.9990316921687683
}