{
    "C": 0.07800544757696515,
    "gamma": 0.07921528553098607
}