{
    "C": 98.91504031440121,
    "gamma": 0.001488823197347454
}