{
    "C": 11.820034775395824,
    "gamma": 0.005521447280564719
}