{
    "C": 21.356103505371284,
    "gamma": 0.10994306531399754
}