{
    "C": 5.886586535334342,
    "gamma": 0.036863914103929904
}