{
    "C": 2.464608023513577,
    "gamma": 0.0001058319400524078
}