{
    "C": 40.99120264630094,
    "gamma": 0.0012969943081431467
}