{
    "C": 29.82264241791209,
    "gamma": 0.0061842648743158715
}