{
    "C": 45.1397718845316,
    "gamma": 0.1841332783124867
}