{
    "C": 0.23850544440827423,
    "gamma": 0.006053243682784626
}