{
    "C": 34.271082331352574,
    "gamma": 0.002969527368207928
}