{
    "n_estimators": 10,
    "max_depth": 30,
    "gamma": 0.7785087831194062,
    "subsample": 0.754833110767551,
    "colsample_bytree": 0.5620096397818015
}