{
    "C": 50.85159779821164,
    "gamma": 0.0002651233814278102
}