{
    "n_estimators": 100,
    "max_depth": 5,
    "gamma": 0.8352068895914037,
    "subsample": 0.8070159977930031,
    "colsample_bytree": 0.6438568982458786
}