{
    "C": 2.7555433184950915,
    "gamma": 0.005729159929808201
}