{
    "C": 0.9189593260984218,
    "gamma": 0.029777739228024024
}