{
    "n_estimators": 100,
    "max_depth": 5,
    "gamma": 0.9833608461016816,
    "subsample": 0.9227891629540861,
    "colsample_bytree": 0.5649751610154615
}