{
    "C": 50.8687759049046,
    "gamma": 0.00949829242722698
}