{
    "C": 4.7323167540396955,
    "gamma": 0.10018295090091846
}