{
    "n_estimators": 40,
    "max_depth": 20,
    "gamma": 0.7674420606437726,
    "subsample": 0.8185350038229061,
    "colsample_bytree": 0.7331960928923985
}