{
    "C": 0.5271161473701439,
    "gamma": 0.058291430779203235
}