{
    "C": 6.360347298736745,
    "gamma": 0.002349254323554433
}