{
    "n_estimators": 40,
    "max_depth": 20,
    "gamma": 0.9284141104403522,
    "subsample": 0.5652612596834343,
    "colsample_bytree": 0.7378643287797787
}