{
    "n_estimators": 40,
    "max_depth": 5,
    "gamma": 0.32359117507032664,
    "subsample": 0.6830443145605672,
    "colsample_bytree": 0.9880791395471188
}