{
    "C": 42.97803232835912,
    "gamma": 0.0075517706094136005
}