{
    "n_estimators": 40,
    "max_depth": 5,
    "gamma": 0.7533211461971098,
    "subsample": 0.925845418960846,
    "colsample_bytree": 0.8960446874744932
}