{
    "C": 17.757430319443916,
    "gamma": 0.004833647731819806
}