{
    "n_estimators": 100,
    "max_depth": 30,
    "gamma": 0.4323906318827422,
    "subsample": 0.7679515780576172,
    "colsample_bytree": 0.9069601711127595
}