{
    "C": 26.797397240783226,
    "gamma": 0.0003495826189700153
}