{
    "C": 90.66284705902585,
    "gamma": 0.006907275681763919
}