{
    "n_estimators": 100,
    "max_depth": 5,
    "gamma": 0.14980708037022103,
    "subsample": 0.7242583463963644,
    "colsample_bytree": 0.9933025340567591
}