{
    "C": 65.1531416538983,
    "gamma": 0.000622376963675946
}