{
    "C": 25.723639470631838,
    "gamma": 0.0005482295759903214
}