{
    "C": 0.013423680498024058,
    "gamma": 0.016321686660071208
}