{
    "C": 11.308665411817833,
    "gamma": 0.01150240321308615
}