{
    "C": 77.8651326945774,
    "gamma": 0.006961360691001056
}