{
    "n_estimators": 40,
    "max_depth": 5,
    "gamma": 0.6221587590008623,
    "subsample": 0.9832003970907865,
    "colsample_bytree": 0.7624958078002945
}