{
    "n_estimators": 100,
    "max_depth": 5,
    "gamma": 0.269802674477435,
    "subsample": 0.7591779128386743,
    "colsample_bytree": 0.8583931910606126
}