{
    "C": 0.020110121299196933,
    "gamma": 0.14118573937317921
}