{
    "C": 51.25545049160052,
    "gamma": 0.00302408975933763
}