{
    "n_estimators": 100,
    "max_depth": 30,
    "gamma": 0.948563679006714,
    "subsample": 0.9046700013103253,
    "colsample_bytree": 0.8837546371745584
}