{
    "C": 38.99912372383476,
    "gamma": 0.009533782857343145
}