{
    "C": 1.0773264096441364,
    "gamma": 0.001388074222628603
}