{
    "n_estimators": 100,
    "max_depth": 5,
    "gamma": 0.20503419412962948,
    "subsample": 0.5584958837416418,
    "colsample_bytree": 0.8114057280935938
}