{
    "C": 0.47509237210306143,
    "gamma": 0.05506529897945987
}