{
    "C": 91.61053265228745,
    "gamma": 0.00048501068204132817
}