{
    "C": 70.06511246067933,
    "gamma": 0.0026320731864354413
}