{
    "C": 43.912127288444125,
    "gamma": 0.009429130166237885
}