{
    "n_estimators": 100,
    "max_depth": 20,
    "gamma": 0.5596827686686642,
    "subsample": 0.6475810346803965,
    "colsample_bytree": 0.7843797188943729
}