{
    "C": 0.26681348054526466,
    "gamma": 0.004017860544913713
}