{
    "C": 1.1453722624028977,
    "gamma": 0.0002112779437062833
}