{
    "C": 41.38185822585901,
    "gamma": 0.00028289363340224113
}