{
    "C": 0.8148517493270733,
    "gamma": 0.0012841511346246297
}