{
    "C": 95.62062770461439,
    "gamma": 0.002373896958914809
}