{
    "C": 3.8577789795654405,
    "gamma": 0.031213341733378495
}