{
    "C": 3.9306427118719673,
    "gamma": 0.0002097987692750805
}