{
    "C": 92.08060792558067,
    "gamma": 0.0013712366855113077
}