{
    "n_estimators": 100,
    "max_depth": 5,
    "gamma": 0.9476329101774301,
    "subsample": 0.9035846975138062,
    "colsample_bytree": 0.5215153695488415
}