{
    "C": 54.39744633659216,
    "gamma": 0.00030541313178663264
}