{
    "C": 0.06770555196461242,
    "gamma": 0.01510698237472024
}