{
    "C": 2.1142822769798513,
    "gamma": 0.00019303971183680436
}