{
    "C": 19.88080596716823,
    "gamma": 0.005075321375357879
}