{
    "C": 7.797071817383787,
    "gamma": 0.04697177612797279
}