{
    "C": 18.477119406531248,
    "gamma": 0.0029895549723945552
}