{
    "C": 94.86432096272462,
    "gamma": 0.00012878522449047446
}