{
    "C": 3.1505426074467318,
    "gamma": 0.018670929963755765
}