{
    "C": 51.15581696102426,
    "gamma": 0.02315880787711896
}