{
    "C": 41.247799769680434,
    "gamma": 0.0038579188078794783
}