{
    "C": 10.945755215461915,
    "gamma": 0.07549932944999284
}