{
    "C": 33.82238797718975,
    "gamma": 0.01390258767268999
}