{
    "C": 8.405299804853152,
    "gamma": 0.22383430934068224
}