{
    "C": 76.55121077778817,
    "gamma": 0.00015465178048406053
}