{
    "C": 5.32334817576195,
    "gamma": 0.00108243157259757
}