{
    "C": 1.9157554679532123,
    "gamma": 0.0009326713235706081
}