{
    "n_estimators": 100,
    "max_depth": 30,
    "gamma": 0.5395099121140557,
    "subsample": 0.5581992312339321,
    "colsample_bytree": 0.6873018410989675
}