{
    "C": 32.14143161393932,
    "gamma": 0.003010104040301041
}