{
    "n_estimators": 100,
    "max_depth": 5,
    "gamma": 0.45462002293115455,
    "subsample": 0.9020696082287807,
    "colsample_bytree": 0.6184861339228814
}