{
    "C": 0.011148219882167227,
    "gamma": 0.0049652174585354805
}