{
    "C": 0.09664440629501792,
    "gamma": 0.001956277682172962
}