{
    "C": 11.712036156313884,
    "gamma": 0.0036347217421542365
}