{
    "n_estimators": 100,
    "max_depth": 5,
    "gamma": 0.18690472049939755,
    "subsample": 0.8491972473387666,
    "colsample_bytree": 0.5773932789558922
}