{
    "C": 41.74890000188323,
    "gamma": 0.0006007352789943636
}