{
    "n_estimators": 100,
    "max_depth": 5,
    "gamma": 0.8930278279174113,
    "subsample": 0.9372666653928141,
    "colsample_bytree": 0.8526772404441199
}