{
    "C": 52.27785215320069,
    "gamma": 0.011171889064742082
}