{
    "C": 84.98104018993892,
    "gamma": 0.0006064002446073412
}