{
    "C": 0.47209861032825945,
    "gamma": 0.0009826631576890102
}