{
    "n_estimators": 100,
    "max_depth": 30,
    "gamma": 0.7498991983471641,
    "subsample": 0.5637081116267437,
    "colsample_bytree": 0.7041193029192873
}