{
    "n_estimators": 40,
    "max_depth": 5,
    "gamma": 0.9738892144312379,
    "subsample": 0.5030538480327498,
    "colsample_bytree": 0.5022990870163165
}