{
    "C": 75.06175098680608,
    "gamma": 0.00514904638011109
}