{
    "C": 2.5411119567004072,
    "gamma": 0.00010292217380106134
}