{
    "n_estimators": 100,
    "max_depth": 30,
    "gamma": 0.14728788579301572,
    "subsample": 0.7522320537493931,
    "colsample_bytree": 0.8098372677991582
}