{
    "n_estimators": 100,
    "max_depth": 5,
    "gamma": 0.22949494651054753,
    "subsample": 0.898184197718338,
    "colsample_bytree": 0.5764015993179317
}