{
    "C": 32.130041625583296,
    "gamma": 0.03683738048780853
}