{
    "n_estimators": 100,
    "max_depth": 30,
    "gamma": 0.3739638682109602,
    "subsample": 0.5158344969955281,
    "colsample_bytree": 0.8998024352736556
}