{
    "C": 0.13284946750019608,
    "gamma": 0.005638812956856233
}