{
    "C": 1.529515680597037,
    "gamma": 0.0023224706193407984
}