{
    "n_estimators": 40,
    "max_depth": 20,
    "gamma": 0.5245823591977627,
    "subsample": 0.8940181087620663,
    "colsample_bytree": 0.9967341999322381
}