{
    "C": 70.2832439927224,
    "gamma": 0.0008299970585589788
}