{
    "C": 33.52319641424965,
    "gamma": 0.00419070530494913
}