{
    "C": 3.5891369337437555,
    "gamma": 0.0006765974645163309
}