{
    "C": 7.040739402593967,
    "gamma": 0.003331717644339841
}