{
    "n_estimators": 100,
    "max_depth": 30,
    "gamma": 0.6456137640888919,
    "subsample": 0.6202649524312096,
    "colsample_bytree": 0.997561830036681
}