{
    "C": 32.49457578878123,
    "gamma": 0.03418985414882117
}