{
    "C": 10.664369726802036,
    "gamma": 0.014486901411638713
}