{
    "C": 41.13987980619432,
    "gamma": 0.0008520708652893981
}