{
    "C": 0.29475659456125436,
    "gamma": 0.03003280922368831
}