{
    "C": 0.4901066707267718,
    "gamma": 0.004749979830828284
}