{
    "C": 86.63872000347351,
    "gamma": 0.005609818069623946
}