{
    "n_estimators": 100,
    "max_depth": 5,
    "gamma": 0.2614113636566942,
    "subsample": 0.577407002010075,
    "colsample_bytree": 0.8887148142078876
}