{
    "C": 6.2945662540542315,
    "gamma": 0.00010386654651710326
}