{
    "C": 6.826256186253721,
    "gamma": 0.0003200978077698749
}