{
    "C": 29.938998625983746,
    "gamma": 0.015364628692667446
}