{
    "n_estimators": 40,
    "max_depth": 5,
    "gamma": 0.3410231801911157,
    "subsample": 0.7579529013101214,
    "colsample_bytree": 0.8278672634615978
}