{
    "C": 33.072802537645394,
    "gamma": 0.02948710192644876
}