{
    "n_estimators": 100,
    "max_depth": 30,
    "gamma": 0.33749800385726203,
    "subsample": 0.9633628421268638,
    "colsample_bytree": 0.9195965288999853
}