{
    "C": 34.10907082157162,
    "gamma": 0.012421185866321221
}