{
    "n_estimators": 10,
    "max_depth": 30,
    "gamma": 0.4957566724950541,
    "subsample": 0.8086335226497119,
    "colsample_bytree": 0.6782641732034602
}