{
    "C": 0.119702113338255,
    "gamma": 0.0008680561338416045
}