{
    "C": 2.138404806049355,
    "gamma": 0.007035692902645041
}