{
    "n_estimators": 40,
    "max_depth": 5,
    "gamma": 0.23857958994054296,
    "subsample": 0.8172544263256915,
    "colsample_bytree": 0.9615206382742406
}