{
    "C": 73.1978301680994,
    "gamma": 0.001406386202557242
}