{
    "C": 21.663388690558456,
    "gamma": 0.0032428988796057235
}