{
    "n_estimators": 40,
    "max_depth": 5,
    "gamma": 0.41000154180441223,
    "subsample": 0.6477129401306144,
    "colsample_bytree": 0.8097558498628086
}