{
    "n_estimators": 100,
    "max_depth": 20,
    "gamma": 0.710383980993562,
    "subsample": 0.805865579550726,
    "colsample_bytree": 0.9423648399551308
}