{
    "C": 0.30626315068625615,
    "gamma": 0.003671619666903598
}