{
    "C": 0.16640815956251656,
    "gamma": 0.0428159324575672
}