{
    "C": 2.0644789887232293,
    "gamma": 0.01670351683294968
}