{
    "n_estimators": 40,
    "max_depth": 5,
    "gamma": 0.17754006557929108,
    "subsample": 0.9518098109713242,
    "colsample_bytree": 0.9670306548985665
}