{
    "C": 99.3875967785584,
    "gamma": 0.012937082334558477
}