{
    "n_estimators": 100,
    "max_depth": 5,
    "gamma": 0.6087294273618702,
    "subsample": 0.848129155170633,
    "colsample_bytree": 0.7829040376982248
}