{
    "C": 0.010415800373978169,
    "gamma": 0.15871284291600854
}