{
    "n_estimators": 100,
    "max_depth": 20,
    "gamma": 0.7351212787038574,
    "subsample": 0.7504935290634958,
    "colsample_bytree": 0.8526338303527864
}