{
    "C": 9.474916253017069,
    "gamma": 0.0028623092011551554
}