{
    "C": 19.297735632370205,
    "gamma": 0.0008967625348047393
}