{
    "n_estimators": 10,
    "max_depth": 20,
    "gamma": 0.1554074180041368,
    "subsample": 0.6163822093100453,
    "colsample_bytree": 0.725618526332078
}