{
    "C": 30.06303422344266,
    "gamma": 0.0031628040082646897
}