{
    "C": 14.229899136151754,
    "gamma": 0.0017123731431906983
}