{
    "n_estimators": 100,
    "max_depth": 30,
    "gamma": 0.7785087831194062,
    "subsample": 0.8140298807380065,
    "colsample_bytree": 0.9544052450574199
}