{
    "C": 0.03364484755032396,
    "gamma": 0.0004167172324802366
}