{
    "C": 43.07348159666701,
    "gamma": 0.022235691232937588
}