{
    "n_estimators": 100,
    "max_depth": 30,
    "gamma": 0.6979522769976757,
    "subsample": 0.5854435889747636,
    "colsample_bytree": 0.6892081943328909
}