{
    "C": 92.6426237085578,
    "gamma": 0.002233766244526674
}