{
    "C": 3.2002685643795457,
    "gamma": 0.0014569833135133772
}