{
    "C": 53.35898587598638,
    "gamma": 0.00011097301630614237
}