{
    "C": 21.61090730653384,
    "gamma": 0.0086789623811827
}