{
    "C": 99.41456808192166,
    "gamma": 0.0004459257837915292
}