{
    "C": 0.6157518513590492,
    "gamma": 0.03596516199077853
}