{
    "C": 0.05437667228829987,
    "gamma": 0.0002977076482950517
}