{
    "C": 0.3552176671393121,
    "gamma": 0.16886687660663924
}