{
    "C": 5.4645176521190955,
    "gamma": 0.0001182654393186286
}