{
    "C": 0.8810862532158367,
    "gamma": 0.010290501680532062
}