{
    "C": 93.30299889963058,
    "gamma": 0.0047231096582800395
}