{
    "C": 11.782758068709013,
    "gamma": 0.027874639783747684
}