{
    "C": 74.08770808501309,
    "gamma": 0.00021529153767902424
}