{
    "C": 0.01016864556150738,
    "gamma": 0.00022237275544910868
}