{
    "C": 3.1924350464185642,
    "gamma": 0.000900121721011099
}