{
    "C": 0.10423827786033796,
    "gamma": 0.000390525343283595
}