{
    "C": 0.8738425112572578,
    "gamma": 0.0002841499423630708
}