{
    "n_estimators": 10,
    "max_depth": 5,
    "gamma": 0.6552588263059305,
    "subsample": 0.7256135194774236,
    "colsample_bytree": 0.9239529862988212
}