{
    "C": 0.2150887981262049,
    "gamma": 0.000655322025775876
}