{
    "C": 14.095711509567774,
    "gamma": 0.00861674732513157
}