{
    "n_estimators": 100,
    "max_depth": 5,
    "gamma": 0.39610182912940506,
    "subsample": 0.5971421644072309,
    "colsample_bytree": 0.6958296218493281
}