{
    "n_estimators": 100,
    "max_depth": 5,
    "gamma": 0.5587041989074392,
    "subsample": 0.975822130144305,
    "colsample_bytree": 0.8613659655163468
}