{
    "n_estimators": 40,
    "max_depth": 5,
    "gamma": 0.756960595023021,
    "subsample": 0.6585219840724743,
    "colsample_bytree": 0.8177612471312208
}