{
    "n_estimators": 40,
    "max_depth": 5,
    "gamma": 0.8550472055241201,
    "subsample": 0.7890142212091552,
    "colsample_bytree": 0.6521048716244181
}