{
    "n_estimators": 100,
    "max_depth": 5,
    "gamma": 0.4263869873559871,
    "subsample": 0.6146070325997767,
    "colsample_bytree": 0.6184861339228814
}