{
    "C": 25.656425092476056,
    "gamma": 0.018137164466188637
}