{
    "n_estimators": 10,
    "max_depth": 20,
    "gamma": 0.8625545532829633,
    "subsample": 0.7835214875333496,
    "colsample_bytree": 0.8996580420899125
}