{
    "n_estimators": 100,
    "max_depth": 30,
    "gamma": 0.3030700686030938,
    "subsample": 0.7176804694116705,
    "colsample_bytree": 0.715194861576597
}