{
    "C": 6.4758524099842605,
    "gamma": 0.0002872344740063589
}