{
    "C": 96.70307070998385,
    "gamma": 0.015616224287029593
}