{
    "C": 80.35302207355286,
    "gamma": 0.007057587056077634
}