{
    "n_estimators": 100,
    "max_depth": 5,
    "gamma": 0.4239323242983368,
    "subsample": 0.7781639312119967,
    "colsample_bytree": 0.6883623958467074
}