{
    "C": 36.83314094733978,
    "gamma": 0.00010573383977852807
}