{
    "n_estimators": 100,
    "max_depth": 5,
    "gamma": 0.9879223823225658,
    "subsample": 0.5985767815485566,
    "colsample_bytree": 0.681096702398567
}