{
    "C": 99.38292759769341,
    "gamma": 0.0002277211590168137
}