{
    "C": 0.2235826626999919,
    "gamma": 0.03158332548113222
}