{
    "C": 40.79772413165283,
    "gamma": 0.00048724741595424236
}