{
    "C": 2.671028858547561,
    "gamma": 0.02459231877383277
}