{
    "n_estimators": 40,
    "max_depth": 5,
    "gamma": 0.1843977846902174,
    "subsample": 0.8046635845847534,
    "colsample_bytree": 0.7841636434664024
}