{
    "n_estimators": 100,
    "max_depth": 30,
    "gamma": 0.4570276942162657,
    "subsample": 0.5207197919620343,
    "colsample_bytree": 0.618591080444011
}