{
    "C": 4.7079114124659105,
    "gamma": 0.013849257188909848
}