{
    "C": 6.850381864032124,
    "gamma": 0.0027877591016253664
}