{
    "n_estimators": 100,
    "max_depth": 20,
    "gamma": 0.17937818246830614,
    "subsample": 0.6613629483382921,
    "colsample_bytree": 0.6047254044573109
}