{
    "n_estimators": 100,
    "max_depth": 5,
    "gamma": 0.3542476642230541,
    "subsample": 0.7228417400919622,
    "colsample_bytree": 0.5918158513562307
}