{
    "C": 6.239731085501219,
    "gamma": 0.0001337027180965367
}