{
    "n_estimators": 40,
    "max_depth": 5,
    "gamma": 0.6665038345191073,
    "subsample": 0.9371452133191749,
    "colsample_bytree": 0.7280327620659187
}