{
    "C": 1.8676189892520372,
    "gamma": 0.09606963595092226
}