{
    "n_estimators": 100,
    "max_depth": 5,
    "gamma": 0.6905875682744153,
    "subsample": 0.99606129068485,
    "colsample_bytree": 0.8908116107006063
}