{
    "C": 46.97189655947126,
    "gamma": 0.007894106122242606
}