{
    "n_estimators": 40,
    "max_depth": 30,
    "gamma": 0.6974676688250987,
    "subsample": 0.9304836562572101,
    "colsample_bytree": 0.5927806773723042
}