{
    "C": 97.39487378926987,
    "gamma": 0.040927594155787686
}