{
    "C": 98.90828891754741,
    "gamma": 0.00990017684395003
}