{
    "n_estimators": 100,
    "max_depth": 5,
    "gamma": 0.4988414648853049,
    "subsample": 0.5430793398820838,
    "colsample_bytree": 0.569906997051325
}