{
    "C": 32.6813600437058,
    "gamma": 0.00024721022119580694
}