{
    "C": 91.76642404083589,
    "gamma": 0.000430402529524082
}