{
    "n_estimators": 100,
    "max_depth": 30,
    "gamma": 0.6278995364517936,
    "subsample": 0.9517009576439417,
    "colsample_bytree": 0.5687373520731187
}