{
    "C": 97.93683647888247,
    "gamma": 0.0019448676825592215
}