{
    "C": 3.160823352706228,
    "gamma": 0.006562603794276817
}