{
    "C": 2.8152003302076825,
    "gamma": 0.00010829087229752556
}