{
    "C": 0.04862723445410262,
    "gamma": 0.03163752284624968
}