{
    "C": 0.022508459981835885,
    "gamma": 0.004394745477123976
}