{
    "C": 28.228434822783605,
    "gamma": 0.06185555391341161
}