{
    "C": 66.5007649076188,
    "gamma": 0.014021336468251908
}