{
    "n_estimators": 100,
    "max_depth": 30,
    "gamma": 0.2305542128155192,
    "subsample": 0.6845001594895501,
    "colsample_bytree": 0.6207341915676976
}