{
    "C": 99.28262966210087,
    "gamma": 0.005178960866693208
}