{
    "n_estimators": 100,
    "max_depth": 30,
    "gamma": 0.1862393266539111,
    "subsample": 0.8207153040455177,
    "colsample_bytree": 0.849770057600955
}