{
    "C": 97.20361701248814,
    "gamma": 0.0002154676708243311
}