{
    "C": 21.322520639638697,
    "gamma": 0.007998582114606939
}