{
    "C": 17.447080279507706,
    "gamma": 0.003139184990740136
}