{
    "C": 75.56479256230233,
    "gamma": 0.001782129961697538
}