{
    "n_estimators": 100,
    "max_depth": 20,
    "gamma": 0.6423323039445645,
    "subsample": 0.998392930825679,
    "colsample_bytree": 0.9046359661423489
}