{
    "n_estimators": 40,
    "max_depth": 5,
    "gamma": 0.6593319505543098,
    "subsample": 0.5249228561883639,
    "colsample_bytree": 0.7385946533603022
}