{
    "C": 8.104232971655588,
    "gamma": 0.004352295399790688
}