{
    "C": 30.023027169294547,
    "gamma": 0.006707471683581594
}