{
    "C": 5.18943783327537,
    "gamma": 0.00035105166308863544
}