{
    "C": 35.786240116963256,
    "gamma": 0.001878171810847862
}