{
    "n_estimators": 40,
    "max_depth": 5,
    "gamma": 0.5475040174197869,
    "subsample": 0.895032576655055,
    "colsample_bytree": 0.6144359257371753
}