{
    "C": 31.356304816640097,
    "gamma": 0.01031315103851133
}