{
    "C": 2.5720903441566008,
    "gamma": 0.0003942073423716642
}