{
    "n_estimators": 40,
    "max_depth": 5,
    "gamma": 0.29716067274360347,
    "subsample": 0.6578554900368044,
    "colsample_bytree": 0.5901842798726346
}