{
    "C": 39.36692629870414,
    "gamma": 0.0002898659255244556
}