{
    "C": 45.05419349970753,
    "gamma": 0.023445606607838305
}