{
    "n_estimators": 40,
    "max_depth": 30,
    "gamma": 0.32798426033538874,
    "subsample": 0.6231450744722077,
    "colsample_bytree": 0.7937136551455629
}