{
    "C": 41.404870593370454,
    "gamma": 0.0019093397064938236
}