{
    "C": 42.132914921641884,
    "gamma": 0.004141888589050847
}