{
    "n_estimators": 40,
    "max_depth": 20,
    "gamma": 0.8378834877893937,
    "subsample": 0.8393895691845602,
    "colsample_bytree": 0.8009226642813787
}