{
    "C": 90.22736336329262,
    "gamma": 0.013444522876459563
}