{
    "n_estimators": 100,
    "max_depth": 5,
    "gamma": 0.1806912115536693,
    "subsample": 0.8789892646939536,
    "colsample_bytree": 0.506072490158374
}