{
    "C": 95.95473653031209,
    "gamma": 0.0023061523279913074
}