{
    "n_estimators": 10,
    "max_depth": 5,
    "gamma": 0.11747018931448144,
    "subsample": 0.6585008246385008,
    "colsample_bytree": 0.5194598469043703
}