{
    "C": 36.77878836966068,
    "gamma": 0.002006205509275297
}