{
    "C": 3.9351617957478955,
    "gamma": 0.04758152093005181
}