{
    "n_estimators": 10,
    "max_depth": 5,
    "gamma": 0.11132541504315885,
    "subsample": 0.6518824205184826,
    "colsample_bytree": 0.5222467176724002
}