{
    "n_estimators": 100,
    "max_depth": 30,
    "gamma": 0.4366245637300624,
    "subsample": 0.9416686538516683,
    "colsample_bytree": 0.7787949526153648
}