{
    "C": 4.611403358483179,
    "gamma": 0.005394992623038552
}