{
    "C": 36.13060378386515,
    "gamma": 0.00035350489956032476
}