{
    "C": 10.400659562623774,
    "gamma": 0.0011621848796939036
}