{
    "C": 94.57821629692454,
    "gamma": 0.001903232064865748
}