{
    "C": 11.492624749259317,
    "gamma": 0.020582949636688608
}