{
    "n_estimators": 10,
    "max_depth": 20,
    "gamma": 0.2546630228692505,
    "subsample": 0.5852270499674441,
    "colsample_bytree": 0.7227029601296806
}