{
    "C": 0.1356579629850094,
    "gamma": 0.034336287433299875
}