{
    "n_estimators": 40,
    "max_depth": 5,
    "gamma": 0.5977565870620279,
    "subsample": 0.9930789494265013,
    "colsample_bytree": 0.7370949431632399
}