{
    "n_estimators": 100,
    "max_depth": 5,
    "gamma": 0.23473328319140083,
    "subsample": 0.6321646290129112,
    "colsample_bytree": 0.7063267171883466
}