{
    "C": 98.90828891754741,
    "gamma": 0.012067845527294768
}