{
    "n_estimators": 100,
    "max_depth": 5,
    "gamma": 0.8471835462552413,
    "subsample": 0.9093243670426628,
    "colsample_bytree": 0.6958296218493281
}