{
    "C": 13.11536950073109,
    "gamma": 0.05574863327068554
}