{
    "n_estimators": 40,
    "max_depth": 5,
    "gamma": 0.6543212837690926,
    "subsample": 0.7133447837031881,
    "colsample_bytree": 0.7241612051208073
}