{
    "C": 1.6290140021399302,
    "gamma": 0.0009765451126599272
}