{
    "C": 35.168390907741326,
    "gamma": 0.0013324419039524647
}