{
    "C": 92.67105704645444,
    "gamma": 0.00015360324979391977
}