{
    "C": 22.894799897107955,
    "gamma": 0.0008269103885923957
}