{
    "n_estimators": 10,
    "max_depth": 20,
    "gamma": 0.7812297209957236,
    "subsample": 0.8086335226497119,
    "colsample_bytree": 0.5550010201365927
}