{
    "C": 99.63071156330614,
    "gamma": 0.0590332810113527
}