{
    "C": 14.234298174379713,
    "gamma": 0.00014602978166405065
}