{
    "C": 86.69907561574534,
    "gamma": 0.002535147656205105
}