{
    "C": 6.403924525183353,
    "gamma": 0.031401227204545974
}