{
    "C": 2.5519923063586765,
    "gamma": 0.03320384586751046
}