{
    "C": 45.0753418370502,
    "gamma": 0.0037392780245741213
}