{
    "C": 1.5059057140579568,
    "gamma": 0.0014695306798234798
}