{
    "n_estimators": 10,
    "max_depth": 5,
    "gamma": 0.1467547069092228,
    "subsample": 0.6092682990612521,
    "colsample_bytree": 0.8934640287334401
}