{
    "C": 93.56654651111624,
    "gamma": 0.002844325392379909
}