{
    "C": 98.53474933891084,
    "gamma": 0.0030050539676055436
}