{
    "C": 9.880883624904147,
    "gamma": 0.025068375172728197
}