{
    "n_estimators": 40,
    "max_depth": 5,
    "gamma": 0.9124611246777445,
    "subsample": 0.590927507348697,
    "colsample_bytree": 0.9775063564039159
}