{
    "n_estimators": 100,
    "max_depth": 5,
    "gamma": 0.7159858879125987,
    "subsample": 0.8060188495757046,
    "colsample_bytree": 0.774665187620459
}