{
    "C": 2.1810121132747895,
    "gamma": 0.005033339350218376
}