{
    "C": 31.683534871521303,
    "gamma": 0.0003060829187824379
}