{
    "C": 0.012740080176150737,
    "gamma": 0.08241768416202325
}