{
    "C": 36.84848621132974,
    "gamma": 0.0001882721111120056
}