{
    "C": 81.23650667110566,
    "gamma": 0.004161543915484822
}