{
    "C": 8.549068782434295,
    "gamma": 0.0014203679979741721
}