{
    "n_estimators": 40,
    "max_depth": 5,
    "gamma": 0.3607779643909888,
    "subsample": 0.6312576713862121,
    "colsample_bytree": 0.8139974383064422
}