{
    "C": 99.20450691281512,
    "gamma": 0.0011372674400773547
}