{
    "C": 25.749618053392542,
    "gamma": 0.003350677840868607
}