{
    "C": 99.49267583541646,
    "gamma": 0.0022180226643534976
}