{
    "C": 2.3629869120447213,
    "gamma": 0.0025114859356411365
}