{
    "C": 3.061397902021056,
    "gamma": 0.003981766978756152
}