{
    "n_estimators": 10,
    "max_depth": 20,
    "gamma": 0.47373286418667115,
    "subsample": 0.5531120505754769,
    "colsample_bytree": 0.9799081111263114
}