{
    "n_estimators": 100,
    "max_depth": 30,
    "gamma": 0.11149512708384873,
    "subsample": 0.6305031842424564,
    "colsample_bytree": 0.611568325491693
}