{
    "C": 96.79522065638437,
    "gamma": 0.0007694309124323757
}