{
    "n_estimators": 40,
    "max_depth": 5,
    "gamma": 0.3382963352444155,
    "subsample": 0.8641017854156624,
    "colsample_bytree": 0.6810224864832864
}