{
    "n_estimators": 100,
    "max_depth": 5,
    "gamma": 0.38025199030027024,
    "subsample": 0.9394007334121643,
    "colsample_bytree": 0.6815628131171605
}