{
    "C": 82.23904793318407,
    "gamma": 0.0003174767503321238
}