{
    "C": 1.6075254265954166,
    "gamma": 0.01757266191747955
}