{
    "C": 69.83927303612217,
    "gamma": 0.004052445360535798
}