{
    "C": 13.816638691248304,
    "gamma": 0.0005489638661035811
}