{
    "C": 96.3656733315701,
    "gamma": 0.0006064002446073412
}