{
    "C": 45.56948574215418,
    "gamma": 0.0012521832920570045
}