{
    "C": 8.133988311752255,
    "gamma": 0.0005589823422976997
}