{
    "n_estimators": 100,
    "max_depth": 20,
    "gamma": 0.44195516107209665,
    "subsample": 0.7782563703790735,
    "colsample_bytree": 0.6973655526361192
}