{
    "C": 9.264083294113433,
    "gamma": 0.0018003070389438932
}