{
    "n_estimators": 100,
    "max_depth": 20,
    "gamma": 0.16716357858780567,
    "subsample": 0.8600997862813604,
    "colsample_bytree": 0.5007500457256886
}