{
    "C": 1.5965834028940304,
    "gamma": 0.06801289958688554
}