{
    "n_estimators": 100,
    "max_depth": 5,
    "gamma": 0.5527004915701096,
    "subsample": 0.6444285766864974,
    "colsample_bytree": 0.5145307620232324
}