{
    "C": 15.646270179938764,
    "gamma": 0.06673096897650937
}