{
    "C": 84.98104018993892,
    "gamma": 0.006982836689354962
}