{
    "n_estimators": 100,
    "max_depth": 20,
    "gamma": 0.6334412602866077,
    "subsample": 0.5509118822874055,
    "colsample_bytree": 0.9538636722712169
}