{
    "C": 18.796382851181605,
    "gamma": 0.15062530827642798
}