{
    "C": 41.38185822585901,
    "gamma": 0.007660805197351217
}