{
    "C": 50.578663522726174,
    "gamma": 0.0017536737018312932
}