{
    "n_estimators": 100,
    "max_depth": 5,
    "gamma": 0.22696566661900475,
    "subsample": 0.6113838175003208,
    "colsample_bytree": 0.6772009364064788
}