{
    "n_estimators": 40,
    "max_depth": 5,
    "gamma": 0.872453478195811,
    "subsample": 0.9983244171210205,
    "colsample_bytree": 0.6206661293148344
}