{
    "C": 3.467323572029044,
    "gamma": 0.05617404484056215
}