{
    "n_estimators": 40,
    "max_depth": 20,
    "gamma": 0.28676429168334877,
    "subsample": 0.5617708712754302,
    "colsample_bytree": 0.8730220940755352
}