{
    "C": 0.35481852427257404,
    "gamma": 0.0012591182686508546
}