{
    "C": 20.546411380623024,
    "gamma": 0.000316201615415791
}