{
    "C": 3.683992527080851,
    "gamma": 0.027639788906259836
}