{
    "n_estimators": 100,
    "max_depth": 5,
    "gamma": 0.9884744356261281,
    "subsample": 0.565914267088752,
    "colsample_bytree": 0.9008262891050942
}