{
    "C": 10.312415951573698,
    "gamma": 0.010520633602019215
}