{
    "n_estimators": 100,
    "max_depth": 30,
    "gamma": 0.19032918271705124,
    "subsample": 0.9999643830025303,
    "colsample_bytree": 0.9495446119736494
}