{
    "C": 0.012525798186617199,
    "gamma": 0.05181222932999388
}