{
    "n_estimators": 100,
    "max_depth": 20,
    "gamma": 0.9248084405553751,
    "subsample": 0.873854811095872,
    "colsample_bytree": 0.9877216960274469
}