{
    "n_estimators": 100,
    "max_depth": 5,
    "gamma": 0.926113134986906,
    "subsample": 0.9051118954749053,
    "colsample_bytree": 0.9745481882022927
}