{
    "C": 94.76880768899963,
    "gamma": 0.01085115973695949
}