{
    "n_estimators": 100,
    "max_depth": 5,
    "gamma": 0.6576496803137047,
    "subsample": 0.7890925688383665,
    "colsample_bytree": 0.5025172743308675
}