{
    "C": 0.5314403567821974,
    "gamma": 0.006115778730339618
}