{
    "C": 3.5644246341081844,
    "gamma": 0.004259970192578225
}