{
    "n_estimators": 40,
    "max_depth": 20,
    "gamma": 0.9464719685739904,
    "subsample": 0.9018698850061588,
    "colsample_bytree": 0.9916796241121663
}