{
    "C": 0.35001936375585424,
    "gamma": 0.1460232122825459
}