{
    "n_estimators": 40,
    "max_depth": 5,
    "gamma": 0.5095624215318676,
    "subsample": 0.6448120308274917,
    "colsample_bytree": 0.7221120520809101
}