{
    "C": 8.133032271029899,
    "gamma": 0.0010961563858789224
}