{
    "n_estimators": 10,
    "max_depth": 20,
    "gamma": 0.8129241747816143,
    "subsample": 0.5696109851922426,
    "colsample_bytree": 0.7968103985654142
}