{
    "C": 96.70307070998385,
    "gamma": 0.0020730084554671895
}