{
    "C": 51.36616628050288,
    "gamma": 0.00797335207636829
}