{
    "C": 27.7541189089737,
    "gamma": 0.010600484316967347
}