{
    "C": 42.8218778244786,
    "gamma": 0.05800757621824044
}