{
    "C": 25.873293581515643,
    "gamma": 0.035619684051323944
}