{
    "C": 4.14566535615877,
    "gamma": 0.05080709901843675
}