{
    "C": 28.006893866587735,
    "gamma": 0.00010889389257802202
}