{
    "n_estimators": 100,
    "max_depth": 20,
    "gamma": 0.12810557331129335,
    "subsample": 0.666884628849921,
    "colsample_bytree": 0.9348664549191552
}