{
    "C": 0.8823798473308099,
    "gamma": 0.010501549333781618
}