{
    "C": 7.625435493054359,
    "gamma": 0.02166298119741927
}