{
    "C": 7.261153023277858,
    "gamma": 0.0077297448633159346
}