{
    "C": 1.553642640603634,
    "gamma": 0.06452227863024562
}