{
    "C": 0.5256650900172344,
    "gamma": 0.056261530538074575
}