{
    "C": 18.715007601061952,
    "gamma": 0.002599004760513585
}