{
    "n_estimators": 100,
    "max_depth": 5,
    "gamma": 0.596574624628818,
    "subsample": 0.8704940312416686,
    "colsample_bytree": 0.8526772404441199
}