{
    "C": 0.08470890287512436,
    "gamma": 0.004354520525422089
}