{
    "C": 93.6870036592214,
    "gamma": 0.0002994869064620084
}