{
    "C": 25.278168787028378,
    "gamma": 0.018280802647404844
}