{
    "n_estimators": 100,
    "max_depth": 30,
    "gamma": 0.6152799196989628,
    "subsample": 0.8810079903539721,
    "colsample_bytree": 0.8776054540323064
}