{
    "C": 95.83792879711066,
    "gamma": 0.0003626142673978997
}