{
    "C": 0.09718128401213721,
    "gamma": 0.0019498649901937047
}