{
    "C": 12.417050516491729,
    "gamma": 0.00018684232314947414
}