{
    "C": 2.1963224367365317,
    "gamma": 0.004930123118563712
}