{
    "n_estimators": 100,
    "max_depth": 5,
    "gamma": 0.5882211906920883,
    "subsample": 0.9305790984582838,
    "colsample_bytree": 0.989507322982363
}