{
    "C": 92.68140381058339,
    "gamma": 0.0027926539469445267
}