{
    "C": 12.026330604407732,
    "gamma": 0.12335042122013418
}