{
    "C": 11.620918438934732,
    "gamma": 0.005760574607478775
}