{
    "C": 90.82246916359905,
    "gamma": 0.0038532276153470718
}