{
    "n_estimators": 100,
    "max_depth": 5,
    "gamma": 0.5449029446194361,
    "subsample": 0.7150234071055932,
    "colsample_bytree": 0.8673829085180849
}