{
    "C": 54.85848886395087,
    "gamma": 0.008080249444254197
}