{
    "C": 28.006893866587735,
    "gamma": 0.00010356941593615326
}