{
    "C": 2.066243423696845,
    "gamma": 0.00913340717471383
}