{
    "n_estimators": 40,
    "max_depth": 20,
    "gamma": 0.20385366504119756,
    "subsample": 0.7543588579082202,
    "colsample_bytree": 0.9985650133517796
}