{
    "C": 42.634319250166946,
    "gamma": 0.04029817966995621
}