{
    "C": 95.58359035318772,
    "gamma": 0.04492307631470099
}