{
    "C": 97.63594796229309,
    "gamma": 0.0014151529865808826
}