{
    "C": 19.965896086412823,
    "gamma": 0.006982836689354962
}