{
    "n_estimators": 40,
    "max_depth": 5,
    "gamma": 0.11747018931448144,
    "subsample": 0.6729442422805333,
    "colsample_bytree": 0.9715083346653923
}