{
    "C": 2.928377863437214,
    "gamma": 0.03714897606332902
}