{
    "C": 69.39274549653189,
    "gamma": 0.0031651625594431264
}