{
    "C": 2.8903595432651445,
    "gamma": 0.0003804120794476975
}