{
    "C": 17.997853544368994,
    "gamma": 0.02876052777792657
}