{
    "n_estimators": 100,
    "max_depth": 20,
    "gamma": 0.2586249905251224,
    "subsample": 0.8980910141707503,
    "colsample_bytree": 0.8033521940844317
}