{
    "C": 0.020194502448102298,
    "gamma": 0.13172711156111802
}