{
    "C": 97.03965039216206,
    "gamma": 0.0004970609422420771
}