{
    "n_estimators": 100,
    "max_depth": 20,
    "gamma": 0.6276014574026934,
    "subsample": 0.8269586887750522,
    "colsample_bytree": 0.6673406928530483
}