{
    "C": 41.21065023616515,
    "gamma": 0.004754012535038831
}