{
    "n_estimators": 100,
    "max_depth": 5,
    "gamma": 0.5743335096484132,
    "subsample": 0.5552830979802431,
    "colsample_bytree": 0.9996304091700403
}