{
    "C": 36.213796686846415,
    "gamma": 0.07685222664524873
}