{
    "C": 39.51344887770313,
    "gamma": 0.0005425229843843694
}