{
    "C": 91.23921600335086,
    "gamma": 0.0009997844432136917
}