{
    "C": 39.236983417442424,
    "gamma": 0.11529524183845699
}