{
    "C": 40.09227917641452,
    "gamma": 0.02852689384525669
}