{
    "C": 96.54931049320636,
    "gamma": 0.00284752616042287
}