{
    "n_estimators": 100,
    "max_depth": 30,
    "gamma": 0.5924615304503025,
    "subsample": 0.7701166165054684,
    "colsample_bytree": 0.9088619240864309
}