{
    "C": 0.49501595537331966,
    "gamma": 0.03833332156156663
}