{
    "C": 96.6083148254425,
    "gamma": 0.020035147122435974
}