{
    "n_estimators": 40,
    "max_depth": 30,
    "gamma": 0.6772024321318563,
    "subsample": 0.8825257789847396,
    "colsample_bytree": 0.6857474377242676
}