{
    "C": 26.531068090077593,
    "gamma": 0.0012441705303227522
}