{
    "C": 5.9191754149792315,
    "gamma": 0.00021331824763511477
}