{
    "C": 10.967495919258498,
    "gamma": 0.001633590413172891
}