{
    "n_estimators": 10,
    "max_depth": 30,
    "gamma": 0.9449955558290053,
    "subsample": 0.8902649886973554,
    "colsample_bytree": 0.6545405599685793
}