{
    "C": 13.171304407979257,
    "gamma": 0.00030346836506403156
}