{
    "C": 10.37890850211296,
    "gamma": 0.0002901708723188427
}