{
    "C": 2.768890270266024,
    "gamma": 0.0007696776222979221
}