{
    "n_estimators": 100,
    "max_depth": 20,
    "gamma": 0.4642762340280662,
    "subsample": 0.6515530605905624,
    "colsample_bytree": 0.763173825177574
}