{
    "C": 0.03591195164141826,
    "gamma": 0.06416960028917267
}