{
    "n_estimators": 100,
    "max_depth": 30,
    "gamma": 0.21874800178900666,
    "subsample": 0.691475828838156,
    "colsample_bytree": 0.8997266627231114
}