{
    "C": 0.05095278306478697,
    "gamma": 0.00044832158897404733
}