{
    "C": 12.06542185500066,
    "gamma": 0.09122403593594013
}