{
    "n_estimators": 40,
    "max_depth": 5,
    "gamma": 0.2614201940179387,
    "subsample": 0.9169964623521056,
    "colsample_bytree": 0.928325571782824
}