{
    "C": 17.24675956605733,
    "gamma": 0.0013042528936077855
}