{
    "C": 2.7477921134068026,
    "gamma": 0.00032298256709490574
}