{
    "n_estimators": 40,
    "max_depth": 30,
    "gamma": 0.8599846034069103,
    "subsample": 0.8019332783535529,
    "colsample_bytree": 0.7936068454878676
}