{
    "C": 98.51939761545465,
    "gamma": 0.00040141469335204635
}