{
    "C": 1.9844004156680959,
    "gamma": 0.00034907274570214757
}