{
    "n_estimators": 40,
    "max_depth": 20,
    "gamma": 0.6050760977127789,
    "subsample": 0.6649043814651822,
    "colsample_bytree": 0.6441543819838016
}