{
    "C": 3.2848105613054788,
    "gamma": 0.012999792142910782
}