{
    "C": 5.046141069782025,
    "gamma": 0.05642883160765518
}