{
    "n_estimators": 10,
    "max_depth": 5,
    "gamma": 0.18349206026013531,
    "subsample": 0.6512880896594048,
    "colsample_bytree": 0.6191626702793542
}