{
    "C": 99.36457356786775,
    "gamma": 0.04358879996644859
}