{
    "C": 18.565421256232366,
    "gamma": 0.029237491574964438
}