{
    "C": 74.96490448691101,
    "gamma": 0.07936547597068513
}