{
    "C": 86.4658377305505,
    "gamma": 0.00020554017188052198
}