{
    "n_estimators": 100,
    "max_depth": 5,
    "gamma": 0.7441311155227031,
    "subsample": 0.9069787400970211,
    "colsample_bytree": 0.7942513150397449
}