{
    "n_estimators": 40,
    "max_depth": 5,
    "gamma": 0.5984745191301739,
    "subsample": 0.884096982046481,
    "colsample_bytree": 0.9941933503927958
}