{
    "C": 0.8987621100554035,
    "gamma": 0.027988231123708972
}