{
    "C": 8.041571319152368,
    "gamma": 0.00010703891395238094
}