{
    "C": 58.40875539554029,
    "gamma": 0.009298332943937589
}