{
    "C": 63.089462807168296,
    "gamma": 0.0030792443304114327
}