{
    "n_estimators": 100,
    "max_depth": 5,
    "gamma": 0.7826918870948096,
    "subsample": 0.5882782397672957,
    "colsample_bytree": 0.6345801688845565
}