{
    "C": 98.38263381591965,
    "gamma": 0.0020843753444987796
}