{
    "C": 8.858775271525742,
    "gamma": 0.0019495746519515218
}