{
    "C": 0.22254432805295746,
    "gamma": 0.06744602372517154
}