{
    "n_estimators": 10,
    "max_depth": 5,
    "gamma": 0.3724367138266351,
    "subsample": 0.7751472888504467,
    "colsample_bytree": 0.8393900392125123
}