{
    "C": 48.94045346725962,
    "gamma": 0.005029565513463126
}