{
    "C": 22.958054697114637,
    "gamma": 0.0002656511735323426
}