{
    "C": 93.71621785255695,
    "gamma": 0.10527818045462897
}