{
    "C": 0.592225683053986,
    "gamma": 0.0030328589282359805
}