{
    "n_estimators": 40,
    "max_depth": 30,
    "gamma": 0.6887094427069739,
    "subsample": 0.7649781005648755,
    "colsample_bytree": 0.5301146478104003
}