{
    "C": 99.39264958153267,
    "gamma": 0.0009632900968406345
}