{
    "C": 27.64552757936752,
    "gamma": 0.0002921425333457984
}