{
    "n_estimators": 100,
    "max_depth": 30,
    "gamma": 0.6034396170118855,
    "subsample": 0.8219841135724093,
    "colsample_bytree": 0.6817331695536968
}