{
    "C": 72.23974250237366,
    "gamma": 0.005818502860444505
}