{
    "n_estimators": 40,
    "max_depth": 30,
    "gamma": 0.26460274519010973,
    "subsample": 0.6634183901093039,
    "colsample_bytree": 0.710204686351664
}