{
    "C": 93.1408730330075,
    "gamma": 0.0012291951519728735
}