{
    "C": 36.051938195966,
    "gamma": 0.00024947730085737104
}