{
    "C": 2.3847696271230534,
    "gamma": 0.00022260043054164462
}