{
    "n_estimators": 100,
    "max_depth": 30,
    "gamma": 0.35328722618778186,
    "subsample": 0.6430086474678001,
    "colsample_bytree": 0.777358707668785
}