{
    "n_estimators": 100,
    "max_depth": 30,
    "gamma": 0.1254868439527082,
    "subsample": 0.7492889152147453,
    "colsample_bytree": 0.5005994889935242
}