{
    "C": 98.5161672357174,
    "gamma": 0.0004860512068589269
}