{
    "C": 19.704879481943458,
    "gamma": 0.0023456175273430997
}