{
    "C": 6.571209562428138,
    "gamma": 0.00013755458450644907
}