{
    "C": 75.3152153243993,
    "gamma": 0.007148006592429144
}