{
    "n_estimators": 100,
    "max_depth": 5,
    "gamma": 0.25178406528228947,
    "subsample": 0.7341683466320832,
    "colsample_bytree": 0.8152593581518206
}