{
    "C": 1.722532372964626,
    "gamma": 0.026947903883293916
}