{
    "n_estimators": 100,
    "max_depth": 30,
    "gamma": 0.34587952970391056,
    "subsample": 0.6592169147512574,
    "colsample_bytree": 0.8526338303527864
}