{
    "C": 37.49902486816053,
    "gamma": 0.0009072182308685026
}