{
    "C": 25.574633021629644,
    "gamma": 0.006359187872534101
}