{
    "n_estimators": 100,
    "max_depth": 5,
    "gamma": 0.3137878135991245,
    "subsample": 0.6908943486279483,
    "colsample_bytree": 0.59530954080648
}