{
    "C": 98.8524174294979,
    "gamma": 0.010325332100343847
}