{
    "C": 33.86149862039817,
    "gamma": 0.0212149551406502
}