{
    "C": 34.51052455521465,
    "gamma": 0.006211630828965496
}