{
    "C": 76.57483392331226,
    "gamma": 0.002829737906906995
}