{
    "C": 0.4656804637919569,
    "gamma": 0.07608481233714794
}