{
    "C": 43.75968844705767,
    "gamma": 0.01242252162211222
}