{
    "n_estimators": 40,
    "max_depth": 5,
    "gamma": 0.27474137216671224,
    "subsample": 0.7113403072855011,
    "colsample_bytree": 0.6632900891033793
}