{
    "C": 98.72749402811321,
    "gamma": 0.004797785130691069
}