{
    "C": 89.73932309881619,
    "gamma": 0.0019270416238153696
}