{
    "n_estimators": 40,
    "max_depth": 5,
    "gamma": 0.32359117507032664,
    "subsample": 0.7187470692461426,
    "colsample_bytree": 0.525322130410742
}