{
    "C": 88.77407664341389,
    "gamma": 0.001041237698973147
}