{
    "C": 0.012302678805628338,
    "gamma": 0.0019929987572893616
}