{
    "C": 2.17232890183835,
    "gamma": 0.004358919050681745
}