{
    "n_estimators": 40,
    "max_depth": 30,
    "gamma": 0.826395518036385,
    "subsample": 0.7654818864878556,
    "colsample_bytree": 0.8080531342818172
}