{
    "C": 0.029645478173066273,
    "gamma": 0.0030328589282359805
}