{
    "C": 21.937219241948174,
    "gamma": 0.0003690833684948363
}