{
    "C": 48.83469123635446,
    "gamma": 0.006584025954640125
}