{
    "n_estimators": 100,
    "max_depth": 5,
    "gamma": 0.9979768193552232,
    "subsample": 0.7148929807184379,
    "colsample_bytree": 0.7008700154195548
}