{
    "C": 75.42439490104475,
    "gamma": 0.00040707375289136816
}