{
    "C": 23.53757202841369,
    "gamma": 0.004508408306504347
}