{
    "C": 3.454225646092145,
    "gamma": 0.00010752673674755611
}