{
    "C": 6.641138328227339,
    "gamma": 0.013849257188909848
}