{
    "C": 9.610263641308233,
    "gamma": 0.013819142754305076
}