{
    "C": 28.364561490583085,
    "gamma": 0.0006882310071035152
}