{
    "C": 33.73685582812792,
    "gamma": 0.006947139934631366
}