{
    "C": 97.20374068773235,
    "gamma": 0.0016220894439105441
}