{
    "n_estimators": 100,
    "max_depth": 20,
    "gamma": 0.42036503479353504,
    "subsample": 0.6978478264454914,
    "colsample_bytree": 0.8885292168812964
}