{
    "C": 0.6078116637352925,
    "gamma": 0.3435892831797703
}