{
    "C": 3.1372030964912683,
    "gamma": 0.007964467854937212
}