{
    "n_estimators": 40,
    "max_depth": 30,
    "gamma": 0.9812253751967408,
    "subsample": 0.7399868403109557,
    "colsample_bytree": 0.6482538739616946
}