{
    "C": 0.01594325686965602,
    "gamma": 0.0007709456956902812
}