{
    "n_estimators": 10,
    "max_depth": 20,
    "gamma": 0.8690322327285804,
    "subsample": 0.685945778192892,
    "colsample_bytree": 0.5006195131752086
}