{
    "n_estimators": 100,
    "max_depth": 30,
    "gamma": 0.7322616856908026,
    "subsample": 0.7732289606757311,
    "colsample_bytree": 0.5164147778497119
}