{
    "C": 55.85037302714849,
    "gamma": 0.016341368047487575
}