{
    "C": 42.32865114138885,
    "gamma": 0.006878252503213759
}