{
    "C": 39.138927895825745,
    "gamma": 0.001924673926484237
}