{
    "C": 0.9074753835488815,
    "gamma": 0.002782493801131902
}