{
    "n_estimators": 100,
    "max_depth": 5,
    "gamma": 0.22134787008186008,
    "subsample": 0.9990485442733925,
    "colsample_bytree": 0.7210581754149723
}