{
    "C": 5.34542893881563,
    "gamma": 0.00010563082811754515
}