{
    "C": 5.1071845316875555,
    "gamma": 0.006935410627033685
}