{
    "C": 48.83594892262204,
    "gamma": 0.0014771101020931712
}