{
    "n_estimators": 40,
    "max_depth": 30,
    "gamma": 0.7043132836036405,
    "subsample": 0.7243439858444126,
    "colsample_bytree": 0.5754603825929531
}