{
    "C": 0.015642134075727888,
    "gamma": 0.08284739156693177
}