{
    "C": 3.065468024681861,
    "gamma": 0.0003383402263279142
}