{
    "n_estimators": 10,
    "max_depth": 30,
    "gamma": 0.2971731557179943,
    "subsample": 0.5992661423760883,
    "colsample_bytree": 0.6691279415225232
}