{
    "C": 6.8797687539979675,
    "gamma": 0.027699400345201516
}