{
    "n_estimators": 40,
    "max_depth": 5,
    "gamma": 0.4159988777952715,
    "subsample": 0.5562589597920532,
    "colsample_bytree": 0.8061115668502595
}