{
    "n_estimators": 100,
    "max_depth": 5,
    "gamma": 0.10626253424893489,
    "subsample": 0.9464110926623075,
    "colsample_bytree": 0.9953777969792671
}