{
    "n_estimators": 10,
    "max_depth": 20,
    "gamma": 0.4567532131796827,
    "subsample": 0.7768954118817739,
    "colsample_bytree": 0.6787751419654664
}