{
    "C": 36.3023134240058,
    "gamma": 0.01123820584276445
}