{
    "C": 43.34044309937179,
    "gamma": 0.001979098122900269
}