{
    "C": 2.099078362107095,
    "gamma": 0.003920556113952193
}