{
    "C": 91.78775489711344,
    "gamma": 0.0011545686069539107
}