{
    "C": 17.034878403769298,
    "gamma": 0.002432559469945695
}