{
    "C": 8.351921212186108,
    "gamma": 0.07070843966588111
}