{
    "C": 40.561036385884606,
    "gamma": 0.01123820584276445
}