{
    "C": 97.62409886524786,
    "gamma": 0.007035692902645041
}