{
    "n_estimators": 40,
    "max_depth": 5,
    "gamma": 0.22375657680978298,
    "subsample": 0.7534618317397753,
    "colsample_bytree": 0.8243538377594909
}