{
    "C": 50.22388390738927,
    "gamma": 0.005375794759577132
}