{
    "C": 17.467565466696897,
    "gamma": 0.00010539047273810367
}