{
    "C": 87.5265170626575,
    "gamma": 0.005806605328036558
}