{
    "n_estimators": 100,
    "max_depth": 30,
    "gamma": 0.12291479404853033,
    "subsample": 0.7764001764881215,
    "colsample_bytree": 0.6396837639902918
}