{
    "C": 2.835743205030568,
    "gamma": 0.00030359230628266865
}