{
    "C": 0.42265645599203233,
    "gamma": 0.03145459868370244
}