{
    "n_estimators": 10,
    "max_depth": 5,
    "gamma": 0.5246851408863953,
    "subsample": 0.9330319675411735,
    "colsample_bytree": 0.6559926587597747
}