{
    "C": 0.19347536467555546,
    "gamma": 0.0016570158378335724
}