{
    "C": 0.5594526599405089,
    "gamma": 0.0021805948918250336
}