{
    "C": 32.99497225849168,
    "gamma": 0.0003230894823033186
}