{
    "C": 4.739998919345805,
    "gamma": 0.0014968249242377914
}