{
    "n_estimators": 40,
    "max_depth": 5,
    "gamma": 0.40615551489257684,
    "subsample": 0.7187149804963306,
    "colsample_bytree": 0.5006131734090129
}