{
    "C": 0.3660215002242478,
    "gamma": 0.0024566027193601587
}