{
    "C": 2.296135115499234,
    "gamma": 0.00036176584611206393
}