{
    "n_estimators": 40,
    "max_depth": 20,
    "gamma": 0.2927815962833925,
    "subsample": 0.839236849488735,
    "colsample_bytree": 0.6059126387052882
}