{
    "C": 80.78963648177103,
    "gamma": 0.003602235777913314
}