{
    "C": 83.92825878503209,
    "gamma": 0.02025634251809632
}