{
    "C": 97.86378927438956,
    "gamma": 0.001616873883412606
}