{
    "C": 46.387382447212566,
    "gamma": 0.0010031093202079598
}