{
    "n_estimators": 100,
    "max_depth": 30,
    "gamma": 0.34780047719576057,
    "subsample": 0.7138153531213238,
    "colsample_bytree": 0.6161778264327487
}