{
    "C": 0.04219361287069224,
    "gamma": 0.0640866068160359
}