{
    "n_estimators": 40,
    "max_depth": 5,
    "gamma": 0.1961480913914483,
    "subsample": 0.6668881240240473,
    "colsample_bytree": 0.9155406026193251
}