{
    "C": 1.7089611399942557,
    "gamma": 0.0051106187488748735
}