{
    "C": 0.019684423077535592,
    "gamma": 0.025100341785066378
}