{
    "C": 54.579214468253845,
    "gamma": 0.03893525643964398
}