{
    "n_estimators": 40,
    "max_depth": 5,
    "gamma": 0.7673853308535201,
    "subsample": 0.6903875331084167,
    "colsample_bytree": 0.6121238040591803
}