{
    "C": 44.37619195512245,
    "gamma": 0.01090466692262448
}