{
    "C": 0.5723022386161746,
    "gamma": 0.038687967062924385
}