{
    "n_estimators": 40,
    "max_depth": 5,
    "gamma": 0.34307380599981524,
    "subsample": 0.5393835402591707,
    "colsample_bytree": 0.6935954050110835
}