{
    "C": 66.81612534904068,
    "gamma": 0.00010742557762883696
}