{
    "C": 47.8740087120795,
    "gamma": 0.02789597110578126
}