{
    "n_estimators": 10,
    "max_depth": 20,
    "gamma": 0.5296610393664296,
    "subsample": 0.6829451928902965,
    "colsample_bytree": 0.9189589971546304
}