{
    "C": 45.488371323981426,
    "gamma": 0.00042222167848841836
}