{
    "n_estimators": 100,
    "max_depth": 20,
    "gamma": 0.5549594265687077,
    "subsample": 0.890705011158967,
    "colsample_bytree": 0.9268133347813571
}