{
    "C": 12.62374468816282,
    "gamma": 0.003403409604221568
}