{
    "C": 2.2191230526661507,
    "gamma": 0.03849032857701861
}