{
    "C": 62.67878593618876,
    "gamma": 0.0452165386365727
}