{
    "C": 36.41915812169945,
    "gamma": 0.0028706453378956236
}