{
    "C": 0.6058889889970622,
    "gamma": 0.003700210071460796
}