{
    "n_estimators": 100,
    "max_depth": 30,
    "gamma": 0.6780933889202577,
    "subsample": 0.8801008270703261,
    "colsample_bytree": 0.8257104910115571
}