{
    "C": 3.9372659849786893,
    "gamma": 0.01664925344407201
}