{
    "C": 0.09705496954037182,
    "gamma": 0.0029778685578748516
}