{
    "C": 0.48025424062174377,
    "gamma": 0.002095749079193946
}