{
    "n_estimators": 100,
    "max_depth": 30,
    "gamma": 0.157062635361989,
    "subsample": 0.7364601449560734,
    "colsample_bytree": 0.754830506898888
}