{
    "C": 98.55361579759558,
    "gamma": 0.0003708715250302647
}