{
    "n_estimators": 40,
    "max_depth": 5,
    "gamma": 0.10320183957643626,
    "subsample": 0.5083591729011359,
    "colsample_bytree": 0.5367783702744849
}