{
    "C": 0.1945827391466313,
    "gamma": 0.0076257183054720115
}