{
    "n_estimators": 40,
    "max_depth": 5,
    "gamma": 0.23533584475661967,
    "subsample": 0.7748495802105885,
    "colsample_bytree": 0.7111905040278096
}