{
    "n_estimators": 10,
    "max_depth": 5,
    "gamma": 0.14480694581611997,
    "subsample": 0.6721456439148578,
    "colsample_bytree": 0.903694378439058
}