{
    "n_estimators": 10,
    "max_depth": 30,
    "gamma": 0.8838064535590687,
    "subsample": 0.9964837447201369,
    "colsample_bytree": 0.5617273296498353
}