{
    "n_estimators": 100,
    "max_depth": 30,
    "gamma": 0.45734291249241216,
    "subsample": 0.7759909773098492,
    "colsample_bytree": 0.5979998698989717
}