{
    "n_estimators": 10,
    "max_depth": 5,
    "gamma": 0.9827299943584324,
    "subsample": 0.6039534913195208,
    "colsample_bytree": 0.6982696093441931
}