{
    "C": 97.96718242522874,
    "gamma": 0.12331610573431519
}