{
    "n_estimators": 40,
    "max_depth": 20,
    "gamma": 0.8604904895176883,
    "subsample": 0.7579252723644871,
    "colsample_bytree": 0.5706079387283799
}