{
    "C": 10.453799926540183,
    "gamma": 0.0001429888030681925
}