{
    "n_estimators": 100,
    "max_depth": 5,
    "gamma": 0.13060145557905778,
    "subsample": 0.9474348294786152,
    "colsample_bytree": 0.6743780789749614
}