{
    "C": 40.77978307549181,
    "gamma": 0.030331760070456286
}