{
    "C": 42.15079524617019,
    "gamma": 0.002216025044795016
}