{
    "C": 13.64081522805133,
    "gamma": 0.0005592307773049661
}