{
    "n_estimators": 100,
    "max_depth": 20,
    "gamma": 0.10054396926644694,
    "subsample": 0.7788398848840006,
    "colsample_bytree": 0.5210360158704569
}