{
    "n_estimators": 10,
    "max_depth": 20,
    "gamma": 0.8031367365933791,
    "subsample": 0.6741049595153292,
    "colsample_bytree": 0.5993979348816525
}