{
    "C": 23.705718850087525,
    "gamma": 0.00254877537141053
}