{
    "C": 15.598113057601621,
    "gamma": 0.023656289496463007
}