{
    "C": 0.12483536851263409,
    "gamma": 0.007665937200961446
}