{
    "n_estimators": 40,
    "max_depth": 20,
    "gamma": 0.9894607367239925,
    "subsample": 0.8807128696132422,
    "colsample_bytree": 0.9375796568686313
}