{
    "n_estimators": 10,
    "max_depth": 30,
    "gamma": 0.9898601938697293,
    "subsample": 0.9125321808155427,
    "colsample_bytree": 0.8982183333929101
}