{
    "C": 0.020374042319248116,
    "gamma": 0.017221727275562693
}