{
    "C": 7.493231683203321,
    "gamma": 0.0006423073254989481
}