{
    "n_estimators": 40,
    "max_depth": 5,
    "gamma": 0.6429278152632223,
    "subsample": 0.7173281254025771,
    "colsample_bytree": 0.566609667722446
}