{
    "n_estimators": 100,
    "max_depth": 5,
    "gamma": 0.6552420100467853,
    "subsample": 0.6695126731404544,
    "colsample_bytree": 0.501117258414173
}