{
    "C": 1.8874692455285722,
    "gamma": 0.06795880024920084
}