{
    "C": 1.6340843782733554,
    "gamma": 0.08188642950231621
}