{
    "C": 3.3893153434940686,
    "gamma": 0.00037865753946631306
}