{
    "C": 80.23867988123385,
    "gamma": 0.00030995234364355025
}