{
    "n_estimators": 100,
    "max_depth": 5,
    "gamma": 0.988122520799281,
    "subsample": 0.5021379173614867,
    "colsample_bytree": 0.5007500457256886
}