{
    "C": 2.3525715615175726,
    "gamma": 0.39772437288590484
}