{
    "n_estimators": 40,
    "max_depth": 20,
    "gamma": 0.731592870756046,
    "subsample": 0.865479194363753,
    "colsample_bytree": 0.9183087112127863
}