{
    "C": 11.754153721848132,
    "gamma": 0.003450106275621409
}