{
    "n_estimators": 40,
    "max_depth": 5,
    "gamma": 0.10955149218552321,
    "subsample": 0.9165681946112946,
    "colsample_bytree": 0.5010974852459126
}