{
    "C": 78.78369375457646,
    "gamma": 0.002905172053842183
}