{
    "C": 5.267854293112711,
    "gamma": 0.00012269166740677332
}