{
    "C": 15.908228055231701,
    "gamma": 0.009850838466587441
}