{
    "n_estimators": 40,
    "max_depth": 20,
    "gamma": 0.4594632207324615,
    "subsample": 0.9818908617691766,
    "colsample_bytree": 0.6191774234393236
}