{
    "C": 20.988405535825507,
    "gamma": 0.02781015384879642
}