{
    "C": 2.0303529914897998,
    "gamma": 0.01741244452316649
}