{
    "C": 98.8344943828612,
    "gamma": 0.015133468324339637
}