{
    "C": 56.54455504653901,
    "gamma": 0.005899585143133813
}