{
    "C": 7.272181742688688,
    "gamma": 0.000582009164639594
}