{
    "n_estimators": 40,
    "max_depth": 30,
    "gamma": 0.3273879186161104,
    "subsample": 0.665140085163926,
    "colsample_bytree": 0.9715083346653923
}