{
    "C": 73.02365028249386,
    "gamma": 0.00036811559903871216
}