{
    "C": 5.849478710392448,
    "gamma": 0.051389306251197225
}