{
    "C": 0.011228847352323114,
    "gamma": 0.0003791394713464215
}