{
    "C": 6.240022600371941,
    "gamma": 0.0014968249242377914
}