{
    "C": 77.72004257707216,
    "gamma": 0.0015903972047295071
}