{
    "C": 35.10425673328642,
    "gamma": 0.011082702892966537
}