{
    "n_estimators": 100,
    "max_depth": 5,
    "gamma": 0.31158926853478597,
    "subsample": 0.918057837641663,
    "colsample_bytree": 0.8531514636885453
}