{
    "C": 21.789249934007987,
    "gamma": 0.0005648957733051415
}