{
    "C": 24.994629766546275,
    "gamma": 0.00147469118426264
}