{
    "C": 0.47303662958545284,
    "gamma": 0.05666821043161934
}