{
    "C": 77.9820276897551,
    "gamma": 0.0019352634401919241
}