{
    "n_estimators": 40,
    "max_depth": 20,
    "gamma": 0.8974172756148853,
    "subsample": 0.8915832592272791,
    "colsample_bytree": 0.9677121244590472
}