{
    "C": 6.064554732317436,
    "gamma": 0.000750647530912499
}