{
    "C": 1.6478344432622136,
    "gamma": 0.06873205435363493
}