{
    "n_estimators": 40,
    "max_depth": 5,
    "gamma": 0.5147644224249304,
    "subsample": 0.5146749793878775,
    "colsample_bytree": 0.815479657978966
}