{
    "C": 2.676115696553831,
    "gamma": 0.003592506490405075
}