{
    "n_estimators": 10,
    "max_depth": 20,
    "gamma": 0.7411198014356537,
    "subsample": 0.8571917966626298,
    "colsample_bytree": 0.8346482644222228
}