{
    "C": 5.003087648648307,
    "gamma": 0.01198347910589332
}