{
    "n_estimators": 100,
    "max_depth": 5,
    "gamma": 0.21952878916431473,
    "subsample": 0.9210501689155954,
    "colsample_bytree": 0.8836861843933527
}