{
    "n_estimators": 100,
    "max_depth": 30,
    "gamma": 0.5000525972938846,
    "subsample": 0.8373187193122422,
    "colsample_bytree": 0.8750323407636671
}