{
    "C": 91.87059207302568,
    "gamma": 0.0031011274128592233
}