{
    "C": 0.4668949853708895,
    "gamma": 0.017169565852473867
}