{
    "n_estimators": 100,
    "max_depth": 30,
    "gamma": 0.10278176245750642,
    "subsample": 0.5657159664587075,
    "colsample_bytree": 0.5918158513562307
}