{
    "n_estimators": 40,
    "max_depth": 30,
    "gamma": 0.6025282177293739,
    "subsample": 0.8984322343664971,
    "colsample_bytree": 0.5024489477387901
}