{
    "n_estimators": 100,
    "max_depth": 5,
    "gamma": 0.37066218031383596,
    "subsample": 0.9217438570132677,
    "colsample_bytree": 0.7070843666478801
}