{
    "C": 0.05552520738042022,
    "gamma": 0.00032558586098192267
}