{
    "n_estimators": 40,
    "max_depth": 20,
    "gamma": 0.8257209168716839,
    "subsample": 0.8538493958518565,
    "colsample_bytree": 0.9015884723384824
}