{
    "C": 2.099600955534587,
    "gamma": 0.0002389259990848756
}