{
    "n_estimators": 40,
    "max_depth": 30,
    "gamma": 0.6223954336002551,
    "subsample": 0.9433300431906332,
    "colsample_bytree": 0.8894977629705323
}