{
    "n_estimators": 100,
    "max_depth": 5,
    "gamma": 0.9012820171370879,
    "subsample": 0.6621717817537711,
    "colsample_bytree": 0.8693676235218948
}