{
    "C": 4.81783727183584,
    "gamma": 0.001137021577939298
}