{
    "n_estimators": 100,
    "max_depth": 30,
    "gamma": 0.47971796017588236,
    "subsample": 0.7649202808042735,
    "colsample_bytree": 0.6938885288030346
}