{
    "C": 99.05444726135379,
    "gamma": 0.007479306266956641
}