{
    "C": 38.15314893910223,
    "gamma": 0.00010052852966448652
}