{
    "C": 33.677750988787054,
    "gamma": 0.0045156279522843715
}