{
    "n_estimators": 40,
    "max_depth": 5,
    "gamma": 0.7080308845659756,
    "subsample": 0.5615447154597754,
    "colsample_bytree": 0.8355014356011917
}