{
    "C": 23.764604806463907,
    "gamma": 0.000622376963675946
}