{
    "n_estimators": 40,
    "max_depth": 20,
    "gamma": 0.10691399058713552,
    "subsample": 0.7423034483989784,
    "colsample_bytree": 0.9155406026193251
}