{
    "C": 1.4313485748159664,
    "gamma": 0.0006342080850380679
}