{
    "C": 23.367127767732416,
    "gamma": 0.24324021842033441
}