{
    "n_estimators": 10,
    "max_depth": 30,
    "gamma": 0.5882211906920883,
    "subsample": 0.6229905723427045,
    "colsample_bytree": 0.732511591588721
}