{
    "C": 9.703003905225277,
    "gamma": 0.008286908830394221
}