{
    "C": 35.80432195269662,
    "gamma": 0.005070478390257838
}