{
    "n_estimators": 40,
    "max_depth": 20,
    "gamma": 0.10524408962017368,
    "subsample": 0.744474250517046,
    "colsample_bytree": 0.8574238151011672
}