{
    "C": 0.023260758706796898,
    "gamma": 0.0025567779960425094
}