{
    "C": 99.34832503883543,
    "gamma": 0.009098268269590298
}