{
    "C": 1.579973895360496,
    "gamma": 0.005511750757691415
}