{
    "C": 56.744177307834306,
    "gamma": 0.005441470273507324
}