{
    "n_estimators": 100,
    "max_depth": 30,
    "gamma": 0.435332817718967,
    "subsample": 0.8942191216925504,
    "colsample_bytree": 0.8879383353732725
}