{
    "C": 11.035476151562436,
    "gamma": 0.005323257029312011
}