{
    "C": 1.9133172368197178,
    "gamma": 0.0038583783723397038
}