{
    "C": 77.06195189309533,
    "gamma": 0.0028771054708409097
}