{
    "n_estimators": 40,
    "max_depth": 5,
    "gamma": 0.7277697378024364,
    "subsample": 0.7606503333854063,
    "colsample_bytree": 0.823324133140564
}