{
    "C": 0.018574335584703686,
    "gamma": 0.0440285598902559
}