{
    "C": 0.3303997688735973,
    "gamma": 0.03909239180044607
}