{
    "C": 2.0087989675377185,
    "gamma": 0.01685406387057319
}