{
    "n_estimators": 100,
    "max_depth": 5,
    "gamma": 0.2722717037142056,
    "subsample": 0.6273634225686773,
    "colsample_bytree": 0.5135283722890784
}