{
    "n_estimators": 10,
    "max_depth": 30,
    "gamma": 0.31696175912597535,
    "subsample": 0.6294780394723992,
    "colsample_bytree": 0.8441051948933572
}