{
    "C": 14.863010003125435,
    "gamma": 0.00010851127057256657
}