{
    "n_estimators": 100,
    "max_depth": 5,
    "gamma": 0.7971745471156498,
    "subsample": 0.7544779959401693,
    "colsample_bytree": 0.9635089894099842
}