{
    "C": 63.60357698683174,
    "gamma": 0.0034603670553611608
}