{
    "n_estimators": 40,
    "max_depth": 5,
    "gamma": 0.8936342604149983,
    "subsample": 0.5038320214351781,
    "colsample_bytree": 0.6750954827650661
}