{
    "C": 10.683441601660462,
    "gamma": 0.00047979752179921073
}