{
    "C": 95.94902329216782,
    "gamma": 0.03131743447684064
}