{
    "n_estimators": 40,
    "max_depth": 5,
    "gamma": 0.30924761505819914,
    "subsample": 0.7308105004121668,
    "colsample_bytree": 0.6212915174465659
}