{
    "C": 99.00236289492193,
    "gamma": 0.001180682681522933
}