{
    "C": 6.34287839911929,
    "gamma": 0.01206074891094233
}