{
    "C": 0.08529298465080307,
    "gamma": 0.00011106960237430257
}