{
    "n_estimators": 100,
    "max_depth": 5,
    "gamma": 0.8474672692052572,
    "subsample": 0.7832824106486092,
    "colsample_bytree": 0.7831086775978017
}