{
    "C": 0.6934987772898928,
    "gamma": 0.001427921865483904
}