{
    "C": 0.04326176740527183,
    "gamma": 0.030139847823957257
}