{
    "C": 42.72353189492217,
    "gamma": 0.013103544032978554
}