{
    "C": 1.450094803958231,
    "gamma": 0.020507931481969933
}