{
    "n_estimators": 40,
    "max_depth": 30,
    "gamma": 0.9294535172777563,
    "subsample": 0.6456203711676284,
    "colsample_bytree": 0.8752086516024505
}