{
    "C": 4.292285077898229,
    "gamma": 0.059763775475435724
}