{
    "C": 33.49123690830047,
    "gamma": 0.006721859464131276
}