{
    "C": 12.288339936751779,
    "gamma": 0.0016229604641574793
}