{
    "C": 27.344676496750946,
    "gamma": 0.034885188912092344
}