{
    "C": 96.90235379853893,
    "gamma": 0.00028399154379377307
}