{
    "C": 36.16731744542003,
    "gamma": 0.006770418521445064
}