{
    "n_estimators": 100,
    "max_depth": 5,
    "gamma": 0.36843991611320054,
    "subsample": 0.6512880896594048,
    "colsample_bytree": 0.9538636722712169
}