{
    "C": 57.72496997028978,
    "gamma": 0.005326530182927261
}