{
    "C": 40.04995080527554,
    "gamma": 0.0001862206564344041
}