{
    "C": 94.0073644875566,
    "gamma": 0.0033588555978902247
}