{
    "n_estimators": 10,
    "max_depth": 5,
    "gamma": 0.7791052729229824,
    "subsample": 0.7530388261291696,
    "colsample_bytree": 0.8249596055982271
}