{
    "n_estimators": 40,
    "max_depth": 20,
    "gamma": 0.2493650280455365,
    "subsample": 0.7811199781293865,
    "colsample_bytree": 0.8884565751651229
}