{
    "C": 0.1945827391466313,
    "gamma": 0.0035074372845391557
}