{
    "n_estimators": 10,
    "max_depth": 20,
    "gamma": 0.9943849621697313,
    "subsample": 0.5265430700079919,
    "colsample_bytree": 0.7735035710597546
}