{
    "C": 4.049103261079055,
    "gamma": 0.02610804267799746
}