{
    "n_estimators": 100,
    "max_depth": 20,
    "gamma": 0.6251497693480509,
    "subsample": 0.9696496759824258,
    "colsample_bytree": 0.9717700410079397
}