{
    "n_estimators": 100,
    "max_depth": 5,
    "gamma": 0.3611909412184921,
    "subsample": 0.6529137676162926,
    "colsample_bytree": 0.581857713826394
}