{
    "C": 0.3549398156725888,
    "gamma": 0.16216504295475886
}