{
    "C": 0.010010539860510492,
    "gamma": 0.0016193110912440748
}