{
    "C": 39.581830852607546,
    "gamma": 0.1034141727209102
}