{
    "n_estimators": 100,
    "max_depth": 5,
    "gamma": 0.11966904911829734,
    "subsample": 0.6421390529591685,
    "colsample_bytree": 0.9742701816348989
}