{
    "n_estimators": 100,
    "max_depth": 30,
    "gamma": 0.13445536345660636,
    "subsample": 0.9731731741682396,
    "colsample_bytree": 0.9446716873952172
}