{
    "n_estimators": 10,
    "max_depth": 30,
    "gamma": 0.2956484745467342,
    "subsample": 0.9870711347114001,
    "colsample_bytree": 0.6439410296216201
}