{
    "C": 22.51051169066457,
    "gamma": 0.015816792889032042
}