{
    "n_estimators": 100,
    "max_depth": 5,
    "gamma": 0.8729010264676184,
    "subsample": 0.9957036626758076,
    "colsample_bytree": 0.735968586676174
}