{
    "n_estimators": 100,
    "max_depth": 5,
    "gamma": 0.5549594265687077,
    "subsample": 0.8676120684129788,
    "colsample_bytree": 0.5109307198351781
}