{
    "C": 45.90112111250892,
    "gamma": 0.002222288483200614
}