{
    "C": 53.22890823805082,
    "gamma": 0.002022859610410132
}