{
    "C": 96.96109195980058,
    "gamma": 0.00017538083308473045
}