{
    "n_estimators": 40,
    "max_depth": 5,
    "gamma": 0.8574020023052779,
    "subsample": 0.9379026937864837,
    "colsample_bytree": 0.7556663872132149
}