{
    "C": 21.835220798832474,
    "gamma": 0.0023480756660358084
}