{
    "C": 16.995480589851233,
    "gamma": 0.029784300540090677
}