{
    "C": 5.115885347396666,
    "gamma": 0.051179521551352906
}