{
    "C": 0.034539797048540495,
    "gamma": 0.01133215445049292
}