{
    "C": 48.59085528696224,
    "gamma": 0.003330488588608354
}