{
    "n_estimators": 100,
    "max_depth": 30,
    "gamma": 0.7539108460734847,
    "subsample": 0.8131138647518807,
    "colsample_bytree": 0.8284009408831569
}