{
    "C": 17.98187228467218,
    "gamma": 0.0026760907511251247
}