{
    "n_estimators": 100,
    "max_depth": 5,
    "gamma": 0.33342048906558946,
    "subsample": 0.914441577736454,
    "colsample_bytree": 0.7808617230834268
}