{
    "C": 3.529301363119234,
    "gamma": 0.03451463054280321
}