{
    "C": 95.62064171974473,
    "gamma": 0.0002505325273548575
}