{
    "n_estimators": 40,
    "max_depth": 20,
    "gamma": 0.9586569792955356,
    "subsample": 0.9804984321845828,
    "colsample_bytree": 0.7441300844426748
}