{
    "C": 1.271622208527796,
    "gamma": 0.02405334348367529
}