{
    "C": 28.199473611006507,
    "gamma": 0.0055182751803527965
}