{
    "n_estimators": 10,
    "max_depth": 5,
    "gamma": 0.1646226317050326,
    "subsample": 0.634407956299467,
    "colsample_bytree": 0.5894121996087919
}