{
    "C": 55.020780282700564,
    "gamma": 0.004654835741823152
}