{
    "C": 1.8476468964171713,
    "gamma": 0.004318664997227271
}