{
    "C": 2.6239779316446454,
    "gamma": 0.00027126490044158827
}