{
    "C": 80.03561831520389,
    "gamma": 0.09230186263064032
}