{
    "C": 6.186010237917383,
    "gamma": 0.005553605797525339
}