{
    "C": 99.12000451867489,
    "gamma": 0.007475358218722302
}