{
    "n_estimators": 100,
    "max_depth": 30,
    "gamma": 0.37414260252773446,
    "subsample": 0.9517894295630779,
    "colsample_bytree": 0.8311414078320613
}