{
    "C": 36.65976949313111,
    "gamma": 0.0013119403813967238
}