{
    "C": 43.66797249226468,
    "gamma": 0.0014151473506998134
}