{
    "C": 15.97448634784159,
    "gamma": 0.002561579885298714
}