{
    "n_estimators": 100,
    "max_depth": 30,
    "gamma": 0.4379063325873484,
    "subsample": 0.6416688419082204,
    "colsample_bytree": 0.537770662103564
}