{
    "C": 50.105801972891896,
    "gamma": 0.005924030784375644
}