{
    "C": 48.086068369986165,
    "gamma": 0.0011284364327522397
}