{
    "n_estimators": 100,
    "max_depth": 5,
    "gamma": 0.6643421862128274,
    "subsample": 0.8522262197397629,
    "colsample_bytree": 0.5879807211711012
}