{
    "C": 96.66685136331316,
    "gamma": 0.015087356177866884
}