{
    "n_estimators": 100,
    "max_depth": 30,
    "gamma": 0.4972194274193621,
    "subsample": 0.7520002196895763,
    "colsample_bytree": 0.6617706587673494
}