{
    "n_estimators": 40,
    "max_depth": 30,
    "gamma": 0.6616661001405102,
    "subsample": 0.7925510469048351,
    "colsample_bytree": 0.5732901064151072
}