{
    "C": 30.319423316988967,
    "gamma": 0.009376309504433411
}