{
    "n_estimators": 40,
    "max_depth": 5,
    "gamma": 0.28470816860510195,
    "subsample": 0.9552368407780243,
    "colsample_bytree": 0.9399489518044145
}