{
    "C": 99.34832503883543,
    "gamma": 0.013103544032978554
}