{
    "C": 22.274483455467152,
    "gamma": 0.004469012026882742
}