{
    "C": 80.58294229237706,
    "gamma": 0.0026839983575779867
}