{
    "C": 16.752328760278758,
    "gamma": 0.0019929987572893616
}