{
    "n_estimators": 100,
    "max_depth": 30,
    "gamma": 0.3552667583114842,
    "subsample": 0.9982710370462082,
    "colsample_bytree": 0.8207860924838358
}