{
    "C": 94.9521510328347,
    "gamma": 0.008529497585479981
}