{
    "C": 0.16676437087726112,
    "gamma": 0.000890243685494492
}