{
    "C": 38.950716202306964,
    "gamma": 0.004174401718411772
}