{
    "C": 10.885561612127407,
    "gamma": 0.001516433034812649
}