{
    "C": 28.149287306542,
    "gamma": 0.0005065650611944523
}