{
    "C": 3.454225646092145,
    "gamma": 0.04920330178902686
}