{
    "C": 5.190697400457895,
    "gamma": 0.0003060829187824379
}