{
    "C": 0.012618919933355476,
    "gamma": 0.0006557830819013351
}