{
    "n_estimators": 40,
    "max_depth": 5,
    "gamma": 0.9719974785944517,
    "subsample": 0.6584345527352627,
    "colsample_bytree": 0.9098112361897608
}