{
    "n_estimators": 40,
    "max_depth": 20,
    "gamma": 0.15703741585562975,
    "subsample": 0.9322982889549338,
    "colsample_bytree": 0.8995689926147559
}