{
    "C": 6.4818929459279895,
    "gamma": 0.013892146856122887
}