{
    "C": 68.07849739747883,
    "gamma": 0.0026583333198354005
}