{
    "C": 92.98788736873688,
    "gamma": 0.003008756371716921
}