{
    "C": 0.10916615917032124,
    "gamma": 0.03361794286564648
}