{
    "C": 16.660687617468184,
    "gamma": 0.004840545813688769
}