{
    "n_estimators": 100,
    "max_depth": 30,
    "gamma": 0.23719693882999165,
    "subsample": 0.6043801519875717,
    "colsample_bytree": 0.8444521649019275
}