{
    "C": 21.890586643112556,
    "gamma": 0.005033339350218376
}