{
    "n_estimators": 100,
    "max_depth": 5,
    "gamma": 0.5116035986306421,
    "subsample": 0.7179506862479499,
    "colsample_bytree": 0.5867658081818828
}