{
    "C": 5.7424477898703215,
    "gamma": 0.001505325647457978
}