{
    "n_estimators": 10,
    "max_depth": 30,
    "gamma": 0.6738995705678295,
    "subsample": 0.6083839568899603,
    "colsample_bytree": 0.6669101295229316
}