{
    "C": 0.45544023485375945,
    "gamma": 0.002047380588158725
}