{
    "C": 51.30944600299095,
    "gamma": 0.005548475108495862
}