{
    "n_estimators": 100,
    "max_depth": 5,
    "gamma": 0.34433142874156997,
    "subsample": 0.6746231358030232,
    "colsample_bytree": 0.5816639556800176
}