{
    "C": 88.40432381567636,
    "gamma": 0.001863220577759835
}