{
    "n_estimators": 100,
    "max_depth": 5,
    "gamma": 0.12907986492657064,
    "subsample": 0.9059153066758995,
    "colsample_bytree": 0.8926679635904115
}