{
    "C": 0.545965483719196,
    "gamma": 0.002570163594148578
}