{
    "n_estimators": 100,
    "max_depth": 30,
    "gamma": 0.7663612085286677,
    "subsample": 0.9114785800665721,
    "colsample_bytree": 0.5919265782957113
}