{
    "C": 9.904534520179409,
    "gamma": 0.0038088703348636453
}