{
    "n_estimators": 100,
    "max_depth": 30,
    "gamma": 0.17504870182776797,
    "subsample": 0.7210240708220026,
    "colsample_bytree": 0.903856384394622
}