{
    "C": 19.019629017429317,
    "gamma": 0.034190620430313
}