{
    "C": 96.70307070998385,
    "gamma": 0.01989574560146382
}