{
    "C": 41.96940474364054,
    "gamma": 0.001500029686075564
}