{
    "C": 86.17852273347508,
    "gamma": 0.0012408247055547598
}