{
    "C": 18.633804959477523,
    "gamma": 0.020880981651061746
}