{
    "C": 0.04564291369219424,
    "gamma": 0.0013779612169567787
}