{
    "n_estimators": 40,
    "max_depth": 30,
    "gamma": 0.5202205233114974,
    "subsample": 0.6919953957394397,
    "colsample_bytree": 0.9502165043732712
}