{
    "C": 41.37550492478902,
    "gamma": 0.0368623267545117
}