{
    "C": 19.932715685830892,
    "gamma": 0.006135357670243454
}