{
    "n_estimators": 40,
    "max_depth": 5,
    "gamma": 0.755024058303147,
    "subsample": 0.9770864174263507,
    "colsample_bytree": 0.8045991750012154
}