{
    "n_estimators": 40,
    "max_depth": 5,
    "gamma": 0.2773677502884162,
    "subsample": 0.9160782767659559,
    "colsample_bytree": 0.7215188044101166
}