{
    "C": 5.985622223583809,
    "gamma": 0.015891842386239564
}