{
    "C": 98.16927061180219,
    "gamma": 0.00024211160952757206
}