{
    "C": 40.58060413514321,
    "gamma": 0.0004948877878783292
}