{
    "C": 1.0755488164364568,
    "gamma": 0.0058488343457478885
}