{
    "C": 0.09259384516828711,
    "gamma": 0.0016137713663161336
}