{
    "C": 23.05892448703174,
    "gamma": 0.003346139614416783
}