{
    "C": 86.11973069723932,
    "gamma": 0.08779735692304892
}