{
    "C": 92.92442052909253,
    "gamma": 0.00028078195117614096
}