{
    "C": 99.36673287136274,
    "gamma": 0.0038582884934200597
}