{
    "C": 28.31271098394182,
    "gamma": 0.02876052777792657
}