{
    "n_estimators": 40,
    "max_depth": 30,
    "gamma": 0.22371300383783585,
    "subsample": 0.9271562204562936,
    "colsample_bytree": 0.587101355784198
}