{
    "C": 0.03131712819278664,
    "gamma": 0.0030483463942107027
}