{
    "C": 57.67705564426806,
    "gamma": 0.0016366866195964187
}