{
    "C": 0.25707709152788416,
    "gamma": 0.0001239925683467219
}