{
    "C": 20.329581897504095,
    "gamma": 0.03243100402330265
}