{
    "n_estimators": 10,
    "max_depth": 20,
    "gamma": 0.8266655935041561,
    "subsample": 0.5925962851532278,
    "colsample_bytree": 0.8854161133904761
}