{
    "n_estimators": 40,
    "max_depth": 30,
    "gamma": 0.5427993719858694,
    "subsample": 0.6667025291762496,
    "colsample_bytree": 0.5296611431934517
}