{
    "C": 37.1685414153539,
    "gamma": 0.003982273786965162
}