{
    "n_estimators": 10,
    "max_depth": 20,
    "gamma": 0.7052843209171826,
    "subsample": 0.656023612377123,
    "colsample_bytree": 0.7054420228311264
}