{
    "C": 95.58700111528495,
    "gamma": 0.010781760407807102
}