{
    "C": 8.09027166968415,
    "gamma": 0.005985187208337879
}