{
    "C": 0.3187905653146353,
    "gamma": 0.002210397846783689
}