{
    "n_estimators": 10,
    "max_depth": 5,
    "gamma": 0.10575057238698657,
    "subsample": 0.5843861231229354,
    "colsample_bytree": 0.6632042275887902
}