{
    "C": 0.05929693787224032,
    "gamma": 0.024790685371967155
}