{
    "C": 9.08407909935862,
    "gamma": 0.11627370433764074
}