{
    "C": 18.302342349136023,
    "gamma": 0.007452745928286488
}