{
    "C": 20.75469187945163,
    "gamma": 0.0023895733575262147
}