{
    "C": 76.55121077778817,
    "gamma": 0.0021560304061661994
}