{
    "C": 0.19177857587228683,
    "gamma": 0.007853189946473046
}