{
    "n_estimators": 100,
    "max_depth": 5,
    "gamma": 0.9186341749476523,
    "subsample": 0.6066926767899578,
    "colsample_bytree": 0.7260619809088416
}