{
    "C": 86.25448056101585,
    "gamma": 0.008726932426190073
}