{
    "C": 24.88149614999061,
    "gamma": 0.01754779716111166
}