{
    "C": 21.44592820236891,
    "gamma": 0.0027397702933508665
}