{
    "n_estimators": 40,
    "max_depth": 5,
    "gamma": 0.4082163421954976,
    "subsample": 0.7159449373584932,
    "colsample_bytree": 0.8184373058094309
}