{
    "C": 81.65034948781698,
    "gamma": 0.014255533717547383
}