{
    "C": 99.2168721662027,
    "gamma": 0.006022857803456755
}