{
    "n_estimators": 100,
    "max_depth": 5,
    "gamma": 0.33679426854680755,
    "subsample": 0.7112943500644995,
    "colsample_bytree": 0.6978865374096721
}