{
    "C": 0.0192373050965465,
    "gamma": 0.00022310905607443037
}