{
    "C": 0.02519828929110996,
    "gamma": 0.005612055002347424
}