{
    "C": 0.6929034121225705,
    "gamma": 0.0031646864514946896
}