{
    "n_estimators": 100,
    "max_depth": 30,
    "gamma": 0.13445536345660636,
    "subsample": 0.7476805901551955,
    "colsample_bytree": 0.6248970054409114
}