{
    "C": 2.1810121132747895,
    "gamma": 0.010001408316611313
}