{
    "n_estimators": 100,
    "max_depth": 20,
    "gamma": 0.7497751163323165,
    "subsample": 0.596724494303793,
    "colsample_bytree": 0.7284851023708989
}