{
    "C": 0.6337347844333678,
    "gamma": 0.0004736688989801975
}