{
    "n_estimators": 100,
    "max_depth": 5,
    "gamma": 0.797535641968578,
    "subsample": 0.7834083857462865,
    "colsample_bytree": 0.8414467203054536
}