{
    "C": 1.5302197592092557,
    "gamma": 0.04005483306173594
}