{
    "C": 0.7666951667417461,
    "gamma": 0.0019495746519515218
}