{
    "C": 3.7042703254911236,
    "gamma": 0.08208264166935586
}