{
    "C": 58.28529966614685,
    "gamma": 0.0022155277007375332
}