{
    "C": 2.374773660820472,
    "gamma": 0.022000867839857458
}