{
    "C": 4.624668927987244,
    "gamma": 0.00030996538886203875
}