{
    "n_estimators": 100,
    "max_depth": 5,
    "gamma": 0.635221473192554,
    "subsample": 0.7818394723692651,
    "colsample_bytree": 0.6750954827650661
}