{
    "C": 18.728962101210126,
    "gamma": 0.0044934794976154765
}