{
    "n_estimators": 100,
    "max_depth": 5,
    "gamma": 0.6397877373108088,
    "subsample": 0.7373423778137582,
    "colsample_bytree": 0.5197930771817247
}