{
    "C": 6.16344142704069,
    "gamma": 0.014895846171314009
}