{
    "C": 1.7094880791591003,
    "gamma": 0.024737402395596887
}