{
    "C": 0.020870977968723125,
    "gamma": 0.0010971511690035243
}