{
    "C": 0.03246013068715465,
    "gamma": 0.0023116301885581928
}