{
    "C": 30.392037493823985,
    "gamma": 0.010200963427804584
}