{
    "C": 51.652364752690396,
    "gamma": 0.005950758144695504
}