{
    "C": 1.348755279958235,
    "gamma": 0.00034925351419094373
}