{
    "n_estimators": 100,
    "max_depth": 30,
    "gamma": 0.6397877373108088,
    "subsample": 0.6744541272659402,
    "colsample_bytree": 0.7723977728913606
}