{
    "C": 32.1394834741401,
    "gamma": 0.0015444831059860584
}