{
    "C": 0.0778993969654636,
    "gamma": 0.018627474331218842
}