{
    "C": 0.6770848065361562,
    "gamma": 0.002332569213022101
}