{
    "n_estimators": 100,
    "max_depth": 5,
    "gamma": 0.9961250773885897,
    "subsample": 0.5520078317472172,
    "colsample_bytree": 0.5026284487403246
}