{
    "n_estimators": 10,
    "max_depth": 20,
    "gamma": 0.9597088652601682,
    "subsample": 0.8585642631475521,
    "colsample_bytree": 0.989394282720798
}