{
    "C": 98.8344943828612,
    "gamma": 0.0014574728333478723
}