{
    "C": 45.48225936506292,
    "gamma": 0.0004641249970627778
}