{
    "n_estimators": 40,
    "max_depth": 5,
    "gamma": 0.853914232700708,
    "subsample": 0.5003956210523259,
    "colsample_bytree": 0.5407540228013501
}