{
    "C": 74.90036822318876,
    "gamma": 0.0017506282849034053
}