{
    "C": 49.179084080881964,
    "gamma": 0.003568132171532043
}