{
    "C": 8.71622444116643,
    "gamma": 0.004646970636150668
}