{
    "C": 1.3204039460049581,
    "gamma": 0.00073990328250382
}