{
    "n_estimators": 100,
    "max_depth": 20,
    "gamma": 0.9021660915032604,
    "subsample": 0.9970679248709934,
    "colsample_bytree": 0.5374685608622795
}