{
    "C": 96.61693558599791,
    "gamma": 0.010213488290168613
}