{
    "C": 44.951782943849864,
    "gamma": 0.0005482295759903214
}