{
    "C": 13.84331057100427,
    "gamma": 0.0011013288401943535
}