{
    "C": 0.47303662958545284,
    "gamma": 0.0039871268372840855
}