{
    "C": 33.347600459241356,
    "gamma": 0.011326721577226707
}