{
    "C": 66.22157447602335,
    "gamma": 0.0002792880010845268
}