{
    "C": 22.84112525774004,
    "gamma": 0.00485277986403995
}