{
    "C": 64.73110838099895,
    "gamma": 0.0009174254377257373
}