{
    "n_estimators": 40,
    "max_depth": 5,
    "gamma": 0.7973030664959185,
    "subsample": 0.6246946581720417,
    "colsample_bytree": 0.8715346137133145
}