{
    "C": 7.9789306657083285,
    "gamma": 0.0003471019975988877
}