{
    "n_estimators": 40,
    "max_depth": 5,
    "gamma": 0.9966856929320722,
    "subsample": 0.9831718645509311,
    "colsample_bytree": 0.6815498556783907
}