{
    "C": 15.532920893084,
    "gamma": 0.0002651233814278102
}