{
    "C": 5.490269002674387,
    "gamma": 0.00031299558751464007
}