{
    "n_estimators": 100,
    "max_depth": 20,
    "gamma": 0.9915814201260116,
    "subsample": 0.8559635055062083,
    "colsample_bytree": 0.9622242745806097
}