{
    "C": 0.5093467254016285,
    "gamma": 0.11441520183654996
}