{
    "C": 0.015678054478067898,
    "gamma": 0.06459596103775635
}