{
    "C": 30.06303422344266,
    "gamma": 0.0012166277676708174
}