{
    "C": 3.460569255507001,
    "gamma": 0.06738390259042788
}