{
    "C": 73.81070543530448,
    "gamma": 0.015450018247892779
}