{
    "C": 98.44203289456684,
    "gamma": 0.0004860512068589269
}