{
    "n_estimators": 40,
    "max_depth": 5,
    "gamma": 0.6590234428284184,
    "subsample": 0.8636813062014336,
    "colsample_bytree": 0.9069142615918904
}