{
    "C": 2.5003857848183135,
    "gamma": 0.017705216451792582
}