{
    "C": 57.05415563079054,
    "gamma": 0.006383468815024792
}