{
    "C": 0.029241474071622062,
    "gamma": 0.045532356014431875
}