{
    "n_estimators": 100,
    "max_depth": 20,
    "gamma": 0.491687144649662,
    "subsample": 0.8204536451844836,
    "colsample_bytree": 0.7285949331258694
}