{
    "C": 36.434741503555955,
    "gamma": 0.00011025003841766703
}