{
    "C": 2.16548880726559,
    "gamma": 0.016503258792543718
}