{
    "C": 25.117654740872077,
    "gamma": 0.00394477905337108
}