{
    "n_estimators": 100,
    "max_depth": 5,
    "gamma": 0.8608062242230134,
    "subsample": 0.6140320938994526,
    "colsample_bytree": 0.8080460019010737
}