{
    "C": 72.8211461111911,
    "gamma": 0.00028083770988132097
}