{
    "n_estimators": 100,
    "max_depth": 5,
    "gamma": 0.7713178955656128,
    "subsample": 0.6530808672938686,
    "colsample_bytree": 0.892415443328642
}