{
    "C": 0.27202202107908663,
    "gamma": 0.0020951994926275332
}