{
    "n_estimators": 40,
    "max_depth": 5,
    "gamma": 0.8170311082674434,
    "subsample": 0.7726255107915945,
    "colsample_bytree": 0.6742119142218679
}