{
    "C": 99.32677443010621,
    "gamma": 0.004620110600281407
}