{
    "n_estimators": 100,
    "max_depth": 30,
    "gamma": 0.26969270907557097,
    "subsample": 0.6069685936596405,
    "colsample_bytree": 0.6929267386839247
}