{
    "C": 38.13744044920122,
    "gamma": 0.0022924470266115177
}