{
    "C": 31.168622654226873,
    "gamma": 0.7484497562485191
}