{
    "n_estimators": 100,
    "max_depth": 5,
    "gamma": 0.7546764226607858,
    "subsample": 0.8568217984289112,
    "colsample_bytree": 0.7618569697363456
}