{
    "C": 89.65030989344017,
    "gamma": 0.08734753726256674
}