{
    "C": 7.523218743867932,
    "gamma": 0.054690773368845515
}