{
    "C": 0.011007312647273252,
    "gamma": 0.040927594155787686
}