{
    "C": 81.35632144979517,
    "gamma": 0.0002913089612295904
}