{
    "C": 3.772959682022128,
    "gamma": 0.004669812546975643
}