{
    "C": 47.84572266385438,
    "gamma": 0.0033224971742324976
}