{
    "C": 98.911428916044,
    "gamma": 0.00010646179584233017
}