{
    "C": 70.12611048657249,
    "gamma": 0.2762180054716869
}