{
    "C": 42.79240367190337,
    "gamma": 0.00023176955011732119
}