{
    "n_estimators": 10,
    "max_depth": 20,
    "gamma": 0.2547041159442898,
    "subsample": 0.8855658556809235,
    "colsample_bytree": 0.8097988452527822
}