{
    "n_estimators": 40,
    "max_depth": 30,
    "gamma": 0.25464628459886485,
    "subsample": 0.5076553732731706,
    "colsample_bytree": 0.6656405818039042
}