{
    "C": 92.07891373802357,
    "gamma": 0.000279114946758415
}