{
    "n_estimators": 40,
    "max_depth": 5,
    "gamma": 0.4081359272503368,
    "subsample": 0.6824726120344718,
    "colsample_bytree": 0.7290653629013953
}