{
    "C": 28.780434911369795,
    "gamma": 0.002872410556710693
}