{
    "C": 77.51635283592324,
    "gamma": 0.0003757000719663703
}