{
    "C": 97.29325897308458,
    "gamma": 0.0007023788548562863
}