{
    "C": 18.965698714644475,
    "gamma": 0.00028153258683613413
}