{
    "C": 99.32606877439758,
    "gamma": 0.00023683276887941792
}