{
    "n_estimators": 40,
    "max_depth": 20,
    "gamma": 0.9953182577057711,
    "subsample": 0.8691616900055755,
    "colsample_bytree": 0.8217882357207197
}