{
    "C": 35.46360291659756,
    "gamma": 0.00010687527282245044
}