{
    "C": 49.58991854469216,
    "gamma": 0.010787034378231008
}