{
    "C": 51.15581696102426,
    "gamma": 0.009674491325268575
}