{
    "n_estimators": 40,
    "max_depth": 30,
    "gamma": 0.9894607367239925,
    "subsample": 0.9936863886710298,
    "colsample_bytree": 0.6406422464679155
}