{
    "n_estimators": 10,
    "max_depth": 5,
    "gamma": 0.10764373246258885,
    "subsample": 0.7706924606961609,
    "colsample_bytree": 0.9909400386113472
}