{
    "C": 7.30045377683191,
    "gamma": 0.00011761120437363941
}