{
    "C": 7.687134090743034,
    "gamma": 0.0007885910415955854
}