{
    "C": 8.10794172600985,
    "gamma": 0.00017176735604200848
}