{
    "n_estimators": 10,
    "max_depth": 20,
    "gamma": 0.37418863174294636,
    "subsample": 0.5120019510907264,
    "colsample_bytree": 0.7766862162565379
}