{
    "C": 0.012471753813792393,
    "gamma": 0.017195561112750973
}