{
    "C": 15.257947977160473,
    "gamma": 0.02417420903334814
}