{
    "C": 1.04568765989748,
    "gamma": 0.043572478597782655
}