{
    "C": 0.2411095145938418,
    "gamma": 0.0020180931215719
}