{
    "C": 0.7190188705773186,
    "gamma": 0.0014191405071130399
}