{
    "C": 6.9706529327574,
    "gamma": 0.009147492561590252
}