{
    "n_estimators": 40,
    "max_depth": 20,
    "gamma": 0.10473441879200845,
    "subsample": 0.9281116615240906,
    "colsample_bytree": 0.90626270776948
}