{
    "n_estimators": 40,
    "max_depth": 20,
    "gamma": 0.4755242956498471,
    "subsample": 0.8719135633171321,
    "colsample_bytree": 0.6909245311334314
}