{
    "C": 99.13608764306896,
    "gamma": 0.0017871576403962568
}