{
    "n_estimators": 100,
    "max_depth": 5,
    "gamma": 0.10764373246258885,
    "subsample": 0.9399417597404316,
    "colsample_bytree": 0.8879354157259693
}