{
    "C": 29.52259201666089,
    "gamma": 0.02007066681053196
}