{
    "C": 27.686872667758664,
    "gamma": 0.06079414904859543
}