{
    "C": 2.327328610096501,
    "gamma": 0.012663318770209079
}