{
    "n_estimators": 40,
    "max_depth": 5,
    "gamma": 0.4864239583930837,
    "subsample": 0.8285130950812387,
    "colsample_bytree": 0.8157495163850255
}