{
    "n_estimators": 100,
    "max_depth": 20,
    "gamma": 0.7393262466379021,
    "subsample": 0.5225082977848813,
    "colsample_bytree": 0.9211296711461858
}