{
    "C": 6.9706529327574,
    "gamma": 0.007825590846483321
}