{
    "C": 7.066160880042154,
    "gamma": 0.00107680601147531
}