{
    "C": 4.831254357469986,
    "gamma": 0.0004994630436807383
}