{
    "n_estimators": 10,
    "max_depth": 20,
    "gamma": 0.37418863174294636,
    "subsample": 0.6963398971770313,
    "colsample_bytree": 0.9614886008692798
}