{
    "C": 26.68887576661458,
    "gamma": 0.00046293827772753404
}