{
    "C": 2.7231865752623077,
    "gamma": 0.00021449774309738234
}