{
    "C": 5.321520582878697,
    "gamma": 0.04049349352139554
}