{
    "n_estimators": 100,
    "max_depth": 5,
    "gamma": 0.6084667308931544,
    "subsample": 0.8845866223683367,
    "colsample_bytree": 0.6031696371662535
}