{
    "C": 6.48642555359081,
    "gamma": 0.0031203943773379897
}