{
    "n_estimators": 40,
    "max_depth": 5,
    "gamma": 0.28873306422094813,
    "subsample": 0.7198154761090511,
    "colsample_bytree": 0.6661914432660748
}