{
    "C": 5.9367450156096995,
    "gamma": 0.0007860514601001865
}