{
    "C": 0.2453927156965608,
    "gamma": 0.016900380562036667
}