{
    "C": 17.602121063391486,
    "gamma": 0.008529497585479981
}