{
    "n_estimators": 100,
    "max_depth": 30,
    "gamma": 0.29049615005776513,
    "subsample": 0.7176804694116705,
    "colsample_bytree": 0.6443904156280186
}