{
    "n_estimators": 100,
    "max_depth": 5,
    "gamma": 0.11037586582888315,
    "subsample": 0.695765671391991,
    "colsample_bytree": 0.9257872839628649
}