{
    "C": 40.55817219032094,
    "gamma": 0.0024011839667686255
}