{
    "n_estimators": 100,
    "max_depth": 5,
    "gamma": 0.39961853202361103,
    "subsample": 0.6537768723375924,
    "colsample_bytree": 0.6249527892264184
}