{
    "C": 0.4768897295153065,
    "gamma": 0.006690997505261841
}