{
    "n_estimators": 10,
    "max_depth": 20,
    "gamma": 0.8425952614924435,
    "subsample": 0.6461588503864224,
    "colsample_bytree": 0.7768500037070699
}