{
    "C": 12.770086590997437,
    "gamma": 0.007915996316799956
}