{
    "C": 0.17119881123627478,
    "gamma": 0.7681966302037487
}