{
    "C": 6.778350864227657,
    "gamma": 0.002667750557673111
}