{
    "C": 0.13425598827686017,
    "gamma": 0.0002977076482950517
}