{
    "C": 0.011151222829612152,
    "gamma": 0.0008867922530459764
}