{
    "C": 0.23850544440827423,
    "gamma": 0.003438864053496905
}