{
    "C": 98.53474933891084,
    "gamma": 0.0010885022384722208
}