{
    "C": 8.594626838787123,
    "gamma": 0.248211724238574
}