{
    "C": 27.77993313717084,
    "gamma": 0.002219308653184263
}