{
    "C": 11.757762049058291,
    "gamma": 0.7690091639844978
}