{
    "C": 11.154850945475767,
    "gamma": 0.00024721022119580694
}