{
    "C": 5.10907098480259,
    "gamma": 0.00035105166308863544
}