{
    "n_estimators": 100,
    "max_depth": 5,
    "gamma": 0.7523532051549551,
    "subsample": 0.5843861231229354,
    "colsample_bytree": 0.6068862373075697
}