{
    "n_estimators": 40,
    "max_depth": 20,
    "gamma": 0.31091928305702765,
    "subsample": 0.9961764358499778,
    "colsample_bytree": 0.7024509149749447
}