{
    "C": 8.900331220635524,
    "gamma": 0.004743567517721891
}