{
    "C": 98.72899763613854,
    "gamma": 0.006091663800724053
}