{
    "n_estimators": 100,
    "max_depth": 30,
    "gamma": 0.8374053508794328,
    "subsample": 0.7977100374851113,
    "colsample_bytree": 0.8756526570248044
}