{
    "C": 67.5651641563973,
    "gamma": 0.004794790649670258
}