{
    "n_estimators": 40,
    "max_depth": 5,
    "gamma": 0.17843188204499438,
    "subsample": 0.5652791173112641,
    "colsample_bytree": 0.6677226832930556
}