{
    "C": 12.633971951248471,
    "gamma": 0.0009631239481723044
}