{
    "C": 48.086068369986165,
    "gamma": 0.0024853291848723003
}