{
    "n_estimators": 100,
    "max_depth": 30,
    "gamma": 0.4474170780270952,
    "subsample": 0.5393233046645602,
    "colsample_bytree": 0.9897929085258352
}