{
    "C": 4.522173543762202,
    "gamma": 0.002332569213022101
}