{
    "n_estimators": 40,
    "max_depth": 5,
    "gamma": 0.39731700650079615,
    "subsample": 0.5005044321862977,
    "colsample_bytree": 0.9644255636822635
}