{
    "C": 95.47018646561783,
    "gamma": 0.004244801248847863
}