{
    "n_estimators": 100,
    "max_depth": 20,
    "gamma": 0.7806225175459336,
    "subsample": 0.9315253431835403,
    "colsample_bytree": 0.7252039564011198
}