{
    "C": 0.010729220294390584,
    "gamma": 0.0016018997324458173
}