{
    "n_estimators": 100,
    "max_depth": 20,
    "gamma": 0.1118487397978592,
    "subsample": 0.5837941042711973,
    "colsample_bytree": 0.796633869548603
}