{
    "C": 31.173563100046294,
    "gamma": 0.0003092238621888166
}