{
    "C": 11.878704666893487,
    "gamma": 0.003074664801062493
}