{
    "C": 0.12132624138613281,
    "gamma": 0.002176069639484781
}