{
    "C": 50.98852116158867,
    "gamma": 0.005033339350218376
}