{
    "n_estimators": 100,
    "max_depth": 5,
    "gamma": 0.26626655377772473,
    "subsample": 0.928481072749908,
    "colsample_bytree": 0.7227029601296806
}