{
    "C": 53.22210454015034,
    "gamma": 0.03179453282737302
}