{
    "n_estimators": 100,
    "max_depth": 5,
    "gamma": 0.6690182864304741,
    "subsample": 0.6399371719331859,
    "colsample_bytree": 0.663031081449134
}