{
    "C": 86.56696084802483,
    "gamma": 0.963703370430715
}