{
    "C": 18.973212982995737,
    "gamma": 0.00019782298659528377
}