{
    "n_estimators": 100,
    "max_depth": 5,
    "gamma": 0.7785087831194062,
    "subsample": 0.9153001883643168,
    "colsample_bytree": 0.6814342682798192
}