{
    "n_estimators": 100,
    "max_depth": 30,
    "gamma": 0.3724367138266351,
    "subsample": 0.9127309980958199,
    "colsample_bytree": 0.8393900392125123
}