{
    "C": 19.672787169786105,
    "gamma": 0.0038319992857198107
}