{
    "C": 0.032227042642343405,
    "gamma": 0.0018969061542476516
}