{
    "C": 91.56477708393471,
    "gamma": 0.006872261132920224
}