{
    "n_estimators": 100,
    "max_depth": 5,
    "gamma": 0.7016929675515425,
    "subsample": 0.9667500088202515,
    "colsample_bytree": 0.8742137184122554
}