{
    "n_estimators": 40,
    "max_depth": 5,
    "gamma": 0.993369826419478,
    "subsample": 0.846800220608011,
    "colsample_bytree": 0.7078960646698078
}