{
    "C": 3.009584127831407,
    "gamma": 0.006616708184472204
}