{
    "C": 0.380695712029349,
    "gamma": 0.019755442008239494
}