{
    "C": 6.927598655648052,
    "gamma": 0.002781108827729301
}