{
    "C": 33.95545145814031,
    "gamma": 0.0017046163610230627
}