{
    "n_estimators": 100,
    "max_depth": 5,
    "gamma": 0.10075530257783183,
    "subsample": 0.9811035112978718,
    "colsample_bytree": 0.8055644597582597
}