{
    "C": 33.57749262051742,
    "gamma": 0.0005500881933010493
}