{
    "n_estimators": 40,
    "max_depth": 5,
    "gamma": 0.6959530490186377,
    "subsample": 0.8150626996013585,
    "colsample_bytree": 0.751996701124304
}