{
    "C": 0.22790110400870056,
    "gamma": 0.001349574181393614
}