{
    "n_estimators": 40,
    "max_depth": 5,
    "gamma": 0.3294384802149346,
    "subsample": 0.7721316158658325,
    "colsample_bytree": 0.9091028872736174
}