{
    "C": 7.06644049058916,
    "gamma": 0.0019227773614985814
}