{
    "n_estimators": 10,
    "max_depth": 30,
    "gamma": 0.11037586582888315,
    "subsample": 0.6261501472355837,
    "colsample_bytree": 0.8064423212860607
}