{
    "C": 28.312465276137768,
    "gamma": 0.027176402196565405
}