{
    "C": 99.12863643419766,
    "gamma": 0.005808460907956367
}