{
    "n_estimators": 100,
    "max_depth": 5,
    "gamma": 0.7614787715811022,
    "subsample": 0.8728926154930424,
    "colsample_bytree": 0.970741852564209
}