{
    "C": 0.07857379659295174,
    "gamma": 0.008893611573519773
}