{
    "n_estimators": 100,
    "max_depth": 5,
    "gamma": 0.4002676590730464,
    "subsample": 0.6110603681309383,
    "colsample_bytree": 0.8160436173260683
}