{
    "C": 60.538418689876174,
    "gamma": 0.002473966303417529
}