{
    "n_estimators": 40,
    "max_depth": 20,
    "gamma": 0.9738892144312379,
    "subsample": 0.5050474732620708,
    "colsample_bytree": 0.6145240637571103
}