{
    "C": 9.731309327309209,
    "gamma": 0.2607988071464197
}