{
    "n_estimators": 100,
    "max_depth": 30,
    "gamma": 0.4779439756118714,
    "subsample": 0.8143273865697713,
    "colsample_bytree": 0.8206715089380927
}