{
    "n_estimators": 100,
    "max_depth": 5,
    "gamma": 0.5926657167270606,
    "subsample": 0.9512648301196228,
    "colsample_bytree": 0.5450709632357709
}