{
    "n_estimators": 100,
    "max_depth": 20,
    "gamma": 0.5484280826882263,
    "subsample": 0.5971445953430384,
    "colsample_bytree": 0.9897929085258352
}