{
    "C": 25.574633021629644,
    "gamma": 0.00344010345714667
}