{
    "n_estimators": 40,
    "max_depth": 5,
    "gamma": 0.7401453679328045,
    "subsample": 0.9161274658094382,
    "colsample_bytree": 0.6216435484637162
}