{
    "C": 4.016301003361573,
    "gamma": 0.003367825239635628
}