{
    "C": 15.054164738223534,
    "gamma": 0.00011858898671478742
}