{
    "C": 45.442598136820564,
    "gamma": 0.0051848262859013235
}