{
    "n_estimators": 40,
    "max_depth": 5,
    "gamma": 0.29800043005161103,
    "subsample": 0.5092555447804211,
    "colsample_bytree": 0.9125005085696234
}