{
    "C": 0.35481852427257404,
    "gamma": 0.0014968249242377914
}