{
    "C": 38.73667642021437,
    "gamma": 0.009939152579238856
}