{
    "C": 0.7603179744059337,
    "gamma": 0.1304149709405252
}