{
    "C": 28.181673397126907,
    "gamma": 0.047539288735537186
}