{
    "C": 49.354359389086994,
    "gamma": 0.011028961958256455
}