{
    "n_estimators": 100,
    "max_depth": 5,
    "gamma": 0.18236767465700066,
    "subsample": 0.6329124195652898,
    "colsample_bytree": 0.5610491904432137
}