{
    "n_estimators": 100,
    "max_depth": 30,
    "gamma": 0.4425085677383509,
    "subsample": 0.8976441923499856,
    "colsample_bytree": 0.791371606506792
}