{
    "C": 66.81612534904068,
    "gamma": 0.009611332388080531
}