{
    "C": 32.02593148502104,
    "gamma": 0.02284215981299702
}