{
    "C": 37.88137882577172,
    "gamma": 0.0002295988387587582
}