{
    "C": 4.904223882186884,
    "gamma": 0.0010412940112850583
}