{
    "n_estimators": 10,
    "max_depth": 5,
    "gamma": 0.3802360170102453,
    "subsample": 0.8591523830973219,
    "colsample_bytree": 0.5362829616910438
}