{
    "C": 6.0940349739503885,
    "gamma": 0.00020737043274715738
}