{
    "n_estimators": 100,
    "max_depth": 5,
    "gamma": 0.42643297153129234,
    "subsample": 0.8392336736599193,
    "colsample_bytree": 0.7109611479294711
}