{
    "C": 34.59648283901178,
    "gamma": 0.005732519543836996
}