{
    "n_estimators": 100,
    "max_depth": 5,
    "gamma": 0.19765851711987503,
    "subsample": 0.5106683207593217,
    "colsample_bytree": 0.9355039533097074
}