{
    "C": 39.39858324055276,
    "gamma": 0.0013321811026348518
}