{
    "C": 0.49356639347925574,
    "gamma": 0.001167948840044415
}