{
    "n_estimators": 100,
    "max_depth": 30,
    "gamma": 0.8200010515996079,
    "subsample": 0.7662437331234176,
    "colsample_bytree": 0.5995202873030749
}