{
    "C": 91.52909468840836,
    "gamma": 0.012316153942342476
}