{
    "C": 2.1526960023655595,
    "gamma": 0.006768217420739532
}