{
    "C": 14.095711509567774,
    "gamma": 0.009589088495082379
}