{
    "C": 37.19921463381496,
    "gamma": 0.0006206410279973791
}