{
    "C": 29.976309274600954,
    "gamma": 0.013286872459026702
}