{
    "n_estimators": 100,
    "max_depth": 20,
    "gamma": 0.6220809860525494,
    "subsample": 0.9480022733342891,
    "colsample_bytree": 0.9799081111263114
}