{
    "C": 0.023368819705365296,
    "gamma": 0.00027920387818555184
}