{
    "C": 37.306784406101926,
    "gamma": 0.3847444428703613
}