{
    "C": 32.558440468542734,
    "gamma": 0.0005433740316672458
}