{
    "n_estimators": 40,
    "max_depth": 5,
    "gamma": 0.9989388004150503,
    "subsample": 0.7856173962177531,
    "colsample_bytree": 0.7351603948931521
}