{
    "C": 77.4798574776547,
    "gamma": 0.004563747590133779
}