{
    "n_estimators": 100,
    "max_depth": 20,
    "gamma": 0.8364007903796555,
    "subsample": 0.5851793853295539,
    "colsample_bytree": 0.8035203260155922
}