{
    "C": 0.021771151636387202,
    "gamma": 0.01757266191747955
}