{
    "C": 2.9220311223505036,
    "gamma": 0.005214826223497135
}