{
    "C": 52.60859576375028,
    "gamma": 0.003561842883245718
}