{
    "n_estimators": 40,
    "max_depth": 5,
    "gamma": 0.7697798156760456,
    "subsample": 0.5870735222466178,
    "colsample_bytree": 0.885375991432799
}