{
    "C": 92.93257598837454,
    "gamma": 0.0016754878899440033
}