{
    "C": 0.30034624691621886,
    "gamma": 0.038139872034042926
}