{
    "C": 1.3334142949038557,
    "gamma": 0.0006709762064790051
}