{
    "n_estimators": 100,
    "max_depth": 30,
    "gamma": 0.30171423612469206,
    "subsample": 0.7482734941828143,
    "colsample_bytree": 0.5029247437275957
}