{
    "C": 9.617207826192056,
    "gamma": 0.0016561752664279452
}