{
    "n_estimators": 10,
    "max_depth": 30,
    "gamma": 0.2681645700627216,
    "subsample": 0.6774496780411334,
    "colsample_bytree": 0.9649903311131021
}