{
    "C": 9.207574859097136,
    "gamma": 0.027681195030208557
}