{
    "n_estimators": 100,
    "max_depth": 5,
    "gamma": 0.4267131269262468,
    "subsample": 0.5904881174510705,
    "colsample_bytree": 0.6706643594360557
}