{
    "C": 2.018168707414658,
    "gamma": 0.013312102778972835
}