{
    "C": 14.205556726502241,
    "gamma": 0.0012530368662177697
}