{
    "n_estimators": 100,
    "max_depth": 30,
    "gamma": 0.6227009541570616,
    "subsample": 0.9355284444380306,
    "colsample_bytree": 0.8037146190732115
}