{
    "C": 7.2113402424441615,
    "gamma": 0.00011824473423528717
}