{
    "C": 0.04115437994125682,
    "gamma": 0.00029289848454050916
}