{
    "C": 96.85008721499835,
    "gamma": 0.002672983775786761
}