{
    "n_estimators": 100,
    "max_depth": 30,
    "gamma": 0.7067046164927542,
    "subsample": 0.6895860446644759,
    "colsample_bytree": 0.8186745791754713
}