{
    "C": 15.3372207035156,
    "gamma": 0.009654738970787577
}