{
    "C": 98.85599856409074,
    "gamma": 0.00020432652680728278
}