{
    "C": 98.55059992953338,
    "gamma": 0.0013253713755971756
}