{
    "C": 0.3384118512753851,
    "gamma": 0.0015809263290120982
}