{
    "n_estimators": 100,
    "max_depth": 5,
    "gamma": 0.46145435863314443,
    "subsample": 0.9176772323357267,
    "colsample_bytree": 0.7653749753294148
}