{
    "n_estimators": 100,
    "max_depth": 5,
    "gamma": 0.9765310602863789,
    "subsample": 0.8925611734832668,
    "colsample_bytree": 0.6551686825595845
}