{
    "C": 7.625530530070344,
    "gamma": 0.001222809166837894
}