{
    "C": 0.16345033396333594,
    "gamma": 0.0011266025456025631
}