{
    "C": 3.484702822903115,
    "gamma": 0.5309146886923963
}