{
    "C": 0.4939753694365261,
    "gamma": 0.012857609822268249
}