{
    "n_estimators": 100,
    "max_depth": 5,
    "gamma": 0.3506268368544428,
    "subsample": 0.6688273118644459,
    "colsample_bytree": 0.6283151821564997
}