{
    "n_estimators": 100,
    "max_depth": 5,
    "gamma": 0.30483322273831265,
    "subsample": 0.7855060880525266,
    "colsample_bytree": 0.8163130220355199
}