{
    "C": 23.80659230433867,
    "gamma": 0.0003938774336929616
}