{
    "C": 76.99230826128357,
    "gamma": 0.0022347833544631825
}