{
    "n_estimators": 10,
    "max_depth": 5,
    "gamma": 0.5288778074868783,
    "subsample": 0.7022750729566305,
    "colsample_bytree": 0.6287090372137114
}