{
    "C": 14.20940202975029,
    "gamma": 0.0003060829187824379
}