{
    "n_estimators": 100,
    "max_depth": 30,
    "gamma": 0.28560655311535255,
    "subsample": 0.9867662938167729,
    "colsample_bytree": 0.525322130410742
}