{
    "C": 0.28686881639530426,
    "gamma": 0.02235886248761953
}