{
    "C": 6.375710917656909,
    "gamma": 0.0001079979941234654
}