{
    "n_estimators": 40,
    "max_depth": 5,
    "gamma": 0.2545034558084435,
    "subsample": 0.5097723195924537,
    "colsample_bytree": 0.8088384913613275
}