{
    "C": 0.01936382448364976,
    "gamma": 0.01880568006963543
}