{
    "C": 91.93217952983458,
    "gamma": 0.0004811364256649347
}