{
    "n_estimators": 100,
    "max_depth": 30,
    "gamma": 0.9818533464865756,
    "subsample": 0.9052649123955722,
    "colsample_bytree": 0.9326793366873047
}