{
    "C": 13.787877811392661,
    "gamma": 0.00030096996960508155
}