{
    "C": 37.40738902670159,
    "gamma": 0.0070611703894554265
}