{
    "n_estimators": 100,
    "max_depth": 5,
    "gamma": 0.10503714528662239,
    "subsample": 0.797060478290483,
    "colsample_bytree": 0.6171301050514337
}