{
    "C": 1.9394355370276735,
    "gamma": 0.0009766720882495895
}