{
    "n_estimators": 100,
    "max_depth": 5,
    "gamma": 0.4616351915039345,
    "subsample": 0.5711850033174981,
    "colsample_bytree": 0.7741954202356167
}