{
    "C": 98.6269570057428,
    "gamma": 0.001247621534297119
}