{
    "n_estimators": 40,
    "max_depth": 5,
    "gamma": 0.15813912455139084,
    "subsample": 0.7844515830692418,
    "colsample_bytree": 0.6758652093499296
}