{
    "C": 15.458156230945042,
    "gamma": 0.009398483262565427
}