{
    "n_estimators": 100,
    "max_depth": 30,
    "gamma": 0.10998469201812865,
    "subsample": 0.9030326975144922,
    "colsample_bytree": 0.5904122909631985
}