{
    "C": 57.715770034159334,
    "gamma": 0.0003011429678400338
}