{
    "n_estimators": 100,
    "max_depth": 5,
    "gamma": 0.9618489442277358,
    "subsample": 0.623721367068848,
    "colsample_bytree": 0.7031776597942131
}