{
    "C": 0.12082127062670651,
    "gamma": 0.0010742447378742496
}