{
    "C": 51.31689861711079,
    "gamma": 0.007146719963466708
}