{
    "n_estimators": 100,
    "max_depth": 30,
    "gamma": 0.5428312520653573,
    "subsample": 0.6536267482890802,
    "colsample_bytree": 0.7139604676994495
}