{
    "C": 98.53474933891084,
    "gamma": 0.0019495746519515218
}