{
    "n_estimators": 40,
    "max_depth": 5,
    "gamma": 0.22484706403722549,
    "subsample": 0.809042496587131,
    "colsample_bytree": 0.6719137074986895
}