{
    "C": 84.45850987273286,
    "gamma": 0.0007661582516209522
}