{
    "n_estimators": 100,
    "max_depth": 5,
    "gamma": 0.31054411109061386,
    "subsample": 0.7150978054292879,
    "colsample_bytree": 0.6240174499042457
}