{
    "n_estimators": 100,
    "max_depth": 5,
    "gamma": 0.4864239583930837,
    "subsample": 0.7947973569662674,
    "colsample_bytree": 0.5824880363914481
}