{
    "C": 8.546729398968429,
    "gamma": 0.00017830284442040684
}