{
    "C": 8.257120411981962,
    "gamma": 0.02203497114885917
}