{
    "C": 38.36555577937418,
    "gamma": 0.0031745565220561794
}