{
    "n_estimators": 100,
    "max_depth": 5,
    "gamma": 0.7466536473081343,
    "subsample": 0.9398857811081716,
    "colsample_bytree": 0.6038444398027802
}