{
    "C": 68.82824081737098,
    "gamma": 0.009121601033450935
}