{
    "n_estimators": 100,
    "max_depth": 5,
    "gamma": 0.40651042804287363,
    "subsample": 0.7939380390025529,
    "colsample_bytree": 0.8655763323648502
}