{
    "C": 7.4018904436152155,
    "gamma": 0.0008608351353797167
}