{
    "C": 97.07432786864457,
    "gamma": 0.002682914229635607
}