{
    "C": 94.4267648373515,
    "gamma": 0.00015238841094616102
}