{
    "C": 38.97740934286641,
    "gamma": 0.00036492413361088806
}