{
    "C": 42.32865114138885,
    "gamma": 0.0046777117173823456
}