{
    "C": 32.99497225849168,
    "gamma": 0.01750742985444621
}