{
    "C": 86.56696084802483,
    "gamma": 0.0031203943773379897
}