{
    "C": 24.63284692393415,
    "gamma": 0.0032428988796057235
}