{
    "C": 50.62825407134,
    "gamma": 0.02789597110578126
}