{
    "C": 0.4202716320879708,
    "gamma": 0.0015326058654764661
}