{
    "C": 46.489787093306056,
    "gamma": 0.0016990845026317195
}