{
    "C": 0.3582689404906266,
    "gamma": 0.003968501526503993
}