{
    "C": 0.06712381339142241,
    "gamma": 0.47254549996710477
}