{
    "C": 0.131935258623686,
    "gamma": 0.0001088086686210897
}