{
    "n_estimators": 10,
    "max_depth": 5,
    "gamma": 0.9333614129485741,
    "subsample": 0.7707792758627002,
    "colsample_bytree": 0.7449048207325187
}