{
    "n_estimators": 100,
    "max_depth": 20,
    "gamma": 0.48380821541644814,
    "subsample": 0.8171899343169193,
    "colsample_bytree": 0.7614531005141727
}