{
    "C": 0.7803028454268103,
    "gamma": 0.02746311761883581
}