{
    "n_estimators": 40,
    "max_depth": 5,
    "gamma": 0.7065495014107308,
    "subsample": 0.9382850722839062,
    "colsample_bytree": 0.6047254044573109
}