{
    "C": 2.763521942960963,
    "gamma": 0.0059603957535583315
}