{
    "C": 4.244692086844414,
    "gamma": 0.00044489876555548917
}