{
    "n_estimators": 40,
    "max_depth": 5,
    "gamma": 0.8795110379905674,
    "subsample": 0.8642171392966703,
    "colsample_bytree": 0.5668117910565313
}