{
    "C": 17.19919870545997,
    "gamma": 0.045781154719494385
}