{
    "n_estimators": 100,
    "max_depth": 5,
    "gamma": 0.29139281798258315,
    "subsample": 0.8866804333452898,
    "colsample_bytree": 0.6338820190461415
}