{
    "C": 1.2537501815710788,
    "gamma": 0.003743506740564344
}