{
    "C": 26.522857004627703,
    "gamma": 0.010258059256811725
}