{
    "C": 33.674389441862125,
    "gamma": 0.006771620495100593
}