{
    "n_estimators": 100,
    "max_depth": 20,
    "gamma": 0.45839840911561724,
    "subsample": 0.729550371905068,
    "colsample_bytree": 0.5517936915703784
}