{
    "C": 92.21380870365533,
    "gamma": 0.00011081406546803206
}