{
    "n_estimators": 100,
    "max_depth": 20,
    "gamma": 0.47258139308291736,
    "subsample": 0.8334146507311293,
    "colsample_bytree": 0.7130873994589939
}