{
    "C": 0.19160943376119097,
    "gamma": 0.08093846323349245
}