{
    "C": 6.216958648502451,
    "gamma": 0.0019271364287675292
}