{
    "n_estimators": 100,
    "max_depth": 5,
    "gamma": 0.44250377368301724,
    "subsample": 0.6270913607062334,
    "colsample_bytree": 0.5950465588779977
}