{
    "n_estimators": 100,
    "max_depth": 20,
    "gamma": 0.3048742096562468,
    "subsample": 0.9034900391665386,
    "colsample_bytree": 0.7109611479294711
}