{
    "n_estimators": 40,
    "max_depth": 20,
    "gamma": 0.8455460436532359,
    "subsample": 0.7897933609160839,
    "colsample_bytree": 0.8457839693446318
}