{
    "C": 30.516563164394565,
    "gamma": 0.00010907329329180769
}