{
    "C": 48.56047904995801,
    "gamma": 0.00010020709224366125
}