{
    "C": 45.90491457472748,
    "gamma": 0.006879244200541179
}