{
    "C": 1.1947842474769041,
    "gamma": 0.033844279583870006
}