{
    "C": 98.90828891754741,
    "gamma": 0.01118031188269728
}