{
    "n_estimators": 100,
    "max_depth": 5,
    "gamma": 0.19215150432351888,
    "subsample": 0.5617524905389428,
    "colsample_bytree": 0.5087077223478973
}