{
    "n_estimators": 40,
    "max_depth": 30,
    "gamma": 0.13445536345660636,
    "subsample": 0.5091072311743174,
    "colsample_bytree": 0.633084257063925
}