{
    "C": 36.07850040155451,
    "gamma": 0.10293716597227427
}