{
    "C": 22.66529211842533,
    "gamma": 0.0003068078643252223
}