{
    "n_estimators": 100,
    "max_depth": 5,
    "gamma": 0.42405998373276377,
    "subsample": 0.7691183273969189,
    "colsample_bytree": 0.9326648885736187
}