{
    "C": 36.73026006005477,
    "gamma": 0.00010613497794122268
}