{
    "C": 40.983122414773604,
    "gamma": 0.00010223069078568998
}