{
    "C": 0.10390854711315031,
    "gamma": 0.001001532651590211
}