{
    "C": 41.43295715427489,
    "gamma": 0.020056765514155146
}