{
    "n_estimators": 40,
    "max_depth": 30,
    "gamma": 0.6126243943923182,
    "subsample": 0.9540457243280386,
    "colsample_bytree": 0.6739454385777525
}