{
    "C": 0.19793013334708243,
    "gamma": 0.02019746768196317
}