{
    "n_estimators": 100,
    "max_depth": 30,
    "gamma": 0.572437060155687,
    "subsample": 0.9508938639575489,
    "colsample_bytree": 0.6885813430791445
}