{
    "C": 15.3372207035156,
    "gamma": 0.0010192094342589353
}