{
    "n_estimators": 100,
    "max_depth": 20,
    "gamma": 0.7118165820824884,
    "subsample": 0.8374762115964348,
    "colsample_bytree": 0.5180728064884887
}