{
    "C": 98.90828891754741,
    "gamma": 0.0019495746519515218
}