{
    "C": 96.0024957934498,
    "gamma": 0.0004793001016921613
}