{
    "n_estimators": 100,
    "max_depth": 5,
    "gamma": 0.5975637482452609,
    "subsample": 0.9363945399091536,
    "colsample_bytree": 0.928625003048458
}