{
    "C": 2.4575346328357415,
    "gamma": 0.039761395206266203
}