{
    "n_estimators": 40,
    "max_depth": 5,
    "gamma": 0.7453535647406602,
    "subsample": 0.8491972473387666,
    "colsample_bytree": 0.5350515701449556
}