{
    "n_estimators": 100,
    "max_depth": 5,
    "gamma": 0.6571240923996446,
    "subsample": 0.8554091824812715,
    "colsample_bytree": 0.8897771762383717
}