{
    "C": 5.805443023375341,
    "gamma": 0.00020583790747794799
}