{
    "C": 7.7681155452878,
    "gamma": 0.0020062811188542055
}