{
    "n_estimators": 100,
    "max_depth": 5,
    "gamma": 0.896226830919612,
    "subsample": 0.6266533662482493,
    "colsample_bytree": 0.7136404265878388
}