{
    "C": 87.09272434205268,
    "gamma": 0.00011094630799425291
}