{
    "C": 13.858046198433074,
    "gamma": 0.007279309815142269
}