{
    "C": 2.8297740343698568,
    "gamma": 0.0007333261759175959
}