{
    "C": 0.7144614792270472,
    "gamma": 0.0016489460797878776
}