{
    "n_estimators": 100,
    "max_depth": 5,
    "gamma": 0.5096095072164681,
    "subsample": 0.5502856178922197,
    "colsample_bytree": 0.6395962370508518
}