{
    "n_estimators": 100,
    "max_depth": 20,
    "gamma": 0.51054775283869,
    "subsample": 0.8956255662533998,
    "colsample_bytree": 0.8802935700597743
}