{
    "C": 2.63472878790716,
    "gamma": 0.05337694558907983
}