{
    "C": 0.2971426652170887,
    "gamma": 0.00033344723524225304
}