{
    "n_estimators": 100,
    "max_depth": 5,
    "gamma": 0.8889336073052306,
    "subsample": 0.938179222976744,
    "colsample_bytree": 0.5838961443245856
}