{
    "C": 5.052978166336553,
    "gamma": 0.0010342054697196515
}