{
    "n_estimators": 40,
    "max_depth": 5,
    "gamma": 0.11132541504315885,
    "subsample": 0.989386478955757,
    "colsample_bytree": 0.9761661165027147
}