{
    "n_estimators": 10,
    "max_depth": 30,
    "gamma": 0.9178532838081228,
    "subsample": 0.6221938100755895,
    "colsample_bytree": 0.6088826426448454
}