{
    "C": 6.475323343599106,
    "gamma": 0.0009981469034295123
}