{
    "n_estimators": 40,
    "max_depth": 20,
    "gamma": 0.1253875277058169,
    "subsample": 0.6814126273439861,
    "colsample_bytree": 0.5552282350098471
}