{
    "C": 99.00236289492193,
    "gamma": 0.07162371099228063
}