{
    "C": 33.011512699237485,
    "gamma": 0.059763775475435724
}