{
    "n_estimators": 100,
    "max_depth": 5,
    "gamma": 0.8003922413895069,
    "subsample": 0.9436444759263674,
    "colsample_bytree": 0.8374593849333938
}