{
    "C": 5.047189886719109,
    "gamma": 0.059883353253577305
}