{
    "n_estimators": 100,
    "max_depth": 5,
    "gamma": 0.37283750424157514,
    "subsample": 0.6002132644393778,
    "colsample_bytree": 0.8278672634615978
}