{
    "C": 94.33361521531515,
    "gamma": 0.0026717214165702108
}