{
    "C": 1.04568765989748,
    "gamma": 0.03599602038940262
}