{
    "n_estimators": 40,
    "max_depth": 5,
    "gamma": 0.24167550199988458,
    "subsample": 0.8876888873091859,
    "colsample_bytree": 0.5149869950896858
}