{
    "C": 1.0590691400186298,
    "gamma": 0.00026369476012049245
}