{
    "C": 8.419680653561127,
    "gamma": 0.0002912039357505042
}