{
    "C": 97.36495488298993,
    "gamma": 0.0002677328015505332
}