{
    "C": 13.552050211942847,
    "gamma": 0.0015491534799261116
}