{
    "C": 52.87563948132559,
    "gamma": 0.021498486057714518
}