{
    "n_estimators": 100,
    "max_depth": 5,
    "gamma": 0.7868372821455776,
    "subsample": 0.8322989750175195,
    "colsample_bytree": 0.7228820768976273
}