{
    "n_estimators": 10,
    "max_depth": 5,
    "gamma": 0.6226003990998338,
    "subsample": 0.6205724348683793,
    "colsample_bytree": 0.6350274154091292
}