{
    "C": 36.165280500976436,
    "gamma": 0.00919828967127037
}