{
    "n_estimators": 40,
    "max_depth": 5,
    "gamma": 0.8887627023830623,
    "subsample": 0.9154687295060805,
    "colsample_bytree": 0.5669818954429469
}