{
    "C": 99.16417192142424,
    "gamma": 0.0027556765574013333
}