{
    "C": 76.55121077778817,
    "gamma": 0.0018372053553438131
}