{
    "n_estimators": 100,
    "max_depth": 30,
    "gamma": 0.46552560778232016,
    "subsample": 0.9232200144021336,
    "colsample_bytree": 0.5764015993179317
}