{
    "C": 36.86650407680994,
    "gamma": 0.0012366394844090614
}