{
    "C": 0.2888409827380282,
    "gamma": 0.017395738572358686
}