{
    "C": 0.07096414641309326,
    "gamma": 0.009876205473944973
}