{
    "n_estimators": 10,
    "max_depth": 5,
    "gamma": 0.11132541504315885,
    "subsample": 0.676251899486003,
    "colsample_bytree": 0.5127475876854589
}