{
    "C": 19.409622851092788,
    "gamma": 0.013849257188909848
}