{
    "C": 18.345436580062213,
    "gamma": 0.0012354779589508352
}