{
    "C": 9.15388329571486,
    "gamma": 0.007898975460310771
}