{
    "n_estimators": 100,
    "max_depth": 5,
    "gamma": 0.1653082848638318,
    "subsample": 0.9577079994089442,
    "colsample_bytree": 0.6888547195763509
}