{
    "n_estimators": 40,
    "max_depth": 5,
    "gamma": 0.23731362166645353,
    "subsample": 0.6686057753329419,
    "colsample_bytree": 0.5626601708041572
}