{
    "C": 1.9750486945993049,
    "gamma": 0.02781015384879642
}