{
    "n_estimators": 40,
    "max_depth": 5,
    "gamma": 0.9719974785944517,
    "subsample": 0.7814635006463444,
    "colsample_bytree": 0.7897932666160906
}