{
    "n_estimators": 100,
    "max_depth": 5,
    "gamma": 0.62597788769395,
    "subsample": 0.6054036219668961,
    "colsample_bytree": 0.5871195542782587
}