{
    "C": 0.01015031429029542,
    "gamma": 0.00010813284331811526
}