{
    "C": 38.70598619098791,
    "gamma": 0.004341982299782835
}