{
    "n_estimators": 40,
    "max_depth": 5,
    "gamma": 0.2995530426164247,
    "subsample": 0.594503693803771,
    "colsample_bytree": 0.7453674910198401
}