{
    "C": 0.33739089601238514,
    "gamma": 0.0016187253576321285
}