{
    "C": 11.167754394005495,
    "gamma": 0.0005702218234503941
}