{
    "C": 27.253187378326874,
    "gamma": 0.000246786681807866
}