{
    "C": 0.010150922430041258,
    "gamma": 0.6732688256819465
}