{
    "C": 0.10730172197940546,
    "gamma": 0.0006749701444026664
}