{
    "C": 0.02443038910365287,
    "gamma": 0.5579753112798719
}