{
    "C": 3.546565913668539,
    "gamma": 0.004537139614925992
}