{
    "C": 44.703194137183004,
    "gamma": 0.0006489425689857527
}