{
    "C": 6.7683667901086295,
    "gamma": 0.006610120156284294
}