{
    "C": 94.02910595546118,
    "gamma": 0.009874227289251256
}