{
    "C": 15.01115614880801,
    "gamma": 0.00010792927396319893
}