{
    "C": 6.496351058843119,
    "gamma": 0.001075466760372419
}