{
    "C": 7.433199442871391,
    "gamma": 0.0005491350456492171
}