{
    "C": 0.5743735461962437,
    "gamma": 0.0011403145222612055
}