{
    "C": 23.534046092061235,
    "gamma": 0.009906822060812817
}