{
    "C": 28.546328548105464,
    "gamma": 0.004637969709806309
}