{
    "C": 21.44592820236891,
    "gamma": 0.007498027859518851
}