{
    "n_estimators": 100,
    "max_depth": 30,
    "gamma": 0.7714097135802107,
    "subsample": 0.5081399541038608,
    "colsample_bytree": 0.89532662929939
}