{
    "C": 59.38606874073935,
    "gamma": 0.00040765866334455353
}