{
    "C": 85.03243023158656,
    "gamma": 0.00011086875428339677
}