{
    "C": 57.880841612832434,
    "gamma": 0.013410482415440768
}