{
    "C": 31.292389017499936,
    "gamma": 0.004494881409882829
}