{
    "n_estimators": 100,
    "max_depth": 20,
    "gamma": 0.34100858695788755,
    "subsample": 0.560472412754016,
    "colsample_bytree": 0.6586484165821607
}