{
    "n_estimators": 100,
    "max_depth": 5,
    "gamma": 0.631782946582628,
    "subsample": 0.8634784508185448,
    "colsample_bytree": 0.5025410775013801
}