{
    "C": 1.53362762014261,
    "gamma": 0.019554667066186485
}