{
    "n_estimators": 100,
    "max_depth": 30,
    "gamma": 0.8958501231521878,
    "subsample": 0.9056792603328354,
    "colsample_bytree": 0.6888547195763509
}