{
    "C": 42.10613018793708,
    "gamma": 0.0022355154685344725
}