{
    "C": 34.490891334348895,
    "gamma": 0.0018399168403638686
}