{
    "n_estimators": 100,
    "max_depth": 5,
    "gamma": 0.9871324257333897,
    "subsample": 0.9963547070195069,
    "colsample_bytree": 0.6924810508973169
}