{
    "C": 22.89604582061042,
    "gamma": 0.01330081691127371
}