{
    "C": 86.43772764865598,
    "gamma": 0.0008063163057189356
}