{
    "C": 4.600116884573905,
    "gamma": 0.040735219271563074
}