{
    "C": 40.90286830156206,
    "gamma": 0.0006375266763037511
}