{
    "C": 49.318496134868866,
    "gamma": 0.007898015218958639
}