{
    "C": 8.476064801440863,
    "gamma": 0.005803137377462101
}