{
    "n_estimators": 40,
    "max_depth": 30,
    "gamma": 0.28459734411813015,
    "subsample": 0.5755314793014217,
    "colsample_bytree": 0.794267923375556
}