{
    "n_estimators": 10,
    "max_depth": 20,
    "gamma": 0.38290162663101057,
    "subsample": 0.5724682904062712,
    "colsample_bytree": 0.5103219167755555
}