{
    "C": 9.801247904618792,
    "gamma": 0.08253583608728865
}