{
    "n_estimators": 100,
    "max_depth": 20,
    "gamma": 0.9953182577057711,
    "subsample": 0.7983556942644546,
    "colsample_bytree": 0.9816274123186742
}