{
    "n_estimators": 10,
    "max_depth": 30,
    "gamma": 0.10626253424893489,
    "subsample": 0.8512849893150463,
    "colsample_bytree": 0.794048101009787
}