{
    "n_estimators": 100,
    "max_depth": 20,
    "gamma": 0.3547543386765719,
    "subsample": 0.6873252714636402,
    "colsample_bytree": 0.613178370677753
}