{
    "C": 0.029779091767779875,
    "gamma": 0.002343421498201942
}