{
    "C": 0.37069160713148436,
    "gamma": 0.04170279840269728
}