{
    "C": 52.86709087428851,
    "gamma": 0.007382961865752895
}