{
    "n_estimators": 40,
    "max_depth": 30,
    "gamma": 0.9977368782501431,
    "subsample": 0.7888679374142473,
    "colsample_bytree": 0.5076990839408192
}