{
    "n_estimators": 10,
    "max_depth": 5,
    "gamma": 0.9899044688570339,
    "subsample": 0.9643808655709212,
    "colsample_bytree": 0.5230695245092793
}