{
    "C": 10.493050707128045,
    "gamma": 0.00023349051045416496
}