{
    "C": 2.050149626049842,
    "gamma": 0.0027847255704985495
}