{
    "C": 9.921847680504104,
    "gamma": 0.004160303539411552
}