{
    "C": 8.989049661968599,
    "gamma": 0.05754057297374577
}