{
    "C": 91.97219438046743,
    "gamma": 0.0029572701327107557
}