{
    "n_estimators": 10,
    "max_depth": 5,
    "gamma": 0.22696566661900475,
    "subsample": 0.9987048615397089,
    "colsample_bytree": 0.9584478350733527
}