{
    "C": 51.85475142400802,
    "gamma": 0.0025454556105625427
}