{
    "n_estimators": 100,
    "max_depth": 30,
    "gamma": 0.8492397513287091,
    "subsample": 0.8856377914897703,
    "colsample_bytree": 0.9037185682155077
}