{
    "C": 13.11536950073109,
    "gamma": 0.002781108827729301
}