{
    "C": 2.047967946868913,
    "gamma": 0.008588587648304323
}