{
    "C": 13.659274583609,
    "gamma": 0.006680818916041966
}