{
    "C": 0.3303488838627482,
    "gamma": 0.011773844220730136
}