{
    "n_estimators": 40,
    "max_depth": 20,
    "gamma": 0.4559949779416006,
    "subsample": 0.5960669703505448,
    "colsample_bytree": 0.6727535617961865
}