{
    "C": 0.9740454405676094,
    "gamma": 0.0022490628209601493
}