{
    "n_estimators": 100,
    "max_depth": 5,
    "gamma": 0.5067948960343158,
    "subsample": 0.5207197919620343,
    "colsample_bytree": 0.653929686562205
}