{
    "C": 89.79765070553948,
    "gamma": 0.0003371566381041062
}