{
    "n_estimators": 10,
    "max_depth": 30,
    "gamma": 0.3506268368544428,
    "subsample": 0.9042957213183737,
    "colsample_bytree": 0.6153358275446817
}