{
    "C": 91.23994347619582,
    "gamma": 0.00010863130875807345
}