{
    "C": 95.06249325186998,
    "gamma": 0.007490534650110676
}