{
    "C": 1.3160410886450586,
    "gamma": 0.0047340159215720195
}