{
    "n_estimators": 40,
    "max_depth": 30,
    "gamma": 0.2545479034560063,
    "subsample": 0.5002075114471883,
    "colsample_bytree": 0.657931985092028
}