{
    "n_estimators": 40,
    "max_depth": 5,
    "gamma": 0.10278176245750642,
    "subsample": 0.5788980221985294,
    "colsample_bytree": 0.5057393708779927
}