{
    "C": 14.143696126259751,
    "gamma": 0.0010347881089331754
}