{
    "C": 40.24514541807698,
    "gamma": 0.03666325269289708
}