{
    "C": 17.316323356735534,
    "gamma": 0.0038719910387773945
}