{
    "C": 0.09518746753263388,
    "gamma": 0.021612493383059813
}