{
    "n_estimators": 100,
    "max_depth": 30,
    "gamma": 0.10023509159070604,
    "subsample": 0.8534803130168125,
    "colsample_bytree": 0.8583437642234293
}