{
    "C": 29.538390389242082,
    "gamma": 0.00011259919633219338
}