{
    "C": 82.5622082954439,
    "gamma": 0.005216611577437844
}