{
    "C": 9.676046149692839,
    "gamma": 0.00031863732650307515
}