{
    "C": 46.63405826182624,
    "gamma": 0.005125529216033454
}