{
    "n_estimators": 40,
    "max_depth": 30,
    "gamma": 0.6880180407874914,
    "subsample": 0.8961237565758147,
    "colsample_bytree": 0.9965409916255621
}