{
    "C": 0.871235297908863,
    "gamma": 0.0001298179907102504
}