{
    "C": 47.530233989296406,
    "gamma": 0.0108300096136539
}