{
    "n_estimators": 10,
    "max_depth": 5,
    "gamma": 0.6101998559688682,
    "subsample": 0.7994195511156245,
    "colsample_bytree": 0.6193031131452849
}