{
    "C": 0.017415002793546505,
    "gamma": 0.00038663045452961615
}