{
    "C": 6.826256186253721,
    "gamma": 0.00034250894084168824
}