{
    "C": 10.493268062509514,
    "gamma": 0.006933206370844732
}