{
    "n_estimators": 10,
    "max_depth": 5,
    "gamma": 0.15897116856898635,
    "subsample": 0.8011049609727261,
    "colsample_bytree": 0.8054141216614765
}