{
    "C": 28.295116218763717,
    "gamma": 0.0034498563228696866
}