{
    "C": 95.54278945458354,
    "gamma": 0.0027926539469445267
}