{
    "n_estimators": 100,
    "max_depth": 5,
    "gamma": 0.4545100515201171,
    "subsample": 0.7560269054078229,
    "colsample_bytree": 0.8589878327845435
}