{
    "n_estimators": 100,
    "max_depth": 5,
    "gamma": 0.4334816884346865,
    "subsample": 0.7305039856406822,
    "colsample_bytree": 0.7831536840006095
}