{
    "C": 98.37691446707508,
    "gamma": 0.0009193618142416515
}