{
    "C": 98.92105156041995,
    "gamma": 0.00571660705082062
}