{
    "n_estimators": 10,
    "max_depth": 20,
    "gamma": 0.8824864132954666,
    "subsample": 0.5181444814558605,
    "colsample_bytree": 0.6301320859576335
}