{
    "C": 4.81783727183584,
    "gamma": 0.0002256162532918911
}