{
    "C": 69.4073510357526,
    "gamma": 0.0011431398588821146
}