{
    "n_estimators": 40,
    "max_depth": 5,
    "gamma": 0.5232395940791736,
    "subsample": 0.6638559651345235,
    "colsample_bytree": 0.914680765967379
}