{
    "C": 92.95000104990834,
    "gamma": 0.2866278590630175
}