{
    "C": 41.04758582798384,
    "gamma": 0.0003436518284090992
}