{
    "n_estimators": 10,
    "max_depth": 20,
    "gamma": 0.6935322082855077,
    "subsample": 0.5315428603762452,
    "colsample_bytree": 0.8878007371523688
}