{
    "C": 6.757711464315884,
    "gamma": 0.004738103249243064
}