{
    "C": 6.396934014235753,
    "gamma": 0.9288159746516143
}