{
    "n_estimators": 10,
    "max_depth": 20,
    "gamma": 0.8880780880744914,
    "subsample": 0.5610014018364119,
    "colsample_bytree": 0.8565785238082759
}