{
    "C": 4.997474914840346,
    "gamma": 0.20640277493622763
}