{
    "n_estimators": 10,
    "max_depth": 30,
    "gamma": 0.5846320904862446,
    "subsample": 0.7022865217550013,
    "colsample_bytree": 0.7354250404358911
}