{
    "C": 19.236779027752583,
    "gamma": 0.0030001494874264774
}