{
    "C": 0.35481852427257404,
    "gamma": 0.08779735692304892
}