{
    "C": 49.86791887946974,
    "gamma": 0.0006299820978506235
}