{
    "C": 76.55121077778817,
    "gamma": 0.0008237358780547568
}