{
    "C": 46.909777759888755,
    "gamma": 0.11971052086058552
}