{
    "C": 0.026172478305176654,
    "gamma": 0.00628664717154984
}