{
    "C": 9.264083294113433,
    "gamma": 0.00791669081863557
}