{
    "C": 19.88080596716823,
    "gamma": 0.00016636242438999323
}