{
    "C": 34.4545649722976,
    "gamma": 0.0006630195997986333
}