{
    "n_estimators": 10,
    "max_depth": 20,
    "gamma": 0.7192097417265682,
    "subsample": 0.7067529051595509,
    "colsample_bytree": 0.9969211987093753
}