{
    "n_estimators": 100,
    "max_depth": 30,
    "gamma": 0.7534571114337827,
    "subsample": 0.6526295137413607,
    "colsample_bytree": 0.8849975662001094
}