{
    "C": 96.48544976930573,
    "gamma": 0.00012227600695838894
}