{
    "C": 39.03327700285084,
    "gamma": 0.04152745813923929
}