{
    "C": 1.5754251297266042,
    "gamma": 0.03661248118232449
}