{
    "C": 9.248899213906693,
    "gamma": 0.0030328589282359805
}