{
    "C": 99.41456808192166,
    "gamma": 0.018108653526640487
}