{
    "C": 26.403942390268686,
    "gamma": 0.0005924292496365838
}