{
    "C": 59.33706935144387,
    "gamma": 0.000622376963675946
}