{
    "n_estimators": 40,
    "max_depth": 5,
    "gamma": 0.10542275268999206,
    "subsample": 0.9909683549886438,
    "colsample_bytree": 0.9632459979404706
}