{
    "C": 52.592614546454115,
    "gamma": 0.0017297682407691015
}