{
    "n_estimators": 10,
    "max_depth": 30,
    "gamma": 0.12473767578393491,
    "subsample": 0.9081242131650324,
    "colsample_bytree": 0.8036326297485583
}