{
    "C": 99.7670296743544,
    "gamma": 0.00021559768117983925
}