{
    "n_estimators": 40,
    "max_depth": 30,
    "gamma": 0.7097654799954821,
    "subsample": 0.9164181059630803,
    "colsample_bytree": 0.8215062637696668
}