{
    "C": 0.2670236610409975,
    "gamma": 0.0007828196467467752
}