{
    "n_estimators": 100,
    "max_depth": 20,
    "gamma": 0.8611678146144721,
    "subsample": 0.9399140954979436,
    "colsample_bytree": 0.9303052481438149
}