{
    "C": 21.44592820236891,
    "gamma": 0.0018854371559973325
}