{
    "C": 0.11563923231469547,
    "gamma": 0.012288138524243642
}