{
    "n_estimators": 100,
    "max_depth": 20,
    "gamma": 0.8241399007952646,
    "subsample": 0.5712453694568376,
    "colsample_bytree": 0.9585502286588437
}