{
    "C": 90.93783883522885,
    "gamma": 0.003561551255231299
}