{
    "n_estimators": 100,
    "max_depth": 30,
    "gamma": 0.7174055380053461,
    "subsample": 0.7602744483994971,
    "colsample_bytree": 0.8574318698538557
}