{
    "n_estimators": 100,
    "max_depth": 30,
    "gamma": 0.9738892144312379,
    "subsample": 0.9091573315630743,
    "colsample_bytree": 0.8978989152740264
}