{
    "C": 1.3445948747872318,
    "gamma": 0.28261158107022133
}