{
    "n_estimators": 40,
    "max_depth": 20,
    "gamma": 0.9851256744838524,
    "subsample": 0.9958916791130867,
    "colsample_bytree": 0.8102174879015445
}