{
    "C": 4.016301003361573,
    "gamma": 0.003311653784781431
}