{
    "C": 57.9031286757037,
    "gamma": 0.0005940228879691493
}