{
    "n_estimators": 10,
    "max_depth": 20,
    "gamma": 0.8315362722889318,
    "subsample": 0.6459162742842286,
    "colsample_bytree": 0.9983746060209371
}