{
    "C": 1.3943601829805217,
    "gamma": 0.0009154539453014651
}