{
    "C": 85.2142234254041,
    "gamma": 0.0007849291159716708
}