{
    "n_estimators": 100,
    "max_depth": 5,
    "gamma": 0.49757446253912585,
    "subsample": 0.6148925087554129,
    "colsample_bytree": 0.8873620224966557
}