{
    "C": 9.896624772185135,
    "gamma": 0.002535147656205105
}