{
    "C": 99.16573740734381,
    "gamma": 0.0006632440916159003
}