{
    "C": 0.017880265930141727,
    "gamma": 0.001953941749439592
}