{
    "n_estimators": 10,
    "max_depth": 5,
    "gamma": 0.2494218037968527,
    "subsample": 0.5598393492731383,
    "colsample_bytree": 0.6981520367616275
}