{
    "C": 31.39855522379457,
    "gamma": 0.0025654002897082823
}