{
    "n_estimators": 100,
    "max_depth": 5,
    "gamma": 0.9877599639169764,
    "subsample": 0.6592169147512574,
    "colsample_bytree": 0.6149672516870792
}