{
    "C": 9.976999261935552,
    "gamma": 0.0014412468703722439
}