{
    "n_estimators": 40,
    "max_depth": 20,
    "gamma": 0.36636173799375044,
    "subsample": 0.8643667190735397,
    "colsample_bytree": 0.7104516996070293
}