{
    "C": 0.03951718851987198,
    "gamma": 0.0348179293199674
}