{
    "n_estimators": 10,
    "max_depth": 20,
    "gamma": 0.6711792059519255,
    "subsample": 0.6284045020827902,
    "colsample_bytree": 0.8152593581518206
}