{
    "n_estimators": 100,
    "max_depth": 5,
    "gamma": 0.9224833808115213,
    "subsample": 0.7647727005292733,
    "colsample_bytree": 0.6063532878125827
}