{
    "C": 29.715266873241024,
    "gamma": 0.009777160332001884
}