{
    "n_estimators": 100,
    "max_depth": 5,
    "gamma": 0.4353443648394722,
    "subsample": 0.7346052271885204,
    "colsample_bytree": 0.6031843912041539
}