{
    "n_estimators": 40,
    "max_depth": 20,
    "gamma": 0.877489550772941,
    "subsample": 0.7872809989785173,
    "colsample_bytree": 0.6990758493317617
}