{
    "C": 7.838115270671679,
    "gamma": 0.00021421267397785074
}