{
    "n_estimators": 40,
    "max_depth": 30,
    "gamma": 0.43050656600392656,
    "subsample": 0.6647273906923928,
    "colsample_bytree": 0.7479700022993334
}