{
    "C": 99.32677443010621,
    "gamma": 0.000503989717403918
}