{
    "C": 4.325660574218245,
    "gamma": 0.001613907601999132
}