{
    "C": 25.623404277489183,
    "gamma": 0.018475511001985658
}