{
    "C": 60.75179295419671,
    "gamma": 0.001366002544888146
}