{
    "n_estimators": 100,
    "max_depth": 20,
    "gamma": 0.6999826462473848,
    "subsample": 0.7843788564236879,
    "colsample_bytree": 0.6124639020175133
}