{
    "C": 2.9447749556531253,
    "gamma": 0.03801969263410733
}