{
    "n_estimators": 100,
    "max_depth": 30,
    "gamma": 0.7320721192520664,
    "subsample": 0.9964736395340479,
    "colsample_bytree": 0.6898470485392657
}