{
    "C": 35.745293136206676,
    "gamma": 0.0016217424317920186
}