{
    "C": 71.55682161754872,
    "gamma": 0.0034179529120610124
}