{
    "C": 94.4159101995665,
    "gamma": 0.0028570783336156137
}