{
    "C": 1.3003659579670943,
    "gamma": 0.017103024624610472
}