{
    "n_estimators": 100,
    "max_depth": 30,
    "gamma": 0.318137896913893,
    "subsample": 0.8799614324922964,
    "colsample_bytree": 0.9187775463848658
}