{
    "C": 39.07604533487211,
    "gamma": 0.0003962209469215099
}