{
    "C": 0.022179846509066306,
    "gamma": 0.001866971067296357
}