{
    "n_estimators": 100,
    "max_depth": 30,
    "gamma": 0.27928598640954716,
    "subsample": 0.9152474308751175,
    "colsample_bytree": 0.6276028978548418
}