{
    "C": 7.8086182354678515,
    "gamma": 0.0003521052589263968
}