{
    "n_estimators": 100,
    "max_depth": 30,
    "gamma": 0.8572410861782773,
    "subsample": 0.7341683466320832,
    "colsample_bytree": 0.6825329822883779
}