{
    "C": 0.721820838626465,
    "gamma": 0.014870081548485266
}