{
    "n_estimators": 100,
    "max_depth": 5,
    "gamma": 0.4362593329471556,
    "subsample": 0.944324837707584,
    "colsample_bytree": 0.7901091651605799
}