{
    "C": 98.93006352040362,
    "gamma": 0.0005528525205216011
}