{
    "C": 99.44439382508281,
    "gamma": 0.000321476615826676
}