{
    "n_estimators": 40,
    "max_depth": 5,
    "gamma": 0.46440994308605954,
    "subsample": 0.5615447154597754,
    "colsample_bytree": 0.9210254219701454
}