{
    "C": 1.9588862679216625,
    "gamma": 0.03233578288281358
}