{
    "C": 0.32579525932734127,
    "gamma": 0.00689998997939714
}