{
    "C": 46.387329602278406,
    "gamma": 0.0003556503854205259
}