{
    "C": 0.03875597044408557,
    "gamma": 0.0004167415564250464
}