{
    "C": 21.352035237173535,
    "gamma": 0.0013358388322459848
}