{
    "n_estimators": 40,
    "max_depth": 30,
    "gamma": 0.2541253063728095,
    "subsample": 0.8867388974076873,
    "colsample_bytree": 0.563564265295267
}