{
    "C": 98.40053340788866,
    "gamma": 0.0016990845026317195
}