{
    "C": 3.1926148167806563,
    "gamma": 0.0005518559733140771
}