{
    "C": 17.170458656287753,
    "gamma": 0.007884143527115759
}