{
    "C": 94.4159101995665,
    "gamma": 0.001907190425595515
}