{
    "n_estimators": 100,
    "max_depth": 5,
    "gamma": 0.8804675937224766,
    "subsample": 0.9953556009601819,
    "colsample_bytree": 0.921013239808735
}