{
    "C": 75.42439490104475,
    "gamma": 0.0019359395881627204
}