{
    "n_estimators": 100,
    "max_depth": 30,
    "gamma": 0.6456137640888919,
    "subsample": 0.8705446872153599,
    "colsample_bytree": 0.8787206858303868
}