{
    "C": 5.0179979392663325,
    "gamma": 0.17302417294296327
}