{
    "n_estimators": 40,
    "max_depth": 5,
    "gamma": 0.3171294787564688,
    "subsample": 0.7655628902377969,
    "colsample_bytree": 0.8742090576263132
}