{
    "C": 5.941248091563868,
    "gamma": 0.00514319967167053
}