{
    "n_estimators": 100,
    "max_depth": 5,
    "gamma": 0.9738892144312379,
    "subsample": 0.505037119704492,
    "colsample_bytree": 0.5941473469279865
}