{
    "C": 10.572295428796629,
    "gamma": 0.018992779840485682
}