{
    "C": 40.78970340220533,
    "gamma": 0.002719851967870645
}