{
    "n_estimators": 40,
    "max_depth": 30,
    "gamma": 0.24898809859426368,
    "subsample": 0.8794206962560682,
    "colsample_bytree": 0.7109611479294711
}