{
    "n_estimators": 40,
    "max_depth": 20,
    "gamma": 0.7779049023605848,
    "subsample": 0.6131255502630707,
    "colsample_bytree": 0.6448607122722735
}