{
    "C": 69.22566623593524,
    "gamma": 0.003921574977312686
}