{
    "n_estimators": 40,
    "max_depth": 5,
    "gamma": 0.23216789479407401,
    "subsample": 0.6156432929034866,
    "colsample_bytree": 0.8740496056989899
}