{
    "n_estimators": 40,
    "max_depth": 30,
    "gamma": 0.6310619219344002,
    "subsample": 0.9487274875299957,
    "colsample_bytree": 0.5402881572871897
}