{
    "C": 35.03130566281389,
    "gamma": 0.006648725618266863
}