{
    "C": 0.08312621640656201,
    "gamma": 0.032966877133031834
}