{
    "C": 96.70307070998385,
    "gamma": 0.04100405397117365
}