{
    "C": 0.11402971314507851,
    "gamma": 0.025952756058806883
}