{
    "n_estimators": 10,
    "max_depth": 5,
    "gamma": 0.6166761463100802,
    "subsample": 0.7048823814173258,
    "colsample_bytree": 0.6551686825595845
}