{
    "C": 1.6750826417635523,
    "gamma": 0.003069970194011437
}