{
    "n_estimators": 100,
    "max_depth": 30,
    "gamma": 0.8137963897288234,
    "subsample": 0.8168002486247088,
    "colsample_bytree": 0.8795183882681211
}