{
    "n_estimators": 100,
    "max_depth": 20,
    "gamma": 0.7081376218947077,
    "subsample": 0.5001384654345593,
    "colsample_bytree": 0.68032564115026
}