{
    "C": 13.182522702176227,
    "gamma": 0.005494977606908549
}