{
    "C": 9.613836743690939,
    "gamma": 0.27279853648375746
}