{
    "n_estimators": 100,
    "max_depth": 30,
    "gamma": 0.3629534084731815,
    "subsample": 0.9941125025893912,
    "colsample_bytree": 0.6411056817085257
}