{
    "C": 3.4330342651842947,
    "gamma": 0.00021206979548252686
}