{
    "n_estimators": 40,
    "max_depth": 5,
    "gamma": 0.44146916328041685,
    "subsample": 0.7579569415202305,
    "colsample_bytree": 0.6913424618872773
}