{
    "n_estimators": 40,
    "max_depth": 5,
    "gamma": 0.9291735083468438,
    "subsample": 0.5416391187236684,
    "colsample_bytree": 0.7007078728951437
}