{
    "C": 43.25683119154071,
    "gamma": 0.0026745827314971133
}