{
    "C": 4.859088471745373,
    "gamma": 0.02203497114885917
}