{
    "C": 3.262511056867563,
    "gamma": 0.00030096996960508155
}