{
    "C": 4.8459393811163975,
    "gamma": 0.1396702945548952
}