{
    "C": 35.96373357479538,
    "gamma": 0.0011506036352525067
}