{
    "C": 45.19649370164722,
    "gamma": 0.01686365886957495
}