{
    "C": 1.5676677195506077,
    "gamma": 0.07257005721594278
}