{
    "C": 97.63594796229309,
    "gamma": 0.0016841977160930663
}