{
    "n_estimators": 10,
    "max_depth": 20,
    "gamma": 0.3667235495490661,
    "subsample": 0.7939380390025529,
    "colsample_bytree": 0.7927894705030958
}