{
    "C": 20.356154841710445,
    "gamma": 0.00010371495107665077
}