{
    "C": 12.045280039493008,
    "gamma": 0.014021336468251908
}