{
    "C": 0.09809809168865073,
    "gamma": 0.0013406249914916083
}