{
    "n_estimators": 40,
    "max_depth": 20,
    "gamma": 0.9100075954501639,
    "subsample": 0.6566574642566193,
    "colsample_bytree": 0.6624809273618427
}