{
    "C": 32.99497225849168,
    "gamma": 0.004443289187857389
}