{
    "n_estimators": 100,
    "max_depth": 5,
    "gamma": 0.25122977154654863,
    "subsample": 0.6238503927334209,
    "colsample_bytree": 0.7991986283823366
}