{
    "C": 45.1397718845316,
    "gamma": 0.007148006592429144
}