{
    "C": 90.963743236824,
    "gamma": 0.008529497585479981
}