{
    "n_estimators": 100,
    "max_depth": 5,
    "gamma": 0.2054681640067969,
    "subsample": 0.7055581763582855,
    "colsample_bytree": 0.864242837970678
}