{
    "C": 1.543036167798744,
    "gamma": 0.021765819212399923
}