{
    "n_estimators": 40,
    "max_depth": 5,
    "gamma": 0.5781191445455978,
    "subsample": 0.7580181470176621,
    "colsample_bytree": 0.607094033775453
}