{
    "n_estimators": 40,
    "max_depth": 5,
    "gamma": 0.5882211906920883,
    "subsample": 0.8975347694525642,
    "colsample_bytree": 0.9447059340606883
}