{
    "C": 0.4552426334840661,
    "gamma": 0.2659721293609945
}