{
    "C": 44.95935440384375,
    "gamma": 0.05677153032196744
}