{
    "C": 86.19953269234082,
    "gamma": 0.0027007169600989254
}