{
    "C": 55.84951911352853,
    "gamma": 0.015340223439103295
}