{
    "C": 96.70307070998385,
    "gamma": 0.0018683654666467406
}