{
    "n_estimators": 40,
    "max_depth": 5,
    "gamma": 0.168161708190453,
    "subsample": 0.7602255216256825,
    "colsample_bytree": 0.8048686477029905
}