{
    "C": 97.7220085183352,
    "gamma": 0.000247633261009479
}