{
    "n_estimators": 100,
    "max_depth": 5,
    "gamma": 0.5943096932805854,
    "subsample": 0.9525543550289285,
    "colsample_bytree": 0.991237199312086
}