{
    "C": 42.27226175504904,
    "gamma": 0.008202605613613313
}