{
    "C": 5.361800438973096,
    "gamma": 0.00043503527140434324
}