{
    "n_estimators": 100,
    "max_depth": 20,
    "gamma": 0.3599371982830902,
    "subsample": 0.7673782799172907,
    "colsample_bytree": 0.7624958078002945
}