{
    "C": 79.9645032572207,
    "gamma": 0.0037749060251448096
}