{
    "n_estimators": 10,
    "max_depth": 30,
    "gamma": 0.4177155887682774,
    "subsample": 0.8400646798352758,
    "colsample_bytree": 0.5709235137951921
}