{
    "C": 20.387966550329605,
    "gamma": 0.0010138048615275902
}