{
    "C": 1.258409363409898,
    "gamma": 0.029286731132408993
}