{
    "C": 0.0726817031106245,
    "gamma": 0.0013214613181331764
}