{
    "C": 0.0727244339408868,
    "gamma": 0.00010761602087789272
}