{
    "C": 0.012652286684808318,
    "gamma": 0.040861259355837246
}