{
    "C": 24.920594274157335,
    "gamma": 0.025280937088949205
}