{
    "C": 5.84710883079674,
    "gamma": 0.05484584506993463
}