{
    "n_estimators": 100,
    "max_depth": 30,
    "gamma": 0.5481111252199078,
    "subsample": 0.9294189003567694,
    "colsample_bytree": 0.779712822166387
}