{
    "n_estimators": 10,
    "max_depth": 5,
    "gamma": 0.7785087831194062,
    "subsample": 0.8516913183861026,
    "colsample_bytree": 0.6061753281359717
}