{
    "n_estimators": 40,
    "max_depth": 5,
    "gamma": 0.789317070832284,
    "subsample": 0.7592089939364717,
    "colsample_bytree": 0.648400250788111
}