{
    "C": 84.56853244163597,
    "gamma": 0.0001112558821691301
}