{
    "n_estimators": 100,
    "max_depth": 30,
    "gamma": 0.45877778302962907,
    "subsample": 0.7055581763582855,
    "colsample_bytree": 0.7030541319249886
}