{
    "C": 0.872722856100382,
    "gamma": 0.19244658030883852
}