{
    "C": 90.57840355501901,
    "gamma": 0.002115914900860224
}