{
    "n_estimators": 40,
    "max_depth": 20,
    "gamma": 0.6895371696896289,
    "subsample": 0.5899231091666304,
    "colsample_bytree": 0.794118502272729
}