{
    "C": 54.579214468253845,
    "gamma": 0.0003307450174986882
}