{
    "C": 13.329996522509937,
    "gamma": 0.01149224018082345
}