{
    "n_estimators": 40,
    "max_depth": 5,
    "gamma": 0.1591775883705288,
    "subsample": 0.8659440041902515,
    "colsample_bytree": 0.753037009977186
}