{
    "n_estimators": 40,
    "max_depth": 30,
    "gamma": 0.6823798363672136,
    "subsample": 0.9538524588124925,
    "colsample_bytree": 0.9502905151277939
}