{
    "C": 10.773581557912697,
    "gamma": 0.0004784874715699432
}