{
    "n_estimators": 40,
    "max_depth": 5,
    "gamma": 0.49487019164651586,
    "subsample": 0.8754057261860848,
    "colsample_bytree": 0.6161778264327487
}