{
    "C": 8.486565700062625,
    "gamma": 0.12094297371703916
}