{
    "C": 10.91321009332183,
    "gamma": 0.00010990640580714237
}