{
    "C": 9.061764443437491,
    "gamma": 0.035340181331510886
}