{
    "n_estimators": 40,
    "max_depth": 30,
    "gamma": 0.4082163421954976,
    "subsample": 0.9936867365819215,
    "colsample_bytree": 0.8319061115415691
}