{
    "n_estimators": 100,
    "max_depth": 5,
    "gamma": 0.18454645968259753,
    "subsample": 0.7879732477780896,
    "colsample_bytree": 0.964648098788107
}