{
    "C": 95.58787512024017,
    "gamma": 0.001679513595728684
}