{
    "C": 6.1238108156094695,
    "gamma": 0.012410568181476454
}