{
    "n_estimators": 40,
    "max_depth": 20,
    "gamma": 0.6532794623009475,
    "subsample": 0.6045141475611931,
    "colsample_bytree": 0.5863291694215508
}