{
    "C": 33.007753450204675,
    "gamma": 0.04327239658228434
}