{
    "C": 20.20001456726242,
    "gamma": 0.004898872095626299
}