{
    "C": 55.83575503461557,
    "gamma": 0.00030883999057023607
}