{
    "C": 0.3340138940215422,
    "gamma": 0.00018354619576988685
}