{
    "C": 1.420715075718516,
    "gamma": 0.0008403159730029191
}