{
    "n_estimators": 10,
    "max_depth": 20,
    "gamma": 0.5132914415394083,
    "subsample": 0.9020354147392524,
    "colsample_bytree": 0.7450722603448486
}