{
    "C": 36.439402889067054,
    "gamma": 0.02083258729845697
}