{
    "C": 3.210441315038159,
    "gamma": 0.0028748345051151877
}