{
    "C": 93.6400201847155,
    "gamma": 0.0030973116485761764
}