{
    "C": 1.0735725557582156,
    "gamma": 0.01450448937426643
}