{
    "C": 1.7038858279325586,
    "gamma": 0.021765819212399923
}