{
    "C": 0.04160076498956337,
    "gamma": 0.000488683826302572
}