{
    "C": 46.642553776741785,
    "gamma": 0.12353935844879305
}