{
    "C": 0.8185994297104677,
    "gamma": 0.057909085061160104
}