{
    "n_estimators": 10,
    "max_depth": 5,
    "gamma": 0.24553582622544895,
    "subsample": 0.5049283881400235,
    "colsample_bytree": 0.7034053343181644
}