{
    "C": 74.84876522788201,
    "gamma": 0.1292569078867325
}