{
    "C": 16.601574044218097,
    "gamma": 0.00019773643375313682
}