{
    "C": 3.394532731945007,
    "gamma": 0.0019340137255745456
}