{
    "C": 0.9243429348574498,
    "gamma": 0.13125556141300435
}