{
    "n_estimators": 10,
    "max_depth": 5,
    "gamma": 0.38302532545381185,
    "subsample": 0.9426781918097992,
    "colsample_bytree": 0.8685403027656089
}