{
    "C": 11.160539437763543,
    "gamma": 0.004788686964052529
}