{
    "n_estimators": 10,
    "max_depth": 5,
    "gamma": 0.21368860746262652,
    "subsample": 0.77770540067081,
    "colsample_bytree": 0.8442975903420453
}