{
    "C": 0.010274404870084426,
    "gamma": 0.008346125844397057
}