{
    "C": 12.280238476692187,
    "gamma": 0.0042346301704763376
}