{
    "C": 3.725579637023457,
    "gamma": 0.025840690468131176
}