{
    "n_estimators": 10,
    "max_depth": 5,
    "gamma": 0.5743804337942131,
    "subsample": 0.7152440868893927,
    "colsample_bytree": 0.7578306270285211
}