{
    "n_estimators": 100,
    "max_depth": 30,
    "gamma": 0.349760846204061,
    "subsample": 0.6341284233145288,
    "colsample_bytree": 0.8604557310580807
}