{
    "n_estimators": 100,
    "max_depth": 30,
    "gamma": 0.682317580844111,
    "subsample": 0.6776112592231528,
    "colsample_bytree": 0.9504279379418776
}