{
    "n_estimators": 10,
    "max_depth": 30,
    "gamma": 0.6552244184977953,
    "subsample": 0.6801753595291938,
    "colsample_bytree": 0.8171620541959475
}