{
    "C": 4.0967239590844775,
    "gamma": 0.015143845139914616
}