{
    "n_estimators": 40,
    "max_depth": 30,
    "gamma": 0.18763772784605853,
    "subsample": 0.7990946478919629,
    "colsample_bytree": 0.5567259452017839
}