{
    "n_estimators": 100,
    "max_depth": 5,
    "gamma": 0.765455362571195,
    "subsample": 0.9683640491533567,
    "colsample_bytree": 0.7954196413933319
}