{
    "C": 20.038534118917678,
    "gamma": 0.0007293815284105834
}