{
    "n_estimators": 40,
    "max_depth": 30,
    "gamma": 0.6271364526026786,
    "subsample": 0.6504489144682324,
    "colsample_bytree": 0.5534628093494476
}