{
    "C": 2.9648182303354678,
    "gamma": 0.0011563341942962047
}