{
    "C": 30.681914395549693,
    "gamma": 0.017061080795704182
}