{
    "C": 44.15613147869054,
    "gamma": 0.0030824661048024825
}