{
    "n_estimators": 100,
    "max_depth": 20,
    "gamma": 0.5909547564136568,
    "subsample": 0.9760279380759032,
    "colsample_bytree": 0.8792801317973525
}