{
    "C": 0.7228832312503338,
    "gamma": 0.040387266547077666
}