{
    "n_estimators": 100,
    "max_depth": 5,
    "gamma": 0.6205350031231233,
    "subsample": 0.7234126072570165,
    "colsample_bytree": 0.9148373395624055
}