{
    "C": 29.743209233809306,
    "gamma": 0.01021920746034473
}