{
    "C": 54.75180850379951,
    "gamma": 0.014525817814796506
}