{
    "n_estimators": 100,
    "max_depth": 5,
    "gamma": 0.5918120501670434,
    "subsample": 0.7404001740392997,
    "colsample_bytree": 0.5472962545418213
}