{
    "n_estimators": 40,
    "max_depth": 5,
    "gamma": 0.19248763358657872,
    "subsample": 0.9475255608495861,
    "colsample_bytree": 0.8981910750110893
}