{
    "C": 54.579214468253845,
    "gamma": 0.00031146932297573614
}