{
    "n_estimators": 100,
    "max_depth": 30,
    "gamma": 0.45877778302962907,
    "subsample": 0.6111096958317064,
    "colsample_bytree": 0.7426912643468193
}