{
    "C": 3.3982350828968952,
    "gamma": 0.19031900913562447
}