{
    "C": 97.79898246222159,
    "gamma": 0.00020683110931006516
}