{
    "C": 1.5665549352915116,
    "gamma": 0.0010192094342589353
}