{
    "C": 0.21537489794913275,
    "gamma": 0.005756894687116981
}