{
    "C": 18.15405556315665,
    "gamma": 0.00022020341352706977
}