{
    "C": 1.2587552388316483,
    "gamma": 0.020778435861234252
}