{
    "C": 0.12897582888773668,
    "gamma": 0.04671747014458061
}