{
    "n_estimators": 100,
    "max_depth": 30,
    "gamma": 0.9894607367239925,
    "subsample": 0.5005044321862977,
    "colsample_bytree": 0.6505130838547347
}