{
    "C": 3.0958079528728892,
    "gamma": 0.0006797624511915405
}