{
    "C": 6.29584740245842,
    "gamma": 0.05930471379525112
}