{
    "n_estimators": 100,
    "max_depth": 30,
    "gamma": 0.822369697939884,
    "subsample": 0.8093194964668966,
    "colsample_bytree": 0.9442808724199924
}