{
    "C": 99.1032970333078,
    "gamma": 0.0014771660648086968
}