{
    "C": 49.3123527207661,
    "gamma": 0.0009211237717336619
}