{
    "n_estimators": 10,
    "max_depth": 5,
    "gamma": 0.10542275268999206,
    "subsample": 0.6388947301297142,
    "colsample_bytree": 0.5266844660264531
}