{
    "C": 96.55514973982129,
    "gamma": 0.0026583333198354005
}