{
    "n_estimators": 100,
    "max_depth": 30,
    "gamma": 0.32149950951683703,
    "subsample": 0.5420135989862963,
    "colsample_bytree": 0.5093934909121153
}