{
    "C": 53.53778070224329,
    "gamma": 0.00799416505107457
}