{
    "C": 72.10806005115724,
    "gamma": 0.00013755458450644907
}