{
    "C": 44.386638523160705,
    "gamma": 0.0002712218477659063
}