{
    "C": 98.26857474393834,
    "gamma": 0.007062172175875516
}