{
    "n_estimators": 40,
    "max_depth": 5,
    "gamma": 0.22520215113268205,
    "subsample": 0.5098344131817877,
    "colsample_bytree": 0.7957166428839273
}