{
    "C": 0.060116216162902435,
    "gamma": 0.036058877945824665
}