{
    "C": 28.318580187646035,
    "gamma": 0.0011867938834017753
}