{
    "C": 97.93417532368966,
    "gamma": 0.0019448676825592215
}