{
    "C": 93.17583472570622,
    "gamma": 0.00010861092787320457
}