{
    "C": 8.900752059925026,
    "gamma": 0.0009389954055218601
}