{
    "C": 5.935737218675916,
    "gamma": 0.018304427708038078
}