{
    "C": 0.7484403063560257,
    "gamma": 0.0012918795379521912
}