{
    "C": 87.95974062655705,
    "gamma": 0.0014315739415701407
}