{
    "n_estimators": 10,
    "max_depth": 5,
    "gamma": 0.9821018178974498,
    "subsample": 0.746141624350685,
    "colsample_bytree": 0.9883260726787346
}