{
    "C": 8.674354399839386,
    "gamma": 0.07806032419781148
}