{
    "C": 91.12567156596629,
    "gamma": 0.006184748358636214
}