{
    "C": 80.01755389668168,
    "gamma": 0.00034865593681359405
}