{
    "n_estimators": 100,
    "max_depth": 30,
    "gamma": 0.26626655377772473,
    "subsample": 0.5876565548196034,
    "colsample_bytree": 0.8604557310580807
}