{
    "n_estimators": 100,
    "max_depth": 30,
    "gamma": 0.2603049729586242,
    "subsample": 0.9870711347114001,
    "colsample_bytree": 0.8975091622198236
}