{
    "n_estimators": 40,
    "max_depth": 20,
    "gamma": 0.6553745512756087,
    "subsample": 0.8011127391923504,
    "colsample_bytree": 0.6258417328966932
}