{
    "n_estimators": 40,
    "max_depth": 20,
    "gamma": 0.4239671941975407,
    "subsample": 0.8783528293461115,
    "colsample_bytree": 0.6271428698415437
}