{
    "n_estimators": 100,
    "max_depth": 5,
    "gamma": 0.8811195290310779,
    "subsample": 0.605903241474351,
    "colsample_bytree": 0.7049349925992451
}