{
    "C": 0.022458498023938945,
    "gamma": 0.0006344004822646731
}