{
    "C": 0.014044322493342948,
    "gamma": 0.006237926137781325
}