{
    "C": 1.9699944995050802,
    "gamma": 0.00042119708975343147
}