{
    "C": 97.31236719594249,
    "gamma": 0.00011556096579248631
}