{
    "C": 94.0148676449121,
    "gamma": 0.003002397224963451
}