{
    "n_estimators": 40,
    "max_depth": 5,
    "gamma": 0.5254520861355179,
    "subsample": 0.5023604899858759,
    "colsample_bytree": 0.6738788777316451
}