{
    "C": 91.73796636475332,
    "gamma": 0.008404655713946921
}