{
    "n_estimators": 10,
    "max_depth": 30,
    "gamma": 0.2681645700627216,
    "subsample": 0.5339177775111867,
    "colsample_bytree": 0.9851280083052829
}