{
    "C": 0.013359554170251831,
    "gamma": 0.0010192094342589353
}