{
    "n_estimators": 10,
    "max_depth": 30,
    "gamma": 0.7188750226214456,
    "subsample": 0.7949373473520829,
    "colsample_bytree": 0.8739275824458554
}