{
    "C": 51.83755882003649,
    "gamma": 0.0002503828224843983
}