{
    "C": 10.57688786847264,
    "gamma": 0.00028684690308802764
}