{
    "C": 10.49522061078938,
    "gamma": 0.008319017461350824
}