{
    "C": 0.5544491461728963,
    "gamma": 0.0031646864514946896
}