{
    "C": 27.496564789294712,
    "gamma": 0.004796259768183655
}