{
    "C": 9.070139429610188,
    "gamma": 0.0001209102891845568
}