{
    "C": 95.58962601482536,
    "gamma": 0.0024458758825537798
}