{
    "C": 84.24425836628274,
    "gamma": 0.001475225070995321
}