{
    "n_estimators": 10,
    "max_depth": 30,
    "gamma": 0.12096039391334465,
    "subsample": 0.6838321172263826,
    "colsample_bytree": 0.7981065986167506
}