{
    "C": 5.614227220787497,
    "gamma": 0.00016736958403090367
}