{
    "C": 31.340530513929938,
    "gamma": 0.001938972305151164
}