{
    "n_estimators": 40,
    "max_depth": 5,
    "gamma": 0.7077587344110521,
    "subsample": 0.7855755843903092,
    "colsample_bytree": 0.64358997692846
}