{
    "C": 47.05529040443485,
    "gamma": 0.00041929668515789493
}