{
    "n_estimators": 10,
    "max_depth": 20,
    "gamma": 0.3300641220400294,
    "subsample": 0.9573076515649798,
    "colsample_bytree": 0.9335854827452463
}