{
    "n_estimators": 100,
    "max_depth": 30,
    "gamma": 0.39425899150000054,
    "subsample": 0.5686235456103313,
    "colsample_bytree": 0.5977679708052633
}