{
    "C": 1.3405793661054288,
    "gamma": 0.0021207855870425045
}