{
    "C": 1.6085646865307985,
    "gamma": 0.0062445099001949556
}