{
    "C": 3.601630664158587,
    "gamma": 0.02083258729845697
}