{
    "C": 82.23570444662707,
    "gamma": 0.0005171272263991439
}