{
    "C": 4.220165247867255,
    "gamma": 0.0001282388593425487
}