{
    "C": 0.019490796625562492,
    "gamma": 0.03232466327872945
}