{
    "C": 31.260885402757893,
    "gamma": 0.007239332826556848
}