{
    "C": 0.18664471076412367,
    "gamma": 0.0010075742302770782
}