{
    "C": 6.48642555359081,
    "gamma": 0.012481341225638954
}