{
    "C": 0.46602228682436,
    "gamma": 0.001536178317577251
}