{
    "C": 34.22006368953904,
    "gamma": 0.004903821062162341
}