{
    "C": 0.1616903496615465,
    "gamma": 0.02554975131395118
}