{
    "C": 7.540931425515365,
    "gamma": 0.014145473258685273
}