{
    "C": 46.93386049601968,
    "gamma": 0.002750290328285801
}