{
    "n_estimators": 40,
    "max_depth": 5,
    "gamma": 0.7905921296888103,
    "subsample": 0.5584343018612286,
    "colsample_bytree": 0.6845731330631935
}