{
    "C": 6.381299292038921,
    "gamma": 0.005704053596514284
}