{
    "C": 0.1076170664773506,
    "gamma": 0.006389686124436442
}