{
    "C": 3.1116929930547967,
    "gamma": 0.0019059106789665675
}