{
    "C": 33.43273315788559,
    "gamma": 0.007490534650110676
}