{
    "C": 1.9890117298258139,
    "gamma": 0.0041514879076103555
}