{
    "n_estimators": 100,
    "max_depth": 30,
    "gamma": 0.37396954519133596,
    "subsample": 0.7939380390025529,
    "colsample_bytree": 0.8807716885992092
}