{
    "C": 99.79040763269057,
    "gamma": 0.0064439404955199606
}