{
    "C": 51.81656666148706,
    "gamma": 0.00037620814919272827
}