{
    "n_estimators": 10,
    "max_depth": 5,
    "gamma": 0.6065710810356122,
    "subsample": 0.5146749793878775,
    "colsample_bytree": 0.8681391863107983
}