{
    "n_estimators": 100,
    "max_depth": 5,
    "gamma": 0.8163213847271309,
    "subsample": 0.6190335099771473,
    "colsample_bytree": 0.5065080580647199
}