{
    "C": 37.176419313541686,
    "gamma": 0.01578632351795541
}