{
    "n_estimators": 100,
    "max_depth": 5,
    "gamma": 0.5096095072164681,
    "subsample": 0.8979338087785226,
    "colsample_bytree": 0.9775063564039159
}