{
    "C": 13.271770910691655,
    "gamma": 0.013158891487618313
}