{
    "C": 3.356030013938164,
    "gamma": 0.021822101292479575
}