{
    "C": 18.50119796629432,
    "gamma": 0.032629907308005676
}