{
    "n_estimators": 40,
    "max_depth": 5,
    "gamma": 0.10764373246258885,
    "subsample": 0.6815556790081727,
    "colsample_bytree": 0.9909400386113472
}