{
    "C": 47.437964227988765,
    "gamma": 0.008920259686808658
}