{
    "C": 6.642855876549876,
    "gamma": 0.020673176524385682
}