{
    "n_estimators": 40,
    "max_depth": 20,
    "gamma": 0.4579451542644438,
    "subsample": 0.9492210867367414,
    "colsample_bytree": 0.7886671781183852
}