{
    "C": 65.77880959878038,
    "gamma": 0.0022702506924196187
}