{
    "C": 28.018780526356863,
    "gamma": 0.005414208505121826
}