{
    "C": 31.27782429421857,
    "gamma": 0.002859486622318604
}