{
    "C": 0.3864291653552654,
    "gamma": 0.014297724879798395
}