{
    "n_estimators": 40,
    "max_depth": 20,
    "gamma": 0.28194741319909133,
    "subsample": 0.5103505624713055,
    "colsample_bytree": 0.9845212264211136
}