{
    "C": 89.48371964364767,
    "gamma": 0.016770498589264493
}