{
    "n_estimators": 100,
    "max_depth": 5,
    "gamma": 0.1456096910712352,
    "subsample": 0.8658626539492645,
    "colsample_bytree": 0.8754525586450504
}