{
    "C": 14.783807777573314,
    "gamma": 0.00022158798003197
}