{
    "C": 0.04863962282920226,
    "gamma": 0.25659193046688444
}