{
    "C": 34.59043803823594,
    "gamma": 0.0006895370501941047
}