{
    "n_estimators": 100,
    "max_depth": 30,
    "gamma": 0.2829397103782759,
    "subsample": 0.9959525703877993,
    "colsample_bytree": 0.8721033958349534
}