{
    "C": 0.01025258507396144,
    "gamma": 0.011247748591993064
}