{
    "C": 95.52546796961872,
    "gamma": 0.002373896958914809
}