{
    "C": 99.64610848329993,
    "gamma": 0.0009388907621203755
}