{
    "n_estimators": 40,
    "max_depth": 30,
    "gamma": 0.7785087831194062,
    "subsample": 0.9911835888808611,
    "colsample_bytree": 0.9541024812457316
}