{
    "C": 22.71829307293361,
    "gamma": 0.006136964231515981
}