{
    "C": 0.5545996722241048,
    "gamma": 0.00012697111322756423
}