{
    "C": 0.03810896447929417,
    "gamma": 0.04667874889020803
}