{
    "C": 2.9164551523791014,
    "gamma": 0.02059410185122379
}