{
    "C": 0.17626681948337672,
    "gamma": 0.18247602632994203
}