{
    "C": 0.1168051660567922,
    "gamma": 0.015972284349141542
}