{
    "C": 93.89262477674235,
    "gamma": 0.010043055706968803
}