{
    "n_estimators": 100,
    "max_depth": 5,
    "gamma": 0.6397877373108088,
    "subsample": 0.863148674231105,
    "colsample_bytree": 0.7927248026354679
}