{
    "n_estimators": 40,
    "max_depth": 20,
    "gamma": 0.4270823746386513,
    "subsample": 0.6454046952902945,
    "colsample_bytree": 0.6084577388069443
}