{
    "n_estimators": 100,
    "max_depth": 5,
    "gamma": 0.11132541504315885,
    "subsample": 0.6823309691011499,
    "colsample_bytree": 0.5170496885398734
}