{
    "C": 34.10430644408214,
    "gamma": 0.0017122655851171905
}