{
    "C": 0.871235297908863,
    "gamma": 0.017647200241152777
}