{
    "C": 4.345381179088221,
    "gamma": 0.03131310190936265
}