{
    "C": 41.66611275690616,
    "gamma": 0.013708979202651387
}