{
    "C": 66.51303879653196,
    "gamma": 0.0019481683033596602
}