{
    "C": 97.70291573234948,
    "gamma": 0.0002824528135100732
}