{
    "n_estimators": 40,
    "max_depth": 20,
    "gamma": 0.5710008476775268,
    "subsample": 0.6180240592230783,
    "colsample_bytree": 0.8779788348809624
}