{
    "C": 43.76463915149985,
    "gamma": 0.00428037026121827
}