{
    "n_estimators": 40,
    "max_depth": 30,
    "gamma": 0.5220571323501877,
    "subsample": 0.5574893201295719,
    "colsample_bytree": 0.8711538751900834
}