{
    "C": 46.553456670889815,
    "gamma": 0.0029234216948782047
}