{
    "n_estimators": 40,
    "max_depth": 5,
    "gamma": 0.7364313086657368,
    "subsample": 0.7990946478919629,
    "colsample_bytree": 0.7076662365045459
}