{
    "C": 88.09499765567136,
    "gamma": 0.0029558762755597795
}