{
    "C": 26.78021112862234,
    "gamma": 0.02420043051743676
}