{
    "n_estimators": 100,
    "max_depth": 30,
    "gamma": 0.8284223406925365,
    "subsample": 0.9263968280648112,
    "colsample_bytree": 0.6958296218493281
}