{
    "C": 1.181222653426908,
    "gamma": 0.0008160666977889097
}