{
    "n_estimators": 10,
    "max_depth": 5,
    "gamma": 0.7206064237466012,
    "subsample": 0.8094627825618306,
    "colsample_bytree": 0.9025148084639849
}