{
    "n_estimators": 100,
    "max_depth": 5,
    "gamma": 0.9972682554983641,
    "subsample": 0.8632912232219033,
    "colsample_bytree": 0.8024545723194556
}