{
    "C": 15.260750517317483,
    "gamma": 0.029237491574964438
}