{
    "C": 0.023107934287445543,
    "gamma": 0.0021624550090898853
}