{
    "C": 7.746960563836961,
    "gamma": 0.0003692012182803563
}