{
    "C": 0.019993029617329638,
    "gamma": 0.16175849608451096
}