{
    "C": 93.79658191801782,
    "gamma": 0.0010236020757200316
}