{
    "n_estimators": 40,
    "max_depth": 5,
    "gamma": 0.5147644224249304,
    "subsample": 0.8978842909129643,
    "colsample_bytree": 0.9125916365606825
}