{
    "n_estimators": 100,
    "max_depth": 30,
    "gamma": 0.12225147656691177,
    "subsample": 0.8103254812290517,
    "colsample_bytree": 0.8818440980948782
}