{
    "C": 0.11793098468758549,
    "gamma": 0.0013983933907564855
}