{
    "C": 45.6811042596474,
    "gamma": 0.015972284349141542
}