{
    "n_estimators": 100,
    "max_depth": 30,
    "gamma": 0.31338689332168584,
    "subsample": 0.6904915193750716,
    "colsample_bytree": 0.7332918870972852
}