{
    "n_estimators": 40,
    "max_depth": 5,
    "gamma": 0.38338448004472436,
    "subsample": 0.6462373531400256,
    "colsample_bytree": 0.5172163134121808
}