{
    "C": 0.43468256540141165,
    "gamma": 0.0007853841971349625
}