{
    "n_estimators": 40,
    "max_depth": 5,
    "gamma": 0.22536822123908234,
    "subsample": 0.6315393776929317,
    "colsample_bytree": 0.8974991473398756
}