{
    "C": 6.930662075271233,
    "gamma": 0.012991142037283224
}