{
    "C": 4.637473708405074,
    "gamma": 0.015816792889032042
}