{
    "C": 38.29328169481292,
    "gamma": 0.0005146275574768979
}