{
    "C": 91.353764478107,
    "gamma": 0.001545754233081731
}