{
    "C": 2.304909942335628,
    "gamma": 0.006689653086306599
}