{
    "C": 1.2326635135208293,
    "gamma": 0.003968985554521008
}