{
    "n_estimators": 100,
    "max_depth": 30,
    "gamma": 0.33545784053627775,
    "subsample": 0.5982804577485243,
    "colsample_bytree": 0.8840883534436257
}