{
    "C": 80.78963648177103,
    "gamma": 0.0031029895824469887
}