{
    "n_estimators": 100,
    "max_depth": 5,
    "gamma": 0.7155564640102688,
    "subsample": 0.7163098402919261,
    "colsample_bytree": 0.8285787139393135
}