{
    "C": 10.400659562623774,
    "gamma": 0.07091738061374361
}