{
    "C": 43.02721830803815,
    "gamma": 0.0032476582999147277
}