{
    "C": 34.12856859207466,
    "gamma": 0.03500731724007768
}