{
    "C": 91.26714801629333,
    "gamma": 0.006184748358636214
}