{
    "n_estimators": 100,
    "max_depth": 20,
    "gamma": 0.5192608611018183,
    "subsample": 0.892767832425971,
    "colsample_bytree": 0.5401823506190564
}