{
    "C": 0.3006430911319178,
    "gamma": 0.13311570645770698
}