{
    "n_estimators": 40,
    "max_depth": 20,
    "gamma": 0.6096225522837886,
    "subsample": 0.5076754451841359,
    "colsample_bytree": 0.8484196594172402
}