{
    "C": 0.011002632709098882,
    "gamma": 0.010174155443038872
}