{
    "C": 6.216958648502451,
    "gamma": 0.03097082885392509
}