{
    "C": 98.98104712499885,
    "gamma": 0.0027940394570394587
}