{
    "C": 48.086068369986165,
    "gamma": 0.016308975557808476
}