{
    "n_estimators": 100,
    "max_depth": 5,
    "gamma": 0.22446681341898678,
    "subsample": 0.8232197177716685,
    "colsample_bytree": 0.9334712080968227
}