{
    "C": 10.593537328275678,
    "gamma": 0.001137135457970853
}