{
    "C": 2.626936694939629,
    "gamma": 0.0017677531039465581
}