{
    "C": 30.102554101015006,
    "gamma": 0.005205850583964663
}