{
    "C": 12.968906869009809,
    "gamma": 0.007560987269466541
}