{
    "C": 0.19121434127766676,
    "gamma": 0.0013466475450690347
}