{
    "C": 96.70307070998385,
    "gamma": 0.001586329040200168
}