{
    "C": 18.675364820868673,
    "gamma": 0.0020757353333463184
}