{
    "C": 0.018698461032355812,
    "gamma": 0.0013494613630754227
}