{
    "C": 61.05874232568826,
    "gamma": 0.002519117474335368
}