{
    "n_estimators": 10,
    "max_depth": 30,
    "gamma": 0.697049988590422,
    "subsample": 0.5732330067971796,
    "colsample_bytree": 0.8444295577681311
}