{
    "C": 1.0285181685417377,
    "gamma": 0.025601324271352224
}