{
    "n_estimators": 10,
    "max_depth": 30,
    "gamma": 0.2994623047649704,
    "subsample": 0.9952517645702831,
    "colsample_bytree": 0.5760171413096252
}