{
    "n_estimators": 100,
    "max_depth": 20,
    "gamma": 0.5801343191655158,
    "subsample": 0.9081041835805237,
    "colsample_bytree": 0.9253880955403629
}