{
    "C": 34.85048276910178,
    "gamma": 0.0003935217103573618
}