{
    "C": 99.13631087099728,
    "gamma": 0.0015417846351833038
}