{
    "n_estimators": 40,
    "max_depth": 20,
    "gamma": 0.46199437421881107,
    "subsample": 0.5788276177555584,
    "colsample_bytree": 0.6319725061725031
}