{
    "C": 56.03501377389289,
    "gamma": 0.21426207507403158
}