{
    "n_estimators": 100,
    "max_depth": 5,
    "gamma": 0.39697014620926757,
    "subsample": 0.6947994397477216,
    "colsample_bytree": 0.5849369115752149
}