{
    "C": 31.501096593262467,
    "gamma": 0.0012888403699593597
}