{
    "C": 1.9053455510790653,
    "gamma": 0.03265842756865496
}