{
    "C": 96.47127666225,
    "gamma": 0.0006344004822646731
}