{
    "n_estimators": 10,
    "max_depth": 5,
    "gamma": 0.4344857308329636,
    "subsample": 0.9252492467539398,
    "colsample_bytree": 0.9285514949829186
}