{
    "C": 0.046227747335863247,
    "gamma": 0.02865259426777129
}