{
    "C": 51.53051342965686,
    "gamma": 0.08113503709244341
}