{
    "C": 15.56234148351512,
    "gamma": 0.0016102295068104778
}