{
    "C": 23.968311640480998,
    "gamma": 0.003346139614416783
}