{
    "n_estimators": 10,
    "max_depth": 20,
    "gamma": 0.11546680719474106,
    "subsample": 0.724879919019573,
    "colsample_bytree": 0.7092546078898981
}