{
    "C": 56.08803927293718,
    "gamma": 0.010786392309888218
}