{
    "C": 6.385349000260516,
    "gamma": 0.0022930911001060317
}