{
    "n_estimators": 10,
    "max_depth": 20,
    "gamma": 0.8266655935041561,
    "subsample": 0.632229236272151,
    "colsample_bytree": 0.9944893965688142
}