{
    "C": 39.62912880265801,
    "gamma": 0.00024016639255575284
}