{
    "C": 12.865503534872015,
    "gamma": 0.0018777620186207096
}