{
    "C": 0.020031526358015174,
    "gamma": 0.002191131441741355
}