{
    "C": 0.25707709152788416,
    "gamma": 0.002156221604345714
}