{
    "C": 16.43239873728866,
    "gamma": 0.0001724350976401935
}