{
    "C": 11.19821491295275,
    "gamma": 0.006268582039889575
}