{
    "n_estimators": 40,
    "max_depth": 5,
    "gamma": 0.7483449595926549,
    "subsample": 0.8410908155706598,
    "colsample_bytree": 0.6984956701141075
}