{
    "C": 34.36584707568356,
    "gamma": 0.01023074825398508
}