{
    "n_estimators": 40,
    "max_depth": 5,
    "gamma": 0.10510118636594501,
    "subsample": 0.9963650524634948,
    "colsample_bytree": 0.807169153415412
}