{
    "n_estimators": 40,
    "max_depth": 5,
    "gamma": 0.2692119131425646,
    "subsample": 0.621150313694708,
    "colsample_bytree": 0.6693549833173162
}