{
    "C": 8.742127781483141,
    "gamma": 0.00030145506588233724
}