{
    "C": 58.15918094653161,
    "gamma": 0.014536470115770613
}