{
    "n_estimators": 100,
    "max_depth": 5,
    "gamma": 0.38549486064049804,
    "subsample": 0.674064826001653,
    "colsample_bytree": 0.7576744784706865
}