{
    "C": 0.24023475113638668,
    "gamma": 0.0019154194655790892
}