{
    "n_estimators": 100,
    "max_depth": 30,
    "gamma": 0.10119309283736104,
    "subsample": 0.5858157319917725,
    "colsample_bytree": 0.807169153415412
}