{
    "n_estimators": 100,
    "max_depth": 20,
    "gamma": 0.3536700098359791,
    "subsample": 0.7814635006463444,
    "colsample_bytree": 0.8028437901801178
}