{
    "n_estimators": 100,
    "max_depth": 5,
    "gamma": 0.6069653032580499,
    "subsample": 0.7784368230590243,
    "colsample_bytree": 0.9667541612962126
}