{
    "C": 91.01107081624085,
    "gamma": 0.0009161871850183776
}