{
    "C": 1.6489022203351658,
    "gamma": 0.019538420813615214
}