{
    "n_estimators": 100,
    "max_depth": 5,
    "gamma": 0.829211377339519,
    "subsample": 0.8837176803543265,
    "colsample_bytree": 0.754143369377096
}