{
    "C": 10.075668342637066,
    "gamma": 0.3106784458619387
}