{
    "n_estimators": 100,
    "max_depth": 30,
    "gamma": 0.3948172633490876,
    "subsample": 0.875757800437021,
    "colsample_bytree": 0.7902249499396803
}