{
    "C": 24.155276058555312,
    "gamma": 0.0032946394242815494
}