{
    "n_estimators": 40,
    "max_depth": 20,
    "gamma": 0.3851209698407902,
    "subsample": 0.575451933755462,
    "colsample_bytree": 0.9928973939225177
}