{
    "C": 97.63594796229309,
    "gamma": 0.008035076790867958
}