{
    "n_estimators": 100,
    "max_depth": 30,
    "gamma": 0.6827774775520852,
    "subsample": 0.7903330438628999,
    "colsample_bytree": 0.9148421537625558
}