{
    "n_estimators": 100,
    "max_depth": 30,
    "gamma": 0.2575613550262264,
    "subsample": 0.9528873648307414,
    "colsample_bytree": 0.8895814507432485
}