{
    "C": 94.52800418185302,
    "gamma": 0.022592804937487835
}