{
    "C": 94.95216709206053,
    "gamma": 0.0002061173266025007
}