{
    "n_estimators": 100,
    "max_depth": 5,
    "gamma": 0.17226674818302729,
    "subsample": 0.6440330245268905,
    "colsample_bytree": 0.7721194994156058
}