{
    "C": 2.0375960043980257,
    "gamma": 0.00029159311226861344
}