{
    "C": 5.67552652420258,
    "gamma": 0.0014968249242377914
}