{
    "C": 0.0241678817617575,
    "gamma": 0.0292988910183125
}