{
    "C": 33.281818906488915,
    "gamma": 0.0013630724053344397
}