{
    "n_estimators": 40,
    "max_depth": 5,
    "gamma": 0.48596480023844024,
    "subsample": 0.6388052294316233,
    "colsample_bytree": 0.6815498556783907
}