{
    "C": 0.06585587677899403,
    "gamma": 0.029997417348655162
}