{
    "C": 38.071020910739044,
    "gamma": 0.0005117870174691013
}