{
    "C": 28.923057459871305,
    "gamma": 0.0014583921475051051
}