{
    "n_estimators": 100,
    "max_depth": 5,
    "gamma": 0.4209215910999148,
    "subsample": 0.6109744065191631,
    "colsample_bytree": 0.8647255632363338
}