{
    "C": 55.83575503461557,
    "gamma": 0.00039484465933694414
}