{
    "C": 54.579214468253845,
    "gamma": 0.04170279840269728
}