{
    "n_estimators": 100,
    "max_depth": 20,
    "gamma": 0.6036995647677597,
    "subsample": 0.823561454885322,
    "colsample_bytree": 0.8321591118652684
}