{
    "n_estimators": 10,
    "max_depth": 5,
    "gamma": 0.11132541504315885,
    "subsample": 0.6662848793328995,
    "colsample_bytree": 0.9668465952220582
}