{
    "C": 0.6935242176771194,
    "gamma": 0.05025617935403831
}