{
    "C": 84.32841565554354,
    "gamma": 0.0017506282849034053
}