{
    "n_estimators": 100,
    "max_depth": 5,
    "gamma": 0.10503714528662239,
    "subsample": 0.6702225704744297,
    "colsample_bytree": 0.6709534427460103
}