{
    "C": 36.73026006005477,
    "gamma": 0.00010613465704695959
}