{
    "n_estimators": 10,
    "max_depth": 30,
    "gamma": 0.10524408962017368,
    "subsample": 0.5222770053353054,
    "colsample_bytree": 0.7961372583950703
}