{
    "n_estimators": 40,
    "max_depth": 5,
    "gamma": 0.3816794639782427,
    "subsample": 0.9711630434617466,
    "colsample_bytree": 0.8189757487953888
}