{
    "C": 10.483242286907885,
    "gamma": 0.00024170578537536513
}