{
    "n_estimators": 40,
    "max_depth": 5,
    "gamma": 0.2614201940179387,
    "subsample": 0.9175932154186793,
    "colsample_bytree": 0.9277077386359232
}