{
    "C": 98.07054088227193,
    "gamma": 0.0004416380751829315
}