{
    "C": 0.013167545978819984,
    "gamma": 0.0067194371723212016
}