{
    "C": 4.81783727183584,
    "gamma": 0.0002479019276250618
}