{
    "C": 79.2119225426045,
    "gamma": 0.008929580028715009
}