{
    "n_estimators": 100,
    "max_depth": 5,
    "gamma": 0.8976269974551768,
    "subsample": 0.9897625316286105,
    "colsample_bytree": 0.7052264477495667
}