{
    "C": 4.6555463995750115,
    "gamma": 0.0005794084280161688
}