{
    "n_estimators": 100,
    "max_depth": 20,
    "gamma": 0.6607882810156513,
    "subsample": 0.7471674903878635,
    "colsample_bytree": 0.719829141571088
}