{
    "n_estimators": 100,
    "max_depth": 5,
    "gamma": 0.1446994735503574,
    "subsample": 0.7341683466320832,
    "colsample_bytree": 0.8278672634615978
}