{
    "C": 0.057462506004091446,
    "gamma": 0.0002783034167286362
}