{
    "C": 51.83755882003649,
    "gamma": 0.005589815700348747
}