{
    "C": 94.4159101995665,
    "gamma": 0.00010417948685590683
}