{
    "n_estimators": 100,
    "max_depth": 5,
    "gamma": 0.765455362571195,
    "subsample": 0.835507487870913,
    "colsample_bytree": 0.6637471365713112
}