{
    "n_estimators": 100,
    "max_depth": 5,
    "gamma": 0.7492120538636764,
    "subsample": 0.9434087489836519,
    "colsample_bytree": 0.8186757121775334
}