{
    "C": 44.36791387831111,
    "gamma": 0.032740965064076366
}