{
    "C": 5.849615692139031,
    "gamma": 0.0448119937045803
}