{
    "C": 3.7875960513265703,
    "gamma": 0.008790594176175531
}