{
    "C": 2.141629093339219,
    "gamma": 0.021199766339550553
}