{
    "C": 0.012108081598113376,
    "gamma": 0.07768251729374166
}