{
    "n_estimators": 100,
    "max_depth": 20,
    "gamma": 0.5943096932805854,
    "subsample": 0.5601277810027665,
    "colsample_bytree": 0.7138702463764762
}