{
    "C": 7.259256764179914,
    "gamma": 0.03759579581805171
}