{
    "C": 92.21435093089566,
    "gamma": 0.010513069771369725
}