{
    "C": 0.2522972704964761,
    "gamma": 0.0022708882613918023
}