{
    "C": 1.5818113387090205,
    "gamma": 0.17263011320316912
}