{
    "C": 0.6217441808277717,
    "gamma": 0.0026472761336354114
}