{
    "n_estimators": 40,
    "max_depth": 5,
    "gamma": 0.3507723726564195,
    "subsample": 0.8321369800335057,
    "colsample_bytree": 0.6429638762844068
}