{
    "C": 26.418494839721877,
    "gamma": 0.005204497431412339
}