{
    "n_estimators": 40,
    "max_depth": 5,
    "gamma": 0.4540121538138978,
    "subsample": 0.9517545028072234,
    "colsample_bytree": 0.9282201679527589
}