{
    "C": 0.9345523467201747,
    "gamma": 0.03528033125851792
}