{
    "n_estimators": 100,
    "max_depth": 5,
    "gamma": 0.5229865964102105,
    "subsample": 0.7754057338318688,
    "colsample_bytree": 0.7747417836596245
}