{
    "C": 61.84028446911583,
    "gamma": 0.002317719441155288
}