{
    "C": 2.246489080808322,
    "gamma": 0.0004413056176146128
}