{
    "n_estimators": 100,
    "max_depth": 5,
    "gamma": 0.4320186305163636,
    "subsample": 0.6691482097743504,
    "colsample_bytree": 0.558219815773398
}