{
    "C": 99.49801922127267,
    "gamma": 0.012595712996548526
}