{
    "C": 40.96144282343654,
    "gamma": 0.06264105115007162
}