{
    "n_estimators": 100,
    "max_depth": 5,
    "gamma": 0.45574038667017713,
    "subsample": 0.5878333618733833,
    "colsample_bytree": 0.714147180418352
}