{
    "n_estimators": 100,
    "max_depth": 30,
    "gamma": 0.12810557331129335,
    "subsample": 0.9354023566439638,
    "colsample_bytree": 0.613671396974
}