{
    "n_estimators": 100,
    "max_depth": 5,
    "gamma": 0.9218040169315626,
    "subsample": 0.8592839072914171,
    "colsample_bytree": 0.521803777330193
}