{
    "n_estimators": 10,
    "max_depth": 20,
    "gamma": 0.9575004347741041,
    "subsample": 0.6574429097222225,
    "colsample_bytree": 0.6647860268584183
}