{
    "C": 52.10577359966626,
    "gamma": 0.002255065216789341
}