{
    "n_estimators": 10,
    "max_depth": 20,
    "gamma": 0.894635981274607,
    "subsample": 0.7745526913536138,
    "colsample_bytree": 0.6901666697090526
}