{
    "C": 9.022037507329372,
    "gamma": 0.0010687022613575547
}