{
    "C": 31.994153257994277,
    "gamma": 0.19725941020937518
}