{
    "C": 27.550758566251453,
    "gamma": 0.0408844021636145
}