{
    "n_estimators": 10,
    "max_depth": 30,
    "gamma": 0.29946218783114176,
    "subsample": 0.7464909356547716,
    "colsample_bytree": 0.8424492029723596
}