{
    "C": 90.12860758184563,
    "gamma": 0.002024760278396085
}