{
    "n_estimators": 40,
    "max_depth": 5,
    "gamma": 0.11132541504315885,
    "subsample": 0.5064520294339674,
    "colsample_bytree": 0.5354388651065751
}