{
    "C": 19.649943430576087,
    "gamma": 0.02587359039861641
}