{
    "C": 6.239731085501219,
    "gamma": 0.00013418165171955683
}