{
    "n_estimators": 40,
    "max_depth": 5,
    "gamma": 0.4543027729715733,
    "subsample": 0.6013885975529621,
    "colsample_bytree": 0.8037146190732115
}