{
    "C": 38.19916870422825,
    "gamma": 0.015087356177866884
}