{
    "n_estimators": 40,
    "max_depth": 5,
    "gamma": 0.6498288283118406,
    "subsample": 0.9889250486771607,
    "colsample_bytree": 0.9966083154142794
}