{
    "C": 0.5824208201678516,
    "gamma": 0.00042977333932534993
}