{
    "n_estimators": 100,
    "max_depth": 30,
    "gamma": 0.4000023985818805,
    "subsample": 0.8940181087620663,
    "colsample_bytree": 0.596389989619073
}