{
    "C": 63.55498061529309,
    "gamma": 0.025246199354692293
}