{
    "n_estimators": 100,
    "max_depth": 30,
    "gamma": 0.2650104494661758,
    "subsample": 0.6051216264194632,
    "colsample_bytree": 0.6904800986148695
}