{
    "C": 56.74294554831151,
    "gamma": 0.002204236156749868
}