{
    "C": 92.1394351081399,
    "gamma": 0.010744009105722447
}