{
    "n_estimators": 100,
    "max_depth": 5,
    "gamma": 0.187480850195131,
    "subsample": 0.5019597507916795,
    "colsample_bytree": 0.5103981051960612
}