{
    "C": 91.62517439488101,
    "gamma": 0.005033339350218376
}