{
    "C": 0.14575348768947397,
    "gamma": 0.01104868064594199
}