{
    "C": 91.24032290275731,
    "gamma": 0.00019440413616501065
}