{
    "C": 2.1125143645909144,
    "gamma": 0.00043697976095669885
}