{
    "n_estimators": 40,
    "max_depth": 30,
    "gamma": 0.6487777093134319,
    "subsample": 0.8874633358531834,
    "colsample_bytree": 0.8042882558074886
}