{
    "n_estimators": 40,
    "max_depth": 5,
    "gamma": 0.3299535097645425,
    "subsample": 0.6175993112369405,
    "colsample_bytree": 0.9618748083920006
}