{
    "n_estimators": 100,
    "max_depth": 20,
    "gamma": 0.4538980173462365,
    "subsample": 0.9564306784757483,
    "colsample_bytree": 0.9392662804496621
}