{
    "C": 8.636546774847075,
    "gamma": 0.0002749095582672242
}