{
    "n_estimators": 40,
    "max_depth": 30,
    "gamma": 0.42794400346813577,
    "subsample": 0.8497187741688019,
    "colsample_bytree": 0.7805788056606079
}