{
    "C": 50.230143186496655,
    "gamma": 0.0008339434173306505
}