{
    "n_estimators": 40,
    "max_depth": 5,
    "gamma": 0.6142134484828784,
    "subsample": 0.6373648153272602,
    "colsample_bytree": 0.6261034696248567
}