{
    "C": 0.24563235714646978,
    "gamma": 0.0028339934713209505
}