{
    "C": 8.703952407187321,
    "gamma": 0.003109473895928899
}