{
    "n_estimators": 10,
    "max_depth": 5,
    "gamma": 0.37414260252773446,
    "subsample": 0.997717467633143,
    "colsample_bytree": 0.5529113226258489
}