{
    "n_estimators": 40,
    "max_depth": 20,
    "gamma": 0.7722689943284501,
    "subsample": 0.5540536412221927,
    "colsample_bytree": 0.6055313267386938
}