{
    "C": 0.0190133329442057,
    "gamma": 0.060511736244391545
}