{
    "C": 28.006893866587735,
    "gamma": 0.00047326540704091096
}