{
    "n_estimators": 100,
    "max_depth": 30,
    "gamma": 0.80632369725675,
    "subsample": 0.9870711347114001,
    "colsample_bytree": 0.9974783236850417
}