{
    "C": 0.3908683253288891,
    "gamma": 0.0019045172895351312
}