{
    "n_estimators": 100,
    "max_depth": 5,
    "gamma": 0.6099295072700623,
    "subsample": 0.8611446088153221,
    "colsample_bytree": 0.6336107715670708
}