{
    "n_estimators": 100,
    "max_depth": 30,
    "gamma": 0.592792066431595,
    "subsample": 0.7350659606600257,
    "colsample_bytree": 0.6125051733011248
}