{
    "C": 1.6820298917260719,
    "gamma": 0.0015989705349271429
}