{
    "n_estimators": 40,
    "max_depth": 20,
    "gamma": 0.8613527117299435,
    "subsample": 0.5414152360122246,
    "colsample_bytree": 0.5028732448871562
}