{
    "C": 28.006893866587735,
    "gamma": 0.0007333261759175959
}