{
    "n_estimators": 10,
    "max_depth": 20,
    "gamma": 0.49205318920874896,
    "subsample": 0.8141939990252245,
    "colsample_bytree": 0.6756539706444223
}