{
    "C": 51.15581696102426,
    "gamma": 0.0018399168403638686
}