{
    "n_estimators": 100,
    "max_depth": 30,
    "gamma": 0.9818533464865756,
    "subsample": 0.9057343266163892,
    "colsample_bytree": 0.8081984527629102
}