{
    "C": 99.12487885400631,
    "gamma": 0.0011412523057254644
}