{
    "C": 10.416214764980518,
    "gamma": 0.0004086244406829762
}