{
    "C": 0.4275990240506566,
    "gamma": 0.004911995120520444
}