{
    "C": 94.71011326105176,
    "gamma": 0.1003199986959572
}