{
    "C": 0.18239231287264435,
    "gamma": 0.02589210187359185
}