{
    "C": 4.106872481654436,
    "gamma": 0.012316153942342476
}