{
    "C": 0.010367063426009605,
    "gamma": 0.005571147064807544
}