{
    "C": 44.53891675553001,
    "gamma": 0.01200008797995173
}