{
    "C": 0.9046711076598174,
    "gamma": 0.08157161806818303
}