{
    "n_estimators": 100,
    "max_depth": 30,
    "gamma": 0.32708477606827396,
    "subsample": 0.8282979651695737,
    "colsample_bytree": 0.6301798292207061
}