{
    "n_estimators": 100,
    "max_depth": 20,
    "gamma": 0.43633364305851546,
    "subsample": 0.912696723164668,
    "colsample_bytree": 0.7809460268191601
}