{
    "C": 0.2687072851452012,
    "gamma": 0.0030973116485761764
}