{
    "C": 32.90141158765128,
    "gamma": 0.0020745519258620585
}