{
    "C": 39.635925566282395,
    "gamma": 0.0005569239662876959
}