{
    "C": 18.5936176154053,
    "gamma": 0.00030011304996610007
}