{
    "C": 1.5011849085829048,
    "gamma": 0.0005518559733140771
}