{
    "C": 1.3808344984958838,
    "gamma": 0.011041664001965566
}