{
    "C": 9.574422055129887,
    "gamma": 0.0010187463674350113
}