{
    "n_estimators": 40,
    "max_depth": 20,
    "gamma": 0.3674021956975861,
    "subsample": 0.7276990900846444,
    "colsample_bytree": 0.9249321178293061
}