{
    "C": 30.78716265129035,
    "gamma": 0.000294981024172395
}