{
    "C": 45.488279867819884,
    "gamma": 0.0014756340822438428
}