{
    "C": 45.87787817444007,
    "gamma": 0.0001675742370307373
}