{
    "C": 95.55069067475432,
    "gamma": 0.0246548847635577
}