{
    "n_estimators": 100,
    "max_depth": 5,
    "gamma": 0.8168046955519204,
    "subsample": 0.894719999286965,
    "colsample_bytree": 0.5301383818618592
}