{
    "C": 32.602211985040164,
    "gamma": 0.00108243157259757
}