{
    "n_estimators": 100,
    "max_depth": 20,
    "gamma": 0.712367594657266,
    "subsample": 0.8114665455225079,
    "colsample_bytree": 0.7130873994589939
}