{
    "C": 91.73915618760977,
    "gamma": 0.006982836689354962
}