{
    "C": 18.30094663453504,
    "gamma": 0.0022451341665571437
}