{
    "C": 1.9524051922583288,
    "gamma": 0.00029119930572075396
}