{
    "n_estimators": 100,
    "max_depth": 5,
    "gamma": 0.669853863600582,
    "subsample": 0.9259365210452002,
    "colsample_bytree": 0.8810094054474
}