{
    "n_estimators": 100,
    "max_depth": 20,
    "gamma": 0.25615341907837774,
    "subsample": 0.9961764358499778,
    "colsample_bytree": 0.6937372920254521
}