{
    "C": 15.416515771907392,
    "gamma": 0.00010134205676992466
}