{
    "n_estimators": 40,
    "max_depth": 5,
    "gamma": 0.3249271121534812,
    "subsample": 0.7842863759624553,
    "colsample_bytree": 0.6810224864832864
}