{
    "C": 29.89673143451878,
    "gamma": 0.004701367393625733
}