{
    "C": 0.3514563109234047,
    "gamma": 0.033924946009677485
}