{
    "n_estimators": 10,
    "max_depth": 20,
    "gamma": 0.41368793588449687,
    "subsample": 0.5991596377711633,
    "colsample_bytree": 0.8088974055287642
}