{
    "C": 2.548453142696632,
    "gamma": 0.19599922663691913
}