{
    "C": 96.80278171389716,
    "gamma": 0.019667714609407954
}