{
    "C": 0.03838595966124492,
    "gamma": 0.004855603727332022
}