{
    "n_estimators": 100,
    "max_depth": 30,
    "gamma": 0.9943112714517324,
    "subsample": 0.8200359995329215,
    "colsample_bytree": 0.7284824247049743
}