{
    "C": 0.6910738863198551,
    "gamma": 0.00048495844697886545
}