{
    "n_estimators": 10,
    "max_depth": 5,
    "gamma": 0.6169288974046233,
    "subsample": 0.8474064826071461,
    "colsample_bytree": 0.6171310704037747
}