{
    "n_estimators": 40,
    "max_depth": 20,
    "gamma": 0.3300641220400294,
    "subsample": 0.9392702859405107,
    "colsample_bytree": 0.9474093045734155
}