{
    "n_estimators": 100,
    "max_depth": 5,
    "gamma": 0.689753787686795,
    "subsample": 0.5580340017739895,
    "colsample_bytree": 0.7874878589970266
}