{
    "C": 95.31440071066623,
    "gamma": 0.00840455814266381
}