{
    "C": 27.173283420110398,
    "gamma": 0.026057779047435524
}