{
    "C": 25.592838281684056,
    "gamma": 0.18501959888714722
}