{
    "n_estimators": 100,
    "max_depth": 30,
    "gamma": 0.1176228697758824,
    "subsample": 0.8395104458751079,
    "colsample_bytree": 0.5772195685689218
}