{
    "C": 0.013617382273612701,
    "gamma": 0.06459596103775635
}