{
    "n_estimators": 40,
    "max_depth": 20,
    "gamma": 0.8911075262754267,
    "subsample": 0.5726468986471812,
    "colsample_bytree": 0.7453000715277724
}