{
    "C": 19.48230514813595,
    "gamma": 0.0007845124375551241
}