{
    "n_estimators": 100,
    "max_depth": 5,
    "gamma": 0.20935117224191174,
    "subsample": 0.8573107066258909,
    "colsample_bytree": 0.9313490759482963
}