{
    "C": 16.969912103125775,
    "gamma": 0.0031010902932046788
}