{
    "C": 47.286791789955906,
    "gamma": 0.002750290328285801
}