{
    "n_estimators": 10,
    "max_depth": 5,
    "gamma": 0.6108590947025372,
    "subsample": 0.6459327034265212,
    "colsample_bytree": 0.8692507596089714
}