{
    "n_estimators": 100,
    "max_depth": 5,
    "gamma": 0.40966526279690063,
    "subsample": 0.9912642884135212,
    "colsample_bytree": 0.7130874746489031
}