{
    "C": 33.505376396822335,
    "gamma": 0.00013603459830198935
}