{
    "C": 70.15719412057473,
    "gamma": 0.00012585529577854211
}