{
    "n_estimators": 40,
    "max_depth": 5,
    "gamma": 0.17962098877423716,
    "subsample": 0.8225184540606401,
    "colsample_bytree": 0.7743115296703093
}