{
    "C": 0.1620137683749493,
    "gamma": 0.0018399168403638686
}