{
    "C": 44.22384360475825,
    "gamma": 0.001170271431287726
}