{
    "n_estimators": 10,
    "max_depth": 5,
    "gamma": 0.4410482797307728,
    "subsample": 0.7726555067078175,
    "colsample_bytree": 0.7928812937617102
}