{
    "n_estimators": 40,
    "max_depth": 20,
    "gamma": 0.2574908346879121,
    "subsample": 0.6644126545905672,
    "colsample_bytree": 0.7819145525282201
}