{
    "C": 45.32467158199861,
    "gamma": 0.023696711341920185
}