{
    "n_estimators": 10,
    "max_depth": 30,
    "gamma": 0.7361585106904461,
    "subsample": 0.6481743941353858,
    "colsample_bytree": 0.6783407895997049
}