{
    "C": 0.09845532945873377,
    "gamma": 0.057631377855215826
}