{
    "n_estimators": 40,
    "max_depth": 20,
    "gamma": 0.38261151091492607,
    "subsample": 0.7631066598253892,
    "colsample_bytree": 0.6551867614403536
}