{
    "n_estimators": 40,
    "max_depth": 20,
    "gamma": 0.22941577602486413,
    "subsample": 0.5015469412061474,
    "colsample_bytree": 0.9965078661499674
}