{
    "C": 38.846879901516914,
    "gamma": 0.0022388091122231488
}