{
    "n_estimators": 100,
    "max_depth": 5,
    "gamma": 0.7978459095621735,
    "subsample": 0.9245218615948881,
    "colsample_bytree": 0.8094674884345949
}