{
    "C": 0.03706377993079603,
    "gamma": 0.01113773103079156
}