{
    "C": 2.062293650694096,
    "gamma": 0.01374755228810018
}