{
    "C": 59.304140139181264,
    "gamma": 0.0005919334578172336
}