{
    "C": 33.3973340928466,
    "gamma": 0.003091964201419189
}