{
    "C": 47.62343110660327,
    "gamma": 0.01082155853173737
}