{
    "C": 85.5346999640325,
    "gamma": 0.0007967110162931896
}