{
    "C": 91.5615918398784,
    "gamma": 0.004487047241914138
}