{
    "C": 27.72596399800337,
    "gamma": 0.0026123370925972087
}