{
    "n_estimators": 100,
    "max_depth": 20,
    "gamma": 0.6772441796819403,
    "subsample": 0.8505310158247128,
    "colsample_bytree": 0.8879378150088051
}