{
    "C": 27.445541824153725,
    "gamma": 0.027712595547702692
}