{
    "n_estimators": 100,
    "max_depth": 5,
    "gamma": 0.2410350599607568,
    "subsample": 0.9545963095684443,
    "colsample_bytree": 0.6139517689357978
}