{
    "C": 1.2808076860947148,
    "gamma": 0.0054799454436953105
}