{
    "n_estimators": 40,
    "max_depth": 30,
    "gamma": 0.4832046028010115,
    "subsample": 0.5465822283571173,
    "colsample_bytree": 0.790465766610629
}