{
    "n_estimators": 40,
    "max_depth": 5,
    "gamma": 0.4677647810752753,
    "subsample": 0.785332734602564,
    "colsample_bytree": 0.7949593528127555
}