{
    "n_estimators": 100,
    "max_depth": 5,
    "gamma": 0.8134045061726345,
    "subsample": 0.6432395448864711,
    "colsample_bytree": 0.832205851419953
}