{
    "C": 0.4355710945798905,
    "gamma": 0.0017432090040826558
}