{
    "C": 18.691597953333464,
    "gamma": 0.002841569927290141
}