{
    "C": 0.21431319400480742,
    "gamma": 0.0031148780106941146
}