{
    "C": 8.085291079616589,
    "gamma": 0.021419367737269636
}