{
    "n_estimators": 40,
    "max_depth": 20,
    "gamma": 0.3554734452019276,
    "subsample": 0.5947710951851903,
    "colsample_bytree": 0.7356254823676576
}