{
    "n_estimators": 100,
    "max_depth": 30,
    "gamma": 0.4494135183927349,
    "subsample": 0.5207197919620343,
    "colsample_bytree": 0.8553314221417493
}