{
    "C": 83.38508645605124,
    "gamma": 0.012316468461420432
}