{
    "C": 51.225940649568784,
    "gamma": 0.0002734390471678174
}