{
    "C": 0.6883925841975319,
    "gamma": 0.042981552253241115
}