{
    "C": 0.4363587420194908,
    "gamma": 0.10914331695612507
}