{
    "C": 0.01148617494544871,
    "gamma": 0.11154814481064729
}