{
    "C": 0.871235297908863,
    "gamma": 0.010472793955924077
}