{
    "n_estimators": 40,
    "max_depth": 20,
    "gamma": 0.7145609877779516,
    "subsample": 0.7602255216256825,
    "colsample_bytree": 0.9997339406435662
}