{
    "C": 10.828726171147034,
    "gamma": 0.009767413053469785
}