{
    "C": 90.29058738908415,
    "gamma": 0.00935638535958938
}