{
    "C": 4.042381244249598,
    "gamma": 0.0013304824599122815
}