{
    "C": 8.58715026204595,
    "gamma": 0.004959664164701567
}