{
    "C": 20.483472225516177,
    "gamma": 0.0028623092011551554
}