{
    "C": 28.911643477140363,
    "gamma": 0.00046956410681691003
}