{
    "C": 0.043657841674090855,
    "gamma": 0.008798929003438283
}