{
    "C": 8.305281508052653,
    "gamma": 0.0005677927176855552
}