{
    "C": 93.10663385259194,
    "gamma": 0.0016294795988207325
}