{
    "C": 1.7855584042216384,
    "gamma": 0.0048009540078654015
}