{
    "C": 12.665453932836142,
    "gamma": 0.004020781621931063
}