{
    "C": 98.95010490146291,
    "gamma": 0.0007722949537772263
}