{
    "n_estimators": 40,
    "max_depth": 5,
    "gamma": 0.280227054844305,
    "subsample": 0.7450473228595149,
    "colsample_bytree": 0.9952512483345063
}