{
    "C": 10.883610513194123,
    "gamma": 0.05382152438192625
}