{
    "n_estimators": 100,
    "max_depth": 5,
    "gamma": 0.7614787715811022,
    "subsample": 0.6406723874073579,
    "colsample_bytree": 0.5069069453436845
}