{
    "C": 19.509753568476366,
    "gamma": 0.0450840854234832
}