{
    "C": 17.155276629355615,
    "gamma": 0.0005015912768579324
}