{
    "C": 98.2941408190516,
    "gamma": 0.00029582499363556953
}