{
    "C": 53.98052978625796,
    "gamma": 0.0003126822817639818
}