{
    "C": 0.1533446857133734,
    "gamma": 0.001485567834250458
}