{
    "C": 77.4798574776547,
    "gamma": 0.08876719083613803
}