{
    "C": 16.606961800124967,
    "gamma": 0.007639098881507377
}