{
    "C": 15.752561398429396,
    "gamma": 0.006910721460676569
}