{
    "C": 99.37369809080434,
    "gamma": 0.0001804293109139813
}