{
    "C": 25.623404277489183,
    "gamma": 0.04957676013331982
}