{
    "n_estimators": 100,
    "max_depth": 5,
    "gamma": 0.4687320566357634,
    "subsample": 0.7219188645284161,
    "colsample_bytree": 0.6814831502777834
}