{
    "C": 11.94999012783153,
    "gamma": 0.10488037803728965
}