{
    "C": 52.48129613417735,
    "gamma": 0.010130063197845948
}