{
    "C": 15.85719366392059,
    "gamma": 0.0004918530260859524
}