{
    "C": 8.982187454749091,
    "gamma": 0.00018129929241801683
}