{
    "C": 0.14880520284943555,
    "gamma": 0.004817700335094822
}