{
    "C": 0.058474309792535525,
    "gamma": 0.0013633934748849418
}