{
    "C": 8.909121678730553,
    "gamma": 0.0008472163439474982
}