{
    "C": 2.786085740569066,
    "gamma": 0.010224323740750113
}