{
    "n_estimators": 40,
    "max_depth": 30,
    "gamma": 0.9966856929320722,
    "subsample": 0.6737856969803389,
    "colsample_bytree": 0.8097265243812746
}