{
    "C": 2.978244276035033,
    "gamma": 0.17170810313024004
}