{
    "n_estimators": 100,
    "max_depth": 30,
    "gamma": 0.6313653438994521,
    "subsample": 0.7605775166055634,
    "colsample_bytree": 0.7692167984081383
}