{
    "C": 41.84236467981166,
    "gamma": 0.001021595940687245
}