{
    "C": 12.514400495428916,
    "gamma": 0.0017046163610230627
}