{
    "C": 1.8217847399890115,
    "gamma": 0.03172675662694489
}