{
    "C": 0.4384653446995487,
    "gamma": 0.038216898428983424
}