{
    "C": 20.591302416556864,
    "gamma": 0.000316201615415791
}