{
    "C": 8.876059835651835,
    "gamma": 0.005760574607478775
}