{
    "n_estimators": 100,
    "max_depth": 5,
    "gamma": 0.1031938363719797,
    "subsample": 0.6807491387936598,
    "colsample_bytree": 0.7596887500542182
}