{
    "C": 95.58787512024017,
    "gamma": 0.002373896958914809
}