{
    "C": 37.57536710679041,
    "gamma": 0.004850786770977266
}