{
    "C": 21.299208558217405,
    "gamma": 0.0013630724053344397
}