{
    "n_estimators": 10,
    "max_depth": 5,
    "gamma": 0.15897116856898635,
    "subsample": 0.9180923362841127,
    "colsample_bytree": 0.6909372834114272
}