{
    "C": 4.690277377253286,
    "gamma": 0.05083118419999515
}