{
    "C": 1.11422381494145,
    "gamma": 0.023876701615726508
}