{
    "C": 13.784621709305947,
    "gamma": 0.0015840449364396393
}