{
    "n_estimators": 100,
    "max_depth": 20,
    "gamma": 0.8968902002503266,
    "subsample": 0.6430783380801123,
    "colsample_bytree": 0.7228820768976273
}