{
    "C": 14.550767593380375,
    "gamma": 0.0028596879491831154
}