{
    "C": 15.784983936236676,
    "gamma": 0.04688031655551413
}