{
    "n_estimators": 100,
    "max_depth": 30,
    "gamma": 0.45919469152689657,
    "subsample": 0.5589573462701152,
    "colsample_bytree": 0.7016702726071706
}