{
    "n_estimators": 100,
    "max_depth": 30,
    "gamma": 0.35520229452966456,
    "subsample": 0.5776811427232815,
    "colsample_bytree": 0.5676710277635433
}