{
    "C": 1.7085535933292602,
    "gamma": 0.002688716852870575
}