{
    "n_estimators": 40,
    "max_depth": 5,
    "gamma": 0.7605096233409349,
    "subsample": 0.6537768723375924,
    "colsample_bytree": 0.5710570474529844
}