{
    "C": 21.325038688515733,
    "gamma": 0.000426437714893675
}