{
    "n_estimators": 40,
    "max_depth": 5,
    "gamma": 0.9207491363563556,
    "subsample": 0.9921134411353034,
    "colsample_bytree": 0.6280493216344784
}