{
    "C": 98.90999572167031,
    "gamma": 0.009398483262565427
}