{
    "n_estimators": 100,
    "max_depth": 5,
    "gamma": 0.34245865808272824,
    "subsample": 0.9655066926832804,
    "colsample_bytree": 0.6597935744064968
}