{
    "C": 0.4933312955076406,
    "gamma": 0.0019929987572893616
}