{
    "C": 50.465371031259,
    "gamma": 0.0007676593720380541
}