{
    "n_estimators": 40,
    "max_depth": 5,
    "gamma": 0.7493472740896592,
    "subsample": 0.6284003687490249,
    "colsample_bytree": 0.6619906998059255
}