{
    "C": 96.13385718636376,
    "gamma": 0.001383183913972951
}