{
    "C": 1.8761365629282882,
    "gamma": 0.0005458784265429498
}