{
    "C": 24.335817588808105,
    "gamma": 0.00020824851253449603
}