{
    "n_estimators": 100,
    "max_depth": 5,
    "gamma": 0.8176644451293342,
    "subsample": 0.6346943987981506,
    "colsample_bytree": 0.7913424442645173
}