{
    "C": 6.821935064191737,
    "gamma": 0.0016951296231299616
}