{
    "C": 3.8595878224676348,
    "gamma": 0.11702441745555851
}