{
    "n_estimators": 40,
    "max_depth": 5,
    "gamma": 0.6890697213838526,
    "subsample": 0.9989490534612134,
    "colsample_bytree": 0.6646834784142459
}