{
    "C": 41.340518921035084,
    "gamma": 0.0002183802471003122
}