{
    "n_estimators": 100,
    "max_depth": 5,
    "gamma": 0.22534876456323225,
    "subsample": 0.6772991662538685,
    "colsample_bytree": 0.5979047503710688
}