{
    "C": 4.290517679536852,
    "gamma": 0.019257260583882784
}