{
    "n_estimators": 40,
    "max_depth": 5,
    "gamma": 0.29803009116962115,
    "subsample": 0.8815324373198361,
    "colsample_bytree": 0.7380295840149014
}