{
    "C": 25.964465287024034,
    "gamma": 0.0004888201082164371
}