{
    "C": 95.58700111528495,
    "gamma": 0.0038653714080090886
}