{
    "n_estimators": 40,
    "max_depth": 30,
    "gamma": 0.4265682295898138,
    "subsample": 0.8187785365093683,
    "colsample_bytree": 0.5957232010594817
}