{
    "C": 12.18747037910759,
    "gamma": 0.00306334486220239
}