{
    "C": 94.6463317720404,
    "gamma": 0.008529497585479981
}