{
    "C": 24.061035577508697,
    "gamma": 0.03587840204017605
}