{
    "C": 0.30613403027754266,
    "gamma": 0.0013712366855113077
}