{
    "C": 78.51358847239959,
    "gamma": 0.0010730507179586865
}