{
    "C": 73.09446226798488,
    "gamma": 0.02007427586846267
}