{
    "C": 0.12480912393966326,
    "gamma": 0.0022372288524322905
}