{
    "C": 0.0555956542671257,
    "gamma": 0.002411253706147574
}