{
    "C": 32.97904054633064,
    "gamma": 0.007898015218958639
}