{
    "C": 40.35524864592314,
    "gamma": 0.0019448676825592215
}