{
    "C": 2.9762028245456804,
    "gamma": 0.006772167257479087
}