{
    "C": 16.387523966433267,
    "gamma": 0.003014449184506969
}