{
    "n_estimators": 100,
    "max_depth": 30,
    "gamma": 0.307628091037864,
    "subsample": 0.884787988540387,
    "colsample_bytree": 0.8787458055858667
}