{
    "C": 9.07540856038043,
    "gamma": 0.0052787508678028856
}