{
    "C": 95.37102249127012,
    "gamma": 0.0002169377274886825
}