{
    "n_estimators": 40,
    "max_depth": 5,
    "gamma": 0.4983460405982337,
    "subsample": 0.6088396423206356,
    "colsample_bytree": 0.999952372802679
}