{
    "C": 11.530301961458445,
    "gamma": 0.00010746203979147533
}