{
    "C": 80.9217357192164,
    "gamma": 0.0002662379674807787
}