{
    "n_estimators": 100,
    "max_depth": 30,
    "gamma": 0.5272159936773541,
    "subsample": 0.9094233884104725,
    "colsample_bytree": 0.9087185799151153
}