{
    "C": 56.45640727772716,
    "gamma": 0.02935767234102359
}