{
    "n_estimators": 100,
    "max_depth": 5,
    "gamma": 0.7381582519075391,
    "subsample": 0.9413327337670889,
    "colsample_bytree": 0.8571793738524106
}