{
    "C": 96.70307070998385,
    "gamma": 0.0004523036991313987
}