{
    "C": 3.6287066096158433,
    "gamma": 0.00025619108906827946
}