{
    "C": 0.26464180248287816,
    "gamma": 0.0035023153630922045
}