{
    "C": 96.70307070998385,
    "gamma": 0.04524916775414492
}