{
    "n_estimators": 100,
    "max_depth": 5,
    "gamma": 0.8211163101598202,
    "subsample": 0.5158644991142108,
    "colsample_bytree": 0.7035161156991822
}