{
    "C": 0.28118611577348535,
    "gamma": 0.8981496536972738
}