{
    "C": 54.136179674222426,
    "gamma": 0.004824222339005972
}