{
    "C": 1.7505953580897287,
    "gamma": 0.042875209431316695
}