{
    "C": 0.24563235714646978,
    "gamma": 0.004284942228383161
}