{
    "C": 4.981492276805205,
    "gamma": 0.0192973246294498
}