{
    "C": 8.008139546398533,
    "gamma": 0.0026559393495642434
}