{
    "C": 7.064072395300233,
    "gamma": 0.015002564887160114
}