{
    "C": 16.322834073143245,
    "gamma": 0.0002341859005298577
}