{
    "C": 4.246584154993082,
    "gamma": 0.0448119937045803
}