{
    "C": 99.14979802465179,
    "gamma": 0.00045069851652693735
}