{
    "C": 11.934752293210295,
    "gamma": 0.00856682404138684
}