{
    "n_estimators": 100,
    "max_depth": 30,
    "gamma": 0.10055749027094793,
    "subsample": 0.5364933654861959,
    "colsample_bytree": 0.815126949624519
}