{
    "C": 53.71911757247095,
    "gamma": 0.003326017350446613
}