{
    "C": 5.9026317385506495,
    "gamma": 0.0005040898492682661
}