{
    "C": 32.89495520749065,
    "gamma": 0.0036176178148466594
}