{
    "C": 3.457408261870407,
    "gamma": 0.0004001301369647612
}