{
    "C": 98.18383767916914,
    "gamma": 0.000379006271507135
}