{
    "n_estimators": 40,
    "max_depth": 5,
    "gamma": 0.321019430638931,
    "subsample": 0.9703200765438588,
    "colsample_bytree": 0.8674537426642865
}