{
    "C": 50.52321915668802,
    "gamma": 0.006483981284845319
}