{
    "C": 48.086068369986165,
    "gamma": 0.0003086421715519968
}