{
    "C": 5.490269002674387,
    "gamma": 0.001422809398095623
}