{
    "n_estimators": 10,
    "max_depth": 30,
    "gamma": 0.9472135368003783,
    "subsample": 0.9125321808155427,
    "colsample_bytree": 0.9505515971835342
}