{
    "C": 91.19672451279779,
    "gamma": 0.0031634190004449737
}