{
    "n_estimators": 100,
    "max_depth": 5,
    "gamma": 0.8550472055241201,
    "subsample": 0.8995452209737292,
    "colsample_bytree": 0.6622374101152768
}