{
    "C": 10.40932588004311,
    "gamma": 0.003235893771437296
}