{
    "n_estimators": 100,
    "max_depth": 20,
    "gamma": 0.9930106648052383,
    "subsample": 0.9190834775366994,
    "colsample_bytree": 0.6282168362500002
}