{
    "n_estimators": 100,
    "max_depth": 30,
    "gamma": 0.2027334077931265,
    "subsample": 0.6901285593340403,
    "colsample_bytree": 0.7373708125094302
}