{
    "C": 93.40298791852828,
    "gamma": 0.00163196083740659
}