{
    "C": 0.2643378747849692,
    "gamma": 0.9080409426569589
}