{
    "C": 53.0369469564004,
    "gamma": 0.002082661992492264
}