{
    "n_estimators": 40,
    "max_depth": 5,
    "gamma": 0.5268615503101213,
    "subsample": 0.7844515830692418,
    "colsample_bytree": 0.5928600727953923
}