{
    "C": 23.80659230433867,
    "gamma": 0.003298472349483595
}