{
    "C": 32.99497225849168,
    "gamma": 0.0041953606474322905
}