{
    "n_estimators": 40,
    "max_depth": 20,
    "gamma": 0.29441567838041727,
    "subsample": 0.5599478733543102,
    "colsample_bytree": 0.6415325352806338
}