{
    "C": 65.64356944613192,
    "gamma": 0.0026745100342591924
}