{
    "C": 99.49801922127267,
    "gamma": 0.009398483262565427
}