{
    "C": 13.74943352563021,
    "gamma": 0.0035627608428036883
}