{
    "C": 29.437387833399615,
    "gamma": 0.00031144423910001184
}