{
    "n_estimators": 10,
    "max_depth": 20,
    "gamma": 0.111224736215816,
    "subsample": 0.5181444814558605,
    "colsample_bytree": 0.9894178875582326
}