{
    "C": 2.3460635676897894,
    "gamma": 0.03630139055059639
}