{
    "C": 87.19664606017703,
    "gamma": 0.0010805583842927455
}