{
    "C": 65.64356944613192,
    "gamma": 0.0036027396956236656
}