{
    "n_estimators": 40,
    "max_depth": 5,
    "gamma": 0.22518182181328017,
    "subsample": 0.7875660300125445,
    "colsample_bytree": 0.5351384779399999
}