{
    "C": 30.483818224921006,
    "gamma": 0.04605396897141975
}