{
    "n_estimators": 40,
    "max_depth": 30,
    "gamma": 0.9297606761183335,
    "subsample": 0.5648518371346231,
    "colsample_bytree": 0.5587337895681611
}