{
    "C": 0.16780188909698274,
    "gamma": 0.0010349991546237886
}