{
    "C": 59.16524637299374,
    "gamma": 0.00014713897398976433
}