{
    "C": 2.1810121132747895,
    "gamma": 0.027143016439178245
}