{
    "n_estimators": 40,
    "max_depth": 5,
    "gamma": 0.2949605386614368,
    "subsample": 0.7013192105559825,
    "colsample_bytree": 0.6337985857890572
}