{
    "n_estimators": 100,
    "max_depth": 5,
    "gamma": 0.7779176160767789,
    "subsample": 0.8431481176060228,
    "colsample_bytree": 0.7668445091355665
}