{
    "C": 94.8545550731029,
    "gamma": 0.00031129824804034597
}