{
    "n_estimators": 100,
    "max_depth": 30,
    "gamma": 0.5935428820041796,
    "subsample": 0.8267303374897819,
    "colsample_bytree": 0.8743570614099856
}