{
    "n_estimators": 100,
    "max_depth": 20,
    "gamma": 0.6926115549204883,
    "subsample": 0.5444855737844199,
    "colsample_bytree": 0.9722947436970918
}