{
    "C": 41.71272303027167,
    "gamma": 0.0023937618049469796
}