{
    "C": 0.031176334112552117,
    "gamma": 0.002152132877769134
}