{
    "C": 1.5044704376063271,
    "gamma": 0.035925836094020315
}