{
    "C": 6.990448801720305,
    "gamma": 0.00913340717471383
}