{
    "C": 83.08396259880303,
    "gamma": 0.0002598219161247998
}