{
    "C": 22.914361605179348,
    "gamma": 0.002115820495579814
}