{
    "n_estimators": 10,
    "max_depth": 30,
    "gamma": 0.9042729081192853,
    "subsample": 0.6269500726146273,
    "colsample_bytree": 0.8071886807670308
}