{
    "C": 23.26974497547146,
    "gamma": 0.0021065440164378954
}