{
    "n_estimators": 40,
    "max_depth": 5,
    "gamma": 0.243643132367104,
    "subsample": 0.9288578995444242,
    "colsample_bytree": 0.6002827993997213
}