{
    "C": 0.026010180012092952,
    "gamma": 0.0021974473427149132
}