{
    "C": 17.316323356735534,
    "gamma": 0.0005677927176855552
}