{
    "C": 75.55951130505747,
    "gamma": 0.0005491350456492171
}