{
    "C": 3.4826126050630886,
    "gamma": 0.0004230670104344413
}