{
    "C": 9.609320922189838,
    "gamma": 0.00041343444712359814
}