{
    "n_estimators": 40,
    "max_depth": 20,
    "gamma": 0.6189156329432327,
    "subsample": 0.7419686146363316,
    "colsample_bytree": 0.9928973939225177
}