{
    "C": 35.167837039234236,
    "gamma": 0.00564152259798686
}