{
    "C": 31.292389017499936,
    "gamma": 0.0024699352197259444
}