{
    "C": 31.717373541081376,
    "gamma": 0.006239253360624572
}