{
    "C": 81.21132826888615,
    "gamma": 0.054764394350520905
}