{
    "n_estimators": 100,
    "max_depth": 5,
    "gamma": 0.10503714528662239,
    "subsample": 0.8829938490555904,
    "colsample_bytree": 0.9565014236191826
}