{
    "C": 9.475813815665967,
    "gamma": 0.2604228646892598
}