{
    "C": 44.26550633710186,
    "gamma": 0.0023480756660358084
}