{
    "C": 4.2412523819574135,
    "gamma": 0.0008760787270813497
}