{
    "C": 21.299208558217405,
    "gamma": 0.005235143801980928
}