{
    "C": 11.308665411817833,
    "gamma": 0.010992352146671464
}