{
    "n_estimators": 10,
    "max_depth": 5,
    "gamma": 0.2409007967230276,
    "subsample": 0.5077589788523803,
    "colsample_bytree": 0.7147217137697085
}