{
    "C": 99.36673287136274,
    "gamma": 0.009838199873996497
}