{
    "C": 0.3886245615402938,
    "gamma": 0.002519117474335368
}