{
    "C": 44.08850279961235,
    "gamma": 0.0024115069134948916
}