{
    "C": 48.74347364722813,
    "gamma": 0.003534706814276611
}