{
    "C": 99.1929180194001,
    "gamma": 0.0005039964050069912
}