{
    "n_estimators": 40,
    "max_depth": 20,
    "gamma": 0.26969270907557097,
    "subsample": 0.7457180586336188,
    "colsample_bytree": 0.898253530050909
}