{
    "C": 58.37139491404962,
    "gamma": 0.00111963800188949
}