{
    "C": 60.01415021399694,
    "gamma": 0.0025442124816601563
}