{
    "C": 93.88366045706839,
    "gamma": 0.011169302643208865
}