{
    "C": 8.206433554192861,
    "gamma": 0.0021913701253113383
}