{
    "n_estimators": 40,
    "max_depth": 5,
    "gamma": 0.16558655502082079,
    "subsample": 0.5538662383355413,
    "colsample_bytree": 0.9996221127707697
}