{
    "C": 1.0107434303635303,
    "gamma": 0.006239698982811118
}