{
    "n_estimators": 40,
    "max_depth": 30,
    "gamma": 0.49382849013642327,
    "subsample": 0.9458865003910399,
    "colsample_bytree": 0.9818313802505146
}