{
    "C": 67.4436046075867,
    "gamma": 0.00011508093837930602
}