{
    "C": 10.189349797763581,
    "gamma": 0.0004088811410918845
}