{
    "C": 39.25299466640793,
    "gamma": 0.029373688610283732
}