{
    "n_estimators": 40,
    "max_depth": 20,
    "gamma": 0.6345973056950355,
    "subsample": 0.6679903721975884,
    "colsample_bytree": 0.5898891268243162
}