{
    "C": 87.93200078775797,
    "gamma": 0.001985565666354054
}