{
    "C": 38.70598619098791,
    "gamma": 0.0017812993866895403
}