{
    "n_estimators": 100,
    "max_depth": 5,
    "gamma": 0.7423109467983344,
    "subsample": 0.7626141328558701,
    "colsample_bytree": 0.8377101531443852
}