{
    "C": 3.5676505630255475,
    "gamma": 0.043480034892520295
}