{
    "C": 89.24799143358523,
    "gamma": 0.007258003922596654
}