{
    "C": 0.010412524151572256,
    "gamma": 0.0023279609593363382
}