{
    "C": 11.757762049058291,
    "gamma": 0.00010566943556559242
}