{
    "C": 2.970487227223472,
    "gamma": 0.0025434128144765675
}