{
    "C": 3.274550070431994,
    "gamma": 0.02086177421469992
}