{
    "C": 6.83488415838654,
    "gamma": 0.00011698490787338777
}