{
    "n_estimators": 40,
    "max_depth": 5,
    "gamma": 0.21574375049670474,
    "subsample": 0.9297254864998256,
    "colsample_bytree": 0.587278611998153
}