{
    "C": 81.94874069435566,
    "gamma": 0.000742017918002154
}