{
    "C": 95.62062770461439,
    "gamma": 0.009273056432650272
}