{
    "n_estimators": 10,
    "max_depth": 30,
    "gamma": 0.18773562196334956,
    "subsample": 0.5444855737844199,
    "colsample_bytree": 0.6333706974414006
}