{
    "C": 40.107827363165306,
    "gamma": 0.0010192094342589353
}