{
    "n_estimators": 40,
    "max_depth": 5,
    "gamma": 0.6648730456079014,
    "subsample": 0.5265430700079919,
    "colsample_bytree": 0.8225676920784882
}