{
    "C": 0.020055557641106374,
    "gamma": 0.016321686660071208
}