{
    "C": 21.352035237173535,
    "gamma": 0.027432829503358742
}