{
    "C": 52.39898543255597,
    "gamma": 0.000969760942812383
}