{
    "C": 0.21753766919283207,
    "gamma": 0.0022361582375799113
}