{
    "C": 0.03863879405158731,
    "gamma": 0.00023407464805767542
}