{
    "n_estimators": 100,
    "max_depth": 5,
    "gamma": 0.767751628199888,
    "subsample": 0.600950805896399,
    "colsample_bytree": 0.6463452760655738
}