{
    "n_estimators": 40,
    "max_depth": 5,
    "gamma": 0.8769967747057079,
    "subsample": 0.9473777057774619,
    "colsample_bytree": 0.9094415660229282
}