{
    "C": 5.081326339930244,
    "gamma": 0.036246681046298426
}