{
    "n_estimators": 100,
    "max_depth": 30,
    "gamma": 0.5818209581005225,
    "subsample": 0.5053007952589881,
    "colsample_bytree": 0.6059836019469489
}