{
    "n_estimators": 100,
    "max_depth": 5,
    "gamma": 0.10649496320296636,
    "subsample": 0.7923051303524966,
    "colsample_bytree": 0.8144191082613434
}