{
    "n_estimators": 40,
    "max_depth": 20,
    "gamma": 0.6605481237130192,
    "subsample": 0.90062445139644,
    "colsample_bytree": 0.9524460889572228
}