{
    "C": 46.336301313922135,
    "gamma": 0.029189113573419728
}