{
    "n_estimators": 10,
    "max_depth": 30,
    "gamma": 0.1118487397978592,
    "subsample": 0.8262265758896071,
    "colsample_bytree": 0.8954395150423591
}