{
    "n_estimators": 100,
    "max_depth": 5,
    "gamma": 0.3225324893523046,
    "subsample": 0.6508023772589873,
    "colsample_bytree": 0.8466378816712838
}