{
    "n_estimators": 100,
    "max_depth": 20,
    "gamma": 0.49592774775891507,
    "subsample": 0.9146131406484976,
    "colsample_bytree": 0.817863832625151
}