{
    "C": 10.8287840061499,
    "gamma": 0.003395476366471067
}