{
    "C": 1.2806207913468772,
    "gamma": 0.08883891101589382
}