{
    "n_estimators": 10,
    "max_depth": 5,
    "gamma": 0.15897116856898635,
    "subsample": 0.9312375489963072,
    "colsample_bytree": 0.8158969812367477
}