{
    "n_estimators": 40,
    "max_depth": 5,
    "gamma": 0.2614552983319278,
    "subsample": 0.6562945995508992,
    "colsample_bytree": 0.9581936063654156
}