{
    "C": 48.086068369986165,
    "gamma": 0.008176159535694482
}