{
    "C": 86.13147543534723,
    "gamma": 0.0023279609593363382
}