{
    "C": 8.42843035791826,
    "gamma": 0.00537282811408469
}