{
    "n_estimators": 10,
    "max_depth": 30,
    "gamma": 0.9473198685842641,
    "subsample": 0.9125321808155427,
    "colsample_bytree": 0.6152138341817861
}