{
    "n_estimators": 100,
    "max_depth": 5,
    "gamma": 0.8936209734926184,
    "subsample": 0.9459300846653016,
    "colsample_bytree": 0.5669818954429469
}