{
    "C": 7.547758505129091,
    "gamma": 0.001739885770925024
}