{
    "n_estimators": 10,
    "max_depth": 5,
    "gamma": 0.25050147583345395,
    "subsample": 0.6505169404793729,
    "colsample_bytree": 0.7974021553265087
}