{
    "n_estimators": 100,
    "max_depth": 20,
    "gamma": 0.8862974351961559,
    "subsample": 0.5971445953430384,
    "colsample_bytree": 0.615745866143488
}