{
    "C": 28.31215598682681,
    "gamma": 0.8582280578186977
}