{
    "n_estimators": 40,
    "max_depth": 20,
    "gamma": 0.4239671941975407,
    "subsample": 0.6147586867543283,
    "colsample_bytree": 0.7241612051208073
}