{
    "n_estimators": 10,
    "max_depth": 5,
    "gamma": 0.40468587944168355,
    "subsample": 0.9341922131582044,
    "colsample_bytree": 0.9049917733947103
}