{
    "n_estimators": 10,
    "max_depth": 20,
    "gamma": 0.3982875342308095,
    "subsample": 0.6163822093100453,
    "colsample_bytree": 0.6927694588784944
}