{
    "n_estimators": 10,
    "max_depth": 20,
    "gamma": 0.3552667583114842,
    "subsample": 0.6109744065191631,
    "colsample_bytree": 0.7210507983968109
}