{
    "C": 97.48867638079243,
    "gamma": 0.004023466221533129
}