{
    "C": 6.11252240787628,
    "gamma": 0.01613485414526778
}