{
    "C": 98.65794428783308,
    "gamma": 0.003429058419514943
}