{
    "C": 9.527445091734247,
    "gamma": 0.011885857188268002
}