{
    "C": 99.39580983776432,
    "gamma": 0.23635945407763898
}