{
    "C": 0.010304117117892083,
    "gamma": 0.00013221231924973381
}