{
    "n_estimators": 100,
    "max_depth": 30,
    "gamma": 0.6718129744495123,
    "subsample": 0.8641399678204631,
    "colsample_bytree": 0.8992441948828467
}