{
    "n_estimators": 100,
    "max_depth": 30,
    "gamma": 0.11361219895287908,
    "subsample": 0.7410410523409167,
    "colsample_bytree": 0.8098372677991582
}