{
    "n_estimators": 40,
    "max_depth": 30,
    "gamma": 0.4362593329471556,
    "subsample": 0.5508347837337437,
    "colsample_bytree": 0.6037772635308132
}