{
    "C": 27.698281040857967,
    "gamma": 0.015751484891297393
}