{
    "C": 4.223801269036004,
    "gamma": 0.8214152700611017
}