{
    "C": 30.015532490896682,
    "gamma": 0.001907190425595515
}