{
    "C": 0.07882516487047195,
    "gamma": 0.15367570511391235
}