{
    "C": 5.111265956443722,
    "gamma": 0.0017046163610230627
}