{
    "C": 15.705442545151305,
    "gamma": 0.001435894679219071
}