{
    "C": 48.66736347766166,
    "gamma": 0.035570032946185354
}