{
    "n_estimators": 100,
    "max_depth": 20,
    "gamma": 0.451464495426098,
    "subsample": 0.9172492562094846,
    "colsample_bytree": 0.8861527087445188
}