{
    "n_estimators": 100,
    "max_depth": 5,
    "gamma": 0.9618489442277358,
    "subsample": 0.7099780090488994,
    "colsample_bytree": 0.9281532216843024
}