{
    "n_estimators": 40,
    "max_depth": 20,
    "gamma": 0.3416119195877882,
    "subsample": 0.7301327038899156,
    "colsample_bytree": 0.9392884156859822
}