{
    "C": 3.529301363119234,
    "gamma": 0.0006476954402755323
}