{
    "n_estimators": 100,
    "max_depth": 20,
    "gamma": 0.440637225477865,
    "subsample": 0.8285924464249617,
    "colsample_bytree": 0.7874135837746921
}