{
    "C": 0.06198331999495955,
    "gamma": 0.001795614650632066
}