{
    "C": 22.48445723461588,
    "gamma": 0.0028671041369083706
}