{
    "n_estimators": 100,
    "max_depth": 5,
    "gamma": 0.453725931745593,
    "subsample": 0.980924112077429,
    "colsample_bytree": 0.9999535281318828
}