{
    "C": 2.1425279496022434,
    "gamma": 0.0173863753830944
}