{
    "C": 1.0405154142367004,
    "gamma": 0.0016285051225052925
}