{
    "C": 20.482342871321272,
    "gamma": 0.0025863298110265004
}