{
    "n_estimators": 40,
    "max_depth": 5,
    "gamma": 0.7290981566636633,
    "subsample": 0.9486485992226238,
    "colsample_bytree": 0.6803155947682511
}