{
    "n_estimators": 100,
    "max_depth": 30,
    "gamma": 0.21697023642340796,
    "subsample": 0.7936372478345248,
    "colsample_bytree": 0.6439498983283501
}