{
    "n_estimators": 40,
    "max_depth": 20,
    "gamma": 0.828535175770587,
    "subsample": 0.9897450692310855,
    "colsample_bytree": 0.8108397781943767
}