{
    "n_estimators": 40,
    "max_depth": 5,
    "gamma": 0.23507546188541265,
    "subsample": 0.5549205542920345,
    "colsample_bytree": 0.5153110969415753
}