{
    "C": 34.57309534659541,
    "gamma": 0.0024544233146224378
}