{
    "C": 91.71502818262142,
    "gamma": 0.009871411707533136
}