{
    "C": 35.960112999166874,
    "gamma": 0.002811188604523111
}