{
    "n_estimators": 100,
    "max_depth": 30,
    "gamma": 0.3942376859380106,
    "subsample": 0.7690103403979169,
    "colsample_bytree": 0.5274921407727833
}