{
    "C": 9.779739982211918,
    "gamma": 0.023127371428607227
}