{
    "C": 45.7011269243948,
    "gamma": 0.0014113141296243587
}