{
    "n_estimators": 100,
    "max_depth": 5,
    "gamma": 0.6648792023160508,
    "subsample": 0.7979793133473778,
    "colsample_bytree": 0.8013884691613904
}