{
    "C": 31.01070657045748,
    "gamma": 0.008044395297378068
}