{
    "n_estimators": 100,
    "max_depth": 5,
    "gamma": 0.34105191606650354,
    "subsample": 0.6051378656829537,
    "colsample_bytree": 0.5013541727082262
}