{
    "C": 1.9516527117083733,
    "gamma": 0.0065913830801703314
}