{
    "C": 33.06296770887132,
    "gamma": 0.012716137064393507
}