{
    "C": 0.38830941147227,
    "gamma": 0.022483252176154662
}