{
    "C": 82.21857583908356,
    "gamma": 0.0007902529291529823
}