{
    "C": 1.7405340434290175,
    "gamma": 0.0642546336916166
}