{
    "n_estimators": 100,
    "max_depth": 30,
    "gamma": 0.4988414648853049,
    "subsample": 0.9973375803551642,
    "colsample_bytree": 0.9137139274622645
}