{
    "C": 4.028013153789631,
    "gamma": 0.0315577736206777
}