{
    "C": 5.0237744695804665,
    "gamma": 0.006946274084850356
}