{
    "n_estimators": 10,
    "max_depth": 30,
    "gamma": 0.31143620566728963,
    "subsample": 0.95349327629766,
    "colsample_bytree": 0.997734804999753
}