{
    "C": 95.27896946598808,
    "gamma": 0.00010395651830857571
}