{
    "C": 17.031773761655483,
    "gamma": 0.0023783168884888625
}