{
    "C": 90.0024929430902,
    "gamma": 0.04492307631470099
}