{
    "C": 98.12822722802059,
    "gamma": 0.005431432247860693
}