{
    "C": 29.15837791412049,
    "gamma": 0.040982404159267814
}