{
    "n_estimators": 100,
    "max_depth": 5,
    "gamma": 0.634515757746833,
    "subsample": 0.8964962310781176,
    "colsample_bytree": 0.9444864105114247
}