{
    "C": 0.06884001198268863,
    "gamma": 0.0003297939419995484
}