{
    "C": 2.8203033692513904,
    "gamma": 0.00030553279154163336
}