{
    "C": 17.940195108735015,
    "gamma": 0.03320384586751046
}