{
    "C": 45.308619574284826,
    "gamma": 0.032760385704023134
}