{
    "C": 77.12653285425992,
    "gamma": 0.021035489400529635
}