{
    "n_estimators": 40,
    "max_depth": 5,
    "gamma": 0.5229865964102105,
    "subsample": 0.9528932364009748,
    "colsample_bytree": 0.8946861134342822
}