{
    "C": 86.25521053321529,
    "gamma": 0.00045884194736215447
}