{
    "n_estimators": 10,
    "max_depth": 5,
    "gamma": 0.49175219093342815,
    "subsample": 0.5544463890721482,
    "colsample_bytree": 0.6442216402549774
}