{
    "C": 2.2044876295543054,
    "gamma": 0.015740723385895054
}