{
    "C": 0.17318859128247543,
    "gamma": 0.09456766190378578
}