{
    "C": 0.4276489199586051,
    "gamma": 0.00160362808397884
}