{
    "C": 5.0413336313065,
    "gamma": 0.0007900527647617433
}