{
    "n_estimators": 100,
    "max_depth": 20,
    "gamma": 0.6532304951329612,
    "subsample": 0.5025202059239096,
    "colsample_bytree": 0.5503424098414557
}