{
    "C": 48.97858507751898,
    "gamma": 0.003561842883245718
}