{
    "C": 1.7645331530742325,
    "gamma": 0.15890315693989326
}