{
    "C": 6.653810596430223,
    "gamma": 0.0006548849950471205
}