{
    "n_estimators": 10,
    "max_depth": 30,
    "gamma": 0.858903936654546,
    "subsample": 0.5415154049975884,
    "colsample_bytree": 0.6086429367292248
}