{
    "C": 1.6813941893265119,
    "gamma": 0.07089078750786575
}