{
    "n_estimators": 40,
    "max_depth": 20,
    "gamma": 0.41627025008814067,
    "subsample": 0.8630218033217644,
    "colsample_bytree": 0.5561676710069036
}