{
    "C": 33.52319641424965,
    "gamma": 0.006091203918629839
}