{
    "n_estimators": 100,
    "max_depth": 5,
    "gamma": 0.39004847035190854,
    "subsample": 0.690286356517944,
    "colsample_bytree": 0.6419931055386507
}