{
    "n_estimators": 100,
    "max_depth": 5,
    "gamma": 0.758630076958428,
    "subsample": 0.6890159417721659,
    "colsample_bytree": 0.6397141318894364
}