{
    "C": 34.10430644408214,
    "gamma": 0.0026760907511251247
}