{
    "n_estimators": 40,
    "max_depth": 5,
    "gamma": 0.5557342870607349,
    "subsample": 0.941385684232256,
    "colsample_bytree": 0.7973888982483524
}