{
    "C": 0.9618186025955839,
    "gamma": 0.00034301895208247704
}