{
    "C": 2.183397830652169,
    "gamma": 0.00022964528704496145
}