{
    "n_estimators": 100,
    "max_depth": 30,
    "gamma": 0.3273879186161104,
    "subsample": 0.8678163352883528,
    "colsample_bytree": 0.6339534905975921
}