{
    "C": 82.23907558473053,
    "gamma": 0.00010805634354499715
}