{
    "n_estimators": 10,
    "max_depth": 5,
    "gamma": 0.5450985152691786,
    "subsample": 0.9690243808103931,
    "colsample_bytree": 0.653282703666893
}