{
    "C": 1.7543795083298532,
    "gamma": 0.00012557276334458718
}