{
    "C": 98.35270014846859,
    "gamma": 0.0004530906248487901
}