{
    "C": 80.03787138595851,
    "gamma": 0.00034865593681359405
}