{
    "C": 97.49663766368148,
    "gamma": 0.00020471948749491438
}