{
    "C": 9.904534520179409,
    "gamma": 0.02626327673154867
}