{
    "n_estimators": 10,
    "max_depth": 5,
    "gamma": 0.9822520722666381,
    "subsample": 0.7612996213315378,
    "colsample_bytree": 0.6439410296216201
}