{
    "C": 1.5302197592092557,
    "gamma": 0.0005046050541776363
}