{
    "n_estimators": 40,
    "max_depth": 30,
    "gamma": 0.14728788579301572,
    "subsample": 0.8932930848274864,
    "colsample_bytree": 0.6784987812031448
}