{
    "C": 28.615067940222087,
    "gamma": 0.0005388332114705409
}