{
    "C": 5.18943783327537,
    "gamma": 0.00011961044582078903
}