{
    "C": 2.6991190074892537,
    "gamma": 0.3024997378652036
}