{
    "n_estimators": 40,
    "max_depth": 5,
    "gamma": 0.2657992938296229,
    "subsample": 0.8555775870499204,
    "colsample_bytree": 0.9963882659480172
}