{
    "C": 5.325512228111006,
    "gamma": 0.00018076583644667418
}