{
    "C": 91.93217952983458,
    "gamma": 0.00028078195117614096
}