{
    "n_estimators": 100,
    "max_depth": 5,
    "gamma": 0.41547611635775555,
    "subsample": 0.6518240843907721,
    "colsample_bytree": 0.5068086515296648
}