{
    "n_estimators": 40,
    "max_depth": 20,
    "gamma": 0.6389454812898937,
    "subsample": 0.998392930825679,
    "colsample_bytree": 0.7638859980374341
}