{
    "n_estimators": 100,
    "max_depth": 5,
    "gamma": 0.17579438401313863,
    "subsample": 0.8729709473518582,
    "colsample_bytree": 0.9124104362188231
}