{
    "C": 11.055599623279033,
    "gamma": 0.07071284267178823
}