{
    "C": 28.564590607864833,
    "gamma": 0.011861834341071017
}