{
    "C": 0.350318438396121,
    "gamma": 0.012201405454984264
}