{
    "C": 11.430944036533473,
    "gamma": 0.0027930284166900895
}