{
    "C": 41.86862905980445,
    "gamma": 0.000620780884419071
}