{
    "C": 1.903570438488413,
    "gamma": 0.003139184990740136
}