{
    "C": 96.86966308113416,
    "gamma": 0.029046194608410493
}