{
    "C": 3.377792660471031,
    "gamma": 0.04458954760508529
}