{
    "C": 32.56766428845732,
    "gamma": 0.005459646332538351
}