{
    "C": 59.99450074941006,
    "gamma": 0.00012084024670343854
}