{
    "n_estimators": 10,
    "max_depth": 20,
    "gamma": 0.37830853648262575,
    "subsample": 0.570088945497426,
    "colsample_bytree": 0.9777194175117927
}