{
    "n_estimators": 100,
    "max_depth": 5,
    "gamma": 0.24255789220621188,
    "subsample": 0.6471659511180521,
    "colsample_bytree": 0.6742119142218679
}