{
    "C": 56.848281166428556,
    "gamma": 0.03186713879555002
}