{
    "n_estimators": 100,
    "max_depth": 5,
    "gamma": 0.42649676459833435,
    "subsample": 0.8159809874795669,
    "colsample_bytree": 0.6152651417561394
}