{
    "C": 97.24164359247031,
    "gamma": 0.0003210105657213027
}