{
    "C": 18.405124646497868,
    "gamma": 0.0016621847871553259
}