{
    "C": 52.39898543255597,
    "gamma": 0.000994848934945738
}