{
    "n_estimators": 100,
    "max_depth": 30,
    "gamma": 0.2971731557179943,
    "subsample": 0.5091279000153733,
    "colsample_bytree": 0.6603921099572336
}