{
    "C": 38.648271662271995,
    "gamma": 0.026993121261236513
}