{
    "C": 20.808236628870194,
    "gamma": 0.00334197126601564
}