{
    "n_estimators": 100,
    "max_depth": 5,
    "gamma": 0.39004847035190854,
    "subsample": 0.8199428422198677,
    "colsample_bytree": 0.6294559968328732
}