{
    "C": 8.246446906777589,
    "gamma": 0.10673151624262889
}