{
    "n_estimators": 40,
    "max_depth": 30,
    "gamma": 0.9894607367239925,
    "subsample": 0.9936867365819215,
    "colsample_bytree": 0.5057275163451573
}