{
    "C": 0.01025258507396144,
    "gamma": 0.013568428008149785
}