{
    "n_estimators": 40,
    "max_depth": 20,
    "gamma": 0.8026874250965889,
    "subsample": 0.8893456688065178,
    "colsample_bytree": 0.9036568611017399
}