{
    "C": 31.690068933018658,
    "gamma": 0.012937082334558477
}