{
    "C": 3.428282192527521,
    "gamma": 0.004156639369951045
}