{
    "C": 96.55441532432658,
    "gamma": 0.004169780988195255
}