{
    "C": 49.545055723003294,
    "gamma": 0.00031166696519198715
}