{
    "C": 11.062187459661839,
    "gamma": 0.0002679574519568091
}