{
    "C": 8.680630912409404,
    "gamma": 0.00018207486795463672
}