{
    "n_estimators": 10,
    "max_depth": 20,
    "gamma": 0.5665028735951106,
    "subsample": 0.5092555447804211,
    "colsample_bytree": 0.8855964674098582
}