{
    "C": 5.34542893881563,
    "gamma": 0.000656043412640622
}