{
    "C": 76.55121077778817,
    "gamma": 0.019123039538320206
}