{
    "C": 2.674028416268681,
    "gamma": 0.003699457692786825
}