{
    "C": 39.77372589075272,
    "gamma": 0.0010192094342589353
}