{
    "C": 5.937408965990639,
    "gamma": 0.0013712366855113077
}