{
    "n_estimators": 40,
    "max_depth": 5,
    "gamma": 0.5955990048238364,
    "subsample": 0.6955927138380865,
    "colsample_bytree": 0.7637068435561098
}