{
    "n_estimators": 100,
    "max_depth": 20,
    "gamma": 0.2632850527116636,
    "subsample": 0.5746567082361399,
    "colsample_bytree": 0.7762051707761479
}