{
    "n_estimators": 40,
    "max_depth": 30,
    "gamma": 0.5942148817576406,
    "subsample": 0.5716455145959098,
    "colsample_bytree": 0.7176592050604998
}