{
    "C": 24.28006625802993,
    "gamma": 0.0004696207121105714
}