{
    "C": 49.38948372007097,
    "gamma": 0.01634085283949728
}