{
    "C": 2.8046072985526456,
    "gamma": 0.007606830604792595
}