{
    "C": 4.827632443756982,
    "gamma": 0.000422205913401088
}