{
    "n_estimators": 100,
    "max_depth": 20,
    "gamma": 0.25122232600455446,
    "subsample": 0.935778406852716,
    "colsample_bytree": 0.6945077428807815
}