{
    "C": 16.57466972880671,
    "gamma": 0.00010410657631139162
}