{
    "C": 2.6673295092071596,
    "gamma": 0.0012197808464820016
}