{
    "C": 94.86297035425942,
    "gamma": 0.0036622438902278063
}