{
    "n_estimators": 40,
    "max_depth": 5,
    "gamma": 0.10645277094440533,
    "subsample": 0.6196652814404527,
    "colsample_bytree": 0.8516986466733845
}