{
    "n_estimators": 100,
    "max_depth": 5,
    "gamma": 0.9785680996436864,
    "subsample": 0.8748639481948873,
    "colsample_bytree": 0.875708616213109
}