{
    "C": 1.1661590164111824,
    "gamma": 0.031055299498403313
}