{
    "n_estimators": 100,
    "max_depth": 5,
    "gamma": 0.3432069655238748,
    "subsample": 0.7030968994908882,
    "colsample_bytree": 0.8731841396999442
}