{
    "C": 0.9449756489298688,
    "gamma": 0.00042888073118585896
}