{
    "n_estimators": 100,
    "max_depth": 5,
    "gamma": 0.6651357710713457,
    "subsample": 0.6001857830698683,
    "colsample_bytree": 0.9483615017907419
}