{
    "C": 18.187153459490982,
    "gamma": 0.00038645190080972467
}