{
    "C": 1.424945022189374,
    "gamma": 0.05903738669900009
}