{
    "C": 0.24718998194974195,
    "gamma": 0.08459536080772266
}