{
    "n_estimators": 100,
    "max_depth": 20,
    "gamma": 0.1924045034497239,
    "subsample": 0.9977414069581005,
    "colsample_bytree": 0.5140434620552248
}