{
    "C": 33.00105574603661,
    "gamma": 0.004181076933285679
}