{
    "n_estimators": 10,
    "max_depth": 20,
    "gamma": 0.25653264984280466,
    "subsample": 0.6631976381996114,
    "colsample_bytree": 0.9097503813790604
}