{
    "C": 97.00978211628397,
    "gamma": 0.0033224971742324976
}