{
    "n_estimators": 40,
    "max_depth": 30,
    "gamma": 0.78386677257462,
    "subsample": 0.738326439266045,
    "colsample_bytree": 0.7825110910077097
}