{
    "C": 33.81648472642906,
    "gamma": 0.0002497413651669665
}