{
    "n_estimators": 100,
    "max_depth": 20,
    "gamma": 0.9532234326758038,
    "subsample": 0.9237367985356268,
    "colsample_bytree": 0.9556149033248529
}