{
    "C": 84.00877984865654,
    "gamma": 0.004758953224877446
}