{
    "n_estimators": 100,
    "max_depth": 30,
    "gamma": 0.5798487564757154,
    "subsample": 0.8459385569752367,
    "colsample_bytree": 0.6577578155030315
}