{
    "C": 0.29027448906680364,
    "gamma": 0.030807192891035503
}