{
    "C": 90.74632141002783,
    "gamma": 0.0028911906472004634
}