{
    "n_estimators": 40,
    "max_depth": 5,
    "gamma": 0.31755066166863544,
    "subsample": 0.664206368045113,
    "colsample_bytree": 0.6160588225091098
}