{
    "C": 98.68892844591463,
    "gamma": 0.005412414724034769
}