{
    "C": 42.41973653052881,
    "gamma": 0.007708499595617838
}