{
    "n_estimators": 100,
    "max_depth": 5,
    "gamma": 0.7923719948106752,
    "subsample": 0.6991142582979183,
    "colsample_bytree": 0.7894847023400996
}