{
    "C": 7.667957625855138,
    "gamma": 0.006935410627033685
}