{
    "C": 42.30997212852167,
    "gamma": 0.00558016637574881
}