{
    "n_estimators": 100,
    "max_depth": 5,
    "gamma": 0.6271300948478145,
    "subsample": 0.9887148044377047,
    "colsample_bytree": 0.6747715883578936
}