{
    "C": 58.36263884788765,
    "gamma": 0.002430387760832974
}