{
    "C": 30.966744814366155,
    "gamma": 0.015128923925553912
}