{
    "n_estimators": 40,
    "max_depth": 30,
    "gamma": 0.7947559475985466,
    "subsample": 0.6459564045012246,
    "colsample_bytree": 0.7656032551105386
}