{
    "C": 94.85357968834766,
    "gamma": 0.00011175396320974966
}