{
    "C": 99.32677443010621,
    "gamma": 0.0029331089539689575
}