{
    "C": 93.69931513607528,
    "gamma": 0.004023333967778063
}