{
    "C": 67.08350907014882,
    "gamma": 0.0010236020757200316
}