{
    "C": 0.11271584302930471,
    "gamma": 0.000390525343283595
}