{
    "C": 48.51724926243135,
    "gamma": 0.002840098678032036
}