{
    "C": 11.20873739497039,
    "gamma": 0.005704053596514284
}