{
    "C": 50.44819836705372,
    "gamma": 0.006237926137781325
}