{
    "C": 13.393982276162033,
    "gamma": 0.003923118805105237
}