{
    "C": 37.27697013499731,
    "gamma": 0.0021277432488243223
}