{
    "C": 0.07976673967846931,
    "gamma": 0.04958151825407099
}