{
    "n_estimators": 10,
    "max_depth": 5,
    "gamma": 0.6739239610346603,
    "subsample": 0.9910668511951704,
    "colsample_bytree": 0.9575945971608082
}