{
    "C": 17.753601086666755,
    "gamma": 0.0035669118671506294
}