{
    "C": 47.96833266053576,
    "gamma": 0.00011328765698767913
}