{
    "n_estimators": 100,
    "max_depth": 30,
    "gamma": 0.2706329926167691,
    "subsample": 0.5520480642193288,
    "colsample_bytree": 0.6892033077770325
}