{
    "C": 0.057197558346059656,
    "gamma": 0.16812313820393052
}