{
    "n_estimators": 100,
    "max_depth": 30,
    "gamma": 0.4240871497032057,
    "subsample": 0.9964736395340479,
    "colsample_bytree": 0.9231654757709098
}