{
    "n_estimators": 100,
    "max_depth": 5,
    "gamma": 0.4301800748902781,
    "subsample": 0.7144811593312432,
    "colsample_bytree": 0.7050566623086632
}