{
    "C": 3.149550275694209,
    "gamma": 0.040927594155787686
}