{
    "C": 2.340483150057112,
    "gamma": 0.000413741491988672
}