{
    "C": 30.20128116745665,
    "gamma": 0.0015150630497806229
}