{
    "n_estimators": 100,
    "max_depth": 20,
    "gamma": 0.11404854143539507,
    "subsample": 0.7976835894347346,
    "colsample_bytree": 0.6938399706931468
}