{
    "C": 76.6689271651319,
    "gamma": 0.0009407708153906166
}