{
    "C": 0.010172839202637228,
    "gamma": 0.026597283175983175
}