{
    "C": 48.269841527707776,
    "gamma": 0.008559513210167518
}