{
    "n_estimators": 40,
    "max_depth": 30,
    "gamma": 0.8799785791520898,
    "subsample": 0.7831912972315989,
    "colsample_bytree": 0.7852840535103779
}