{
    "n_estimators": 40,
    "max_depth": 20,
    "gamma": 0.8962505580522133,
    "subsample": 0.9485120215040777,
    "colsample_bytree": 0.5404224769714656
}