{
    "C": 0.8006429546023802,
    "gamma": 0.09737411527902459
}