{
    "C": 21.76078562864309,
    "gamma": 0.009135305822793087
}