{
    "C": 97.63594796229309,
    "gamma": 0.02967371146658172
}