{
    "C": 3.1744342912655967,
    "gamma": 0.02521805570509728
}