{
    "C": 93.46207770500487,
    "gamma": 0.002373896958914809
}