{
    "C": 49.12941844773249,
    "gamma": 0.006386306258412427
}