{
    "C": 0.567346132364067,
    "gamma": 0.09739063609476792
}