{
    "C": 98.38087009626643,
    "gamma": 0.03929339291123751
}