{
    "C": 30.056391302151503,
    "gamma": 0.32545646717041576
}