{
    "C": 4.290989241085894,
    "gamma": 0.00624975942917441
}