{
    "n_estimators": 100,
    "max_depth": 30,
    "gamma": 0.3365059791030617,
    "subsample": 0.8879394795405882,
    "colsample_bytree": 0.6531885442348739
}