{
    "C": 13.771372590493248,
    "gamma": 0.0008250717395210366
}