{
    "C": 11.757762049058291,
    "gamma": 0.0012900683355681535
}