{
    "C": 63.93394286578036,
    "gamma": 0.0008744751807046111
}