{
    "C": 1.1807165425157664,
    "gamma": 0.020674470756231633
}