{
    "n_estimators": 40,
    "max_depth": 5,
    "gamma": 0.11132541504315885,
    "subsample": 0.5058309851866958,
    "colsample_bytree": 0.965396496785936
}