{
    "C": 1.3983554336198127,
    "gamma": 0.05256948081087444
}