{
    "C": 0.010190776272675695,
    "gamma": 0.008346125844397057
}