{
    "n_estimators": 40,
    "max_depth": 5,
    "gamma": 0.6776172301092713,
    "subsample": 0.9285945733404766,
    "colsample_bytree": 0.6578667144085254
}