{
    "C": 1.3911703491493712,
    "gamma": 0.08411879821714954
}