{
    "n_estimators": 10,
    "max_depth": 20,
    "gamma": 0.28348273058911083,
    "subsample": 0.6800869666510554,
    "colsample_bytree": 0.8627430864016015
}