{
    "C": 37.162987669560195,
    "gamma": 0.01899850007157129
}