{
    "C": 1.181222653426908,
    "gamma": 0.04104557785830847
}