{
    "C": 59.376468862875825,
    "gamma": 0.009749435032795767
}