{
    "C": 98.89875799166141,
    "gamma": 0.0005665027420731789
}