{
    "C": 0.28836381762115443,
    "gamma": 0.010943277360015071
}