{
    "C": 0.7785826112818852,
    "gamma": 0.001771384930498564
}