{
    "C": 31.499351647274068,
    "gamma": 0.01767523532187679
}