{
    "C": 0.013599319968371647,
    "gamma": 0.03835312080608227
}