{
    "n_estimators": 40,
    "max_depth": 30,
    "gamma": 0.6395148083877419,
    "subsample": 0.6882924411543636,
    "colsample_bytree": 0.790465766610629
}