{
    "C": 0.22737689624599072,
    "gamma": 0.0222282148858269
}