{
    "C": 0.1420961781588805,
    "gamma": 0.434884682155233
}