{
    "n_estimators": 10,
    "max_depth": 20,
    "gamma": 0.6146220696852813,
    "subsample": 0.5999298982787914,
    "colsample_bytree": 0.8806362152364314
}