{
    "C": 0.3549398156725888,
    "gamma": 0.03790266648002351
}