{
    "C": 0.15448428354466587,
    "gamma": 0.005733177199740359
}