{
    "C": 40.79454839224616,
    "gamma": 0.004113961522844855
}