{
    "n_estimators": 100,
    "max_depth": 20,
    "gamma": 0.6476708331288952,
    "subsample": 0.7990946478919629,
    "colsample_bytree": 0.8377719850182103
}