{
    "C": 0.07760250823563655,
    "gamma": 0.013766698534671395
}