{
    "C": 0.14119532202678375,
    "gamma": 0.004656320597488421
}