{
    "C": 0.14727950407449653,
    "gamma": 0.0005324856687022091
}