{
    "C": 1.0103732850016278,
    "gamma": 0.00019418001640357854
}