{
    "C": 5.841305355714764,
    "gamma": 0.006222583852680535
}