{
    "C": 10.400659562623774,
    "gamma": 0.011041664001965566
}