{
    "C": 78.51358847239959,
    "gamma": 0.0008944453400873199
}