{
    "C": 0.7298462880499075,
    "gamma": 0.03437119525369765
}