{
    "C": 2.7380945569462805,
    "gamma": 0.0036369717501865376
}