{
    "C": 1.459961286651028,
    "gamma": 0.031501170789975344
}