{
    "n_estimators": 40,
    "max_depth": 5,
    "gamma": 0.5467010571328871,
    "subsample": 0.6920234017302274,
    "colsample_bytree": 0.7574951885942935
}