{
    "n_estimators": 100,
    "max_depth": 5,
    "gamma": 0.5549594265687077,
    "subsample": 0.7656122290080245,
    "colsample_bytree": 0.8614593817727052
}