{
    "C": 0.011359159427466155,
    "gamma": 0.0010036050489858597
}