{
    "C": 0.2883497172632246,
    "gamma": 0.08867051310415248
}