{
    "C": 0.012059738380975302,
    "gamma": 0.00012417733961874404
}