{
    "C": 6.16344142704069,
    "gamma": 0.11762311025128845
}