{
    "n_estimators": 100,
    "max_depth": 5,
    "gamma": 0.45877778302962907,
    "subsample": 0.6577243669838635,
    "colsample_bytree": 0.8223628558763978
}