{
    "C": 38.88763253751671,
    "gamma": 0.0019474428852457165
}