{
    "C": 2.2973409694378937,
    "gamma": 0.026388759997893415
}