{
    "C": 4.315963159403853,
    "gamma": 0.0001875314228460206
}