{
    "C": 0.2181380639529419,
    "gamma": 0.06113089445463698
}