{
    "C": 11.20873739497039,
    "gamma": 0.005631964035374463
}