{
    "C": 77.51635283592324,
    "gamma": 0.0009431140033608366
}