{
    "C": 71.38548768835908,
    "gamma": 0.0004793001016921613
}