{
    "n_estimators": 100,
    "max_depth": 20,
    "gamma": 0.6769620736404828,
    "subsample": 0.7375584130914804,
    "colsample_bytree": 0.8055254239293904
}