{
    "n_estimators": 40,
    "max_depth": 5,
    "gamma": 0.4988414648853049,
    "subsample": 0.629453112508587,
    "colsample_bytree": 0.9939712720503162
}