{
    "C": 46.72107827740263,
    "gamma": 0.001468085713686091
}