{
    "C": 56.51112186564178,
    "gamma": 0.0022437794233985523
}