{
    "C": 99.36673287136274,
    "gamma": 0.0016156594208402357
}