{
    "n_estimators": 100,
    "max_depth": 20,
    "gamma": 0.1984133212661156,
    "subsample": 0.9601293521790468,
    "colsample_bytree": 0.6856521428927239
}