{
    "C": 14.253404371595558,
    "gamma": 0.009889028297693133
}