{
    "C": 96.39608506902421,
    "gamma": 0.0038277975764429515
}