{
    "C": 6.916941128378398,
    "gamma": 0.00031464974877923557
}