{
    "C": 2.4798525865091343,
    "gamma": 0.008164238543272853
}