{
    "C": 84.39808575526624,
    "gamma": 0.0009579469852958421
}