{
    "C": 20.650469638890904,
    "gamma": 0.0016584202783290012
}