{
    "C": 2.017678608707028,
    "gamma": 0.017932673086852518
}