{
    "C": 18.187153459490982,
    "gamma": 0.0035022824186049287
}