{
    "C": 12.109191793343365,
    "gamma": 0.0012877148286593106
}