{
    "C": 3.9303033139064962,
    "gamma": 0.006981571947994215
}