{
    "n_estimators": 100,
    "max_depth": 5,
    "gamma": 0.43297479405190775,
    "subsample": 0.7754773435865423,
    "colsample_bytree": 0.5070280905481712
}