{
    "C": 7.687134090743034,
    "gamma": 0.00416477703021573
}