{
    "C": 85.78462845470797,
    "gamma": 0.0025977113047406697
}