{
    "C": 0.21544875742859146,
    "gamma": 0.03592616707532782
}