{
    "C": 0.1836154593535033,
    "gamma": 0.0042407581008227935
}