{
    "C": 12.096944037834184,
    "gamma": 0.014373783190890806
}