{
    "C": 21.44592820236891,
    "gamma": 0.01272511022228956
}