{
    "C": 0.11995252871186335,
    "gamma": 0.001291397571855654
}