{
    "C": 20.03756192646492,
    "gamma": 0.024779979237173788
}