{
    "C": 3.5222657799237957,
    "gamma": 0.16886687660663924
}