{
    "n_estimators": 10,
    "max_depth": 5,
    "gamma": 0.2452461226026043,
    "subsample": 0.9929003694642419,
    "colsample_bytree": 0.9214829745217402
}