{
    "C": 3.894305343668571,
    "gamma": 0.0019975834863407457
}