{
    "C": 47.51181371373423,
    "gamma": 0.0007485623258653469
}