{
    "C": 60.01415021399694,
    "gamma": 0.0005253737027161716
}