{
    "C": 35.50039686332677,
    "gamma": 0.03984759847896286
}