{
    "C": 95.07606672778773,
    "gamma": 0.007490534650110676
}