{
    "C": 37.650623239217616,
    "gamma": 0.0013358388322459848
}