{
    "n_estimators": 40,
    "max_depth": 20,
    "gamma": 0.6224812464908704,
    "subsample": 0.6124038920925882,
    "colsample_bytree": 0.673480222858634
}