{
    "C": 45.48225936506292,
    "gamma": 0.0001959809333821814
}