{
    "n_estimators": 100,
    "max_depth": 30,
    "gamma": 0.11590079327613904,
    "subsample": 0.7176804694116705,
    "colsample_bytree": 0.7613720055396356
}