{
    "C": 40.91364994635598,
    "gamma": 0.003119696290422554
}