{
    "C": 10.064381846994463,
    "gamma": 0.0006423073254989481
}