{
    "C": 17.3768183610728,
    "gamma": 0.0020995792642411345
}