{
    "n_estimators": 40,
    "max_depth": 5,
    "gamma": 0.1876169947993911,
    "subsample": 0.5023917218668863,
    "colsample_bytree": 0.5961786088064738
}