{
    "C": 1.7603694649215371,
    "gamma": 0.03897881555818317
}