{
    "C": 20.308165429558557,
    "gamma": 0.0028455319035471487
}