{
    "C": 58.371744728642405,
    "gamma": 0.00026338899972235533
}