{
    "C": 6.803749953010462,
    "gamma": 0.021022944908509502
}