{
    "n_estimators": 100,
    "max_depth": 30,
    "gamma": 0.26363991720684127,
    "subsample": 0.5053007952589881,
    "colsample_bytree": 0.5734769447123216
}