{
    "C": 46.263386314446755,
    "gamma": 0.00029868043576810216
}