{
    "C": 91.7724304789234,
    "gamma": 0.0035434207762478306
}