{
    "C": 92.58885804585123,
    "gamma": 0.04087767382853113
}