{
    "C": 17.68022373120786,
    "gamma": 0.0003733926833083213
}