{
    "C": 94.39346766355597,
    "gamma": 0.004361823055132436
}