{
    "n_estimators": 10,
    "max_depth": 30,
    "gamma": 0.5501742790464997,
    "subsample": 0.5053970185689444,
    "colsample_bytree": 0.5880464283644765
}