{
    "C": 0.01014996191762348,
    "gamma": 0.010440634142682273
}