{
    "C": 14.029694103606309,
    "gamma": 0.24500166530820358
}