{
    "C": 30.857375692234122,
    "gamma": 0.0019818598995097643
}