{
    "n_estimators": 40,
    "max_depth": 20,
    "gamma": 0.5861769286420356,
    "subsample": 0.8878687411763526,
    "colsample_bytree": 0.9524460889572228
}