{
    "C": 6.618886127452187,
    "gamma": 0.00011086875428339677
}