{
    "C": 94.80713029893577,
    "gamma": 0.0007447564678213492
}