{
    "C": 0.013859306159990188,
    "gamma": 0.03292772529145103
}