{
    "C": 0.5598256726788797,
    "gamma": 0.06607717880437335
}