{
    "n_estimators": 100,
    "max_depth": 5,
    "gamma": 0.4437123608338837,
    "subsample": 0.7672264278429293,
    "colsample_bytree": 0.5030214230667915
}