{
    "C": 3.061397902021056,
    "gamma": 0.057792747320737824
}