{
    "C": 0.4042589413872913,
    "gamma": 0.0006064002446073412
}