{
    "C": 58.30506125865751,
    "gamma": 0.0007909785376865766
}