{
    "C": 0.032988527384238076,
    "gamma": 0.0017542238721837795
}