{
    "C": 10.717543272048253,
    "gamma": 0.0007511678353210126
}