{
    "C": 22.618582682791654,
    "gamma": 0.004858800160829344
}