{
    "C": 0.2871830040299049,
    "gamma": 0.00010080897490159832
}