{
    "C": 15.625560364496593,
    "gamma": 0.0016672806340287543
}