{
    "C": 91.47687116313213,
    "gamma": 0.02881766410424832
}