{
    "C": 82.21935858898105,
    "gamma": 0.000610620658107841
}