{
    "C": 12.540656586349243,
    "gamma": 0.004333053216749787
}