{
    "C": 5.244297675058273,
    "gamma": 0.0010757363641867499
}