{
    "C": 38.071020910739044,
    "gamma": 0.007598644599859011
}