{
    "n_estimators": 40,
    "max_depth": 5,
    "gamma": 0.19285934220911305,
    "subsample": 0.6095002516280237,
    "colsample_bytree": 0.6888547195763509
}