{
    "C": 0.5314403567821974,
    "gamma": 0.0017946969214801096
}