{
    "n_estimators": 100,
    "max_depth": 5,
    "gamma": 0.7278680763345383,
    "subsample": 0.5301127358146349,
    "colsample_bytree": 0.8333833577228338
}