{
    "C": 0.3540928303520777,
    "gamma": 0.0009925757683194448
}