{
    "C": 3.9145863517701933,
    "gamma": 0.11881941462649068
}