{
    "C": 4.0228806354022355,
    "gamma": 0.09713284881204712
}