{
    "C": 50.50241267479678,
    "gamma": 0.012234646990978967
}