{
    "C": 0.3869253042662161,
    "gamma": 0.07921247055617428
}