{
    "C": 49.08598731240045,
    "gamma": 0.0038329263840513354
}