{
    "C": 0.06690727154194652,
    "gamma": 0.030139847823957257
}