{
    "n_estimators": 100,
    "max_depth": 20,
    "gamma": 0.7867003674951019,
    "subsample": 0.7837535856799976,
    "colsample_bytree": 0.9258611474560662
}