{
    "C": 38.203330788311646,
    "gamma": 0.000742017918002154
}