{
    "n_estimators": 40,
    "max_depth": 5,
    "gamma": 0.7085675984472257,
    "subsample": 0.5091640219287279,
    "colsample_bytree": 0.7319803194213096
}