{
    "C": 15.014183090294525,
    "gamma": 0.0014808521157711272
}