{
    "C": 51.8502049933881,
    "gamma": 0.004751549620830698
}