{
    "C": 70.33904731729389,
    "gamma": 0.00014374807879436957
}