{
    "C": 1.7195262892519079,
    "gamma": 0.007706508381137941
}