{
    "C": 77.75663179233845,
    "gamma": 0.07232092541230128
}