{
    "C": 20.06857428413061,
    "gamma": 0.01692419244282281
}