{
    "n_estimators": 40,
    "max_depth": 20,
    "gamma": 0.3001145671340999,
    "subsample": 0.5479748115141826,
    "colsample_bytree": 0.6131189075926803
}