{
    "C": 25.047212173373975,
    "gamma": 0.004508408306504347
}