{
    "C": 0.10968264790171783,
    "gamma": 0.10199753487734134
}