{
    "C": 5.156294791852857,
    "gamma": 0.010527075017886415
}