{
    "C": 28.367170518231756,
    "gamma": 0.0023489254174947787
}