{
    "C": 78.74124578675635,
    "gamma": 0.006005179551995864
}