{
    "n_estimators": 100,
    "max_depth": 5,
    "gamma": 0.5101024856606601,
    "subsample": 0.6374410878609201,
    "colsample_bytree": 0.8604557310580807
}