{
    "C": 0.307020698094068,
    "gamma": 0.0032435291155528297
}