{
    "C": 0.011719948006087014,
    "gamma": 0.0015989705349271429
}