{
    "C": 82.23904793318407,
    "gamma": 0.0004241336756026364
}