{
    "n_estimators": 40,
    "max_depth": 5,
    "gamma": 0.4081359272503368,
    "subsample": 0.767985004429621,
    "colsample_bytree": 0.9541388513527385
}