{
    "C": 2.2713563299224915,
    "gamma": 0.011944770074482115
}