{
    "C": 94.83573652061533,
    "gamma": 0.015016904507854518
}