{
    "C": 32.67329324365879,
    "gamma": 0.1341797980568321
}