{
    "C": 31.772269253653583,
    "gamma": 0.00028078195117614096
}