{
    "C": 41.184777561716515,
    "gamma": 0.004976473572867606
}