{
    "C": 0.1691984632183788,
    "gamma": 0.02554943580354298
}