{
    "C": 88.57789351602095,
    "gamma": 0.0017046163610230627
}