{
    "C": 20.306954845896804,
    "gamma": 0.007897052532454818
}