{
    "C": 0.3884642920041627,
    "gamma": 0.00117678744897333
}