{
    "C": 0.1030236153406115,
    "gamma": 0.002519117474335368
}