{
    "C": 20.786708439891772,
    "gamma": 0.0011616796402766695
}