{
    "C": 3.3719850361974024,
    "gamma": 0.023053664818339974
}