{
    "C": 28.70032737331965,
    "gamma": 0.02609118499352996
}