{
    "C": 11.378200632360745,
    "gamma": 0.00030096996960508155
}