{
    "C": 58.03892958763972,
    "gamma": 0.014809221266665406
}