{
    "n_estimators": 100,
    "max_depth": 30,
    "gamma": 0.34465018997464836,
    "subsample": 0.8961237565758147,
    "colsample_bytree": 0.6003195634759632
}