{
    "n_estimators": 100,
    "max_depth": 30,
    "gamma": 0.2914855738975766,
    "subsample": 0.6774496780411334,
    "colsample_bytree": 0.641759860021117
}