{
    "C": 0.23330721433107807,
    "gamma": 0.0015674228202475523
}