{
    "C": 5.267854293112711,
    "gamma": 0.0001233897871206788
}