{
    "C": 0.5121721772102259,
    "gamma": 0.00723043964913931
}