{
    "n_estimators": 100,
    "max_depth": 5,
    "gamma": 0.9045066255833286,
    "subsample": 0.8757168546906522,
    "colsample_bytree": 0.8655952491904844
}