{
    "n_estimators": 100,
    "max_depth": 5,
    "gamma": 0.23151378827389352,
    "subsample": 0.8747118213016803,
    "colsample_bytree": 0.8918078820814813
}