{
    "C": 5.247088416862629,
    "gamma": 0.06257636794443885
}