{
    "C": 12.249375520285996,
    "gamma": 0.0010732125640972963
}