{
    "C": 4.473491566527481,
    "gamma": 0.0003922126056900807
}