{
    "C": 6.396485420035902,
    "gamma": 0.0006129250951207689
}