{
    "C": 99.6782191316388,
    "gamma": 0.010182508977764265
}