{
    "C": 84.9726759010638,
    "gamma": 0.011052608040212075
}