{
    "C": 6.105703041562152,
    "gamma": 0.0015278969937031566
}