{
    "C": 98.90828891754741,
    "gamma": 0.007598644599859011
}