{
    "C": 5.640163706652625,
    "gamma": 0.00013352549289484083
}