{
    "C": 99.41456808192166,
    "gamma": 0.012937082334558477
}