{
    "C": 5.95038408980059,
    "gamma": 0.05736986231898443
}