{
    "C": 7.487310195531953,
    "gamma": 0.0006560526991003476
}