{
    "C": 0.8145612652198662,
    "gamma": 0.005516712045863589
}