{
    "C": 42.91641781699551,
    "gamma": 0.002519772228034661
}