{
    "C": 12.62374468816282,
    "gamma": 0.0028339934713209505
}