{
    "n_estimators": 100,
    "max_depth": 5,
    "gamma": 0.7591732860443527,
    "subsample": 0.7178752599081804,
    "colsample_bytree": 0.7200480322084007
}