{
    "C": 19.723154411994223,
    "gamma": 0.11358178453664301
}