{
    "C": 45.33828076654011,
    "gamma": 0.017510540967211937
}