{
    "n_estimators": 100,
    "max_depth": 5,
    "gamma": 0.3663490261337749,
    "subsample": 0.8320581798160287,
    "colsample_bytree": 0.6006257988640603
}