{
    "C": 23.91959899771334,
    "gamma": 0.0002679574519568091
}