{
    "C": 40.11016202256732,
    "gamma": 0.012711762272463468
}