{
    "C": 16.24631511235635,
    "gamma": 0.0020222278839531296
}