{
    "n_estimators": 100,
    "max_depth": 5,
    "gamma": 0.8453727885290546,
    "subsample": 0.5157936161002911,
    "colsample_bytree": 0.7035161156991822
}