{
    "C": 12.454056379249893,
    "gamma": 0.001907190425595515
}