{
    "n_estimators": 10,
    "max_depth": 20,
    "gamma": 0.7847295501624312,
    "subsample": 0.6687711650383343,
    "colsample_bytree": 0.7718419584327743
}