{
    "C": 10.400659562623774,
    "gamma": 0.11956290878179857
}