{
    "n_estimators": 40,
    "max_depth": 5,
    "gamma": 0.4315134609650171,
    "subsample": 0.6070873636730343,
    "colsample_bytree": 0.7808617230834268
}