{
    "n_estimators": 100,
    "max_depth": 30,
    "gamma": 0.23857958994054296,
    "subsample": 0.954346534877149,
    "colsample_bytree": 0.5646480478241476
}