{
    "C": 15.500348366376434,
    "gamma": 0.006876990395666573
}