{
    "n_estimators": 100,
    "max_depth": 5,
    "gamma": 0.36345503934606166,
    "subsample": 0.8165398812228867,
    "colsample_bytree": 0.6284548731116695
}