{
    "C": 12.960656597279739,
    "gamma": 0.3020289640158664
}