{
    "C": 2.217753319454354,
    "gamma": 0.04450051100995042
}