{
    "n_estimators": 100,
    "max_depth": 5,
    "gamma": 0.4991581561040032,
    "subsample": 0.934749486003646,
    "colsample_bytree": 0.6899742705262639
}