{
    "C": 0.13014041465596257,
    "gamma": 0.9227526996041705
}