{
    "C": 2.530203188605895,
    "gamma": 0.018449637782184468
}