{
    "C": 32.558440468542734,
    "gamma": 0.007639098881507377
}