{
    "C": 64.86120787623946,
    "gamma": 0.0006801156917696903
}