{
    "n_estimators": 100,
    "max_depth": 20,
    "gamma": 0.5850968141684775,
    "subsample": 0.6875509258234223,
    "colsample_bytree": 0.995085384173142
}