{
    "C": 95.67343613369188,
    "gamma": 0.0002724564583622357
}