{
    "C": 0.7594174142230264,
    "gamma": 0.02444766395813482
}