{
    "C": 3.394532731945007,
    "gamma": 0.0017096588600787298
}