{
    "n_estimators": 40,
    "max_depth": 30,
    "gamma": 0.9023606522461187,
    "subsample": 0.6932359958712012,
    "colsample_bytree": 0.608234318025686
}