{
    "C": 11.5779435007655,
    "gamma": 0.011848734045499056
}