{
    "n_estimators": 40,
    "max_depth": 20,
    "gamma": 0.23903719763741368,
    "subsample": 0.723831319778921,
    "colsample_bytree": 0.9025641464779133
}