{
    "C": 71.8928527252632,
    "gamma": 0.01220980600294742
}