{
    "C": 6.178958785050742,
    "gamma": 0.0007317419987380097
}