{
    "n_estimators": 40,
    "max_depth": 30,
    "gamma": 0.38061415095108964,
    "subsample": 0.6271123148375475,
    "colsample_bytree": 0.8095830910417111
}