{
    "C": 14.108579017837034,
    "gamma": 0.00021577426027808095
}