{
    "C": 43.70069997752941,
    "gamma": 0.00247568459219402
}