{
    "C": 0.4363587420194908,
    "gamma": 0.001583809443395358
}