{
    "C": 94.52800418185302,
    "gamma": 0.0246548847635577
}