{
    "C": 8.546729398968429,
    "gamma": 0.0003435886363950965
}