{
    "C": 44.02724068520769,
    "gamma": 0.007706508381137941
}