{
    "C": 0.020088195452599055,
    "gamma": 0.026476095598596424
}