{
    "C": 27.72596399800337,
    "gamma": 0.02228198435750697
}