{
    "C": 38.32633746384875,
    "gamma": 0.003963624015592357
}