{
    "C": 0.19110309399941372,
    "gamma": 0.002501888394613245
}