{
    "C": 99.24193337253092,
    "gamma": 0.006758530067852841
}