{
    "n_estimators": 100,
    "max_depth": 5,
    "gamma": 0.3968700597025643,
    "subsample": 0.6655090516730856,
    "colsample_bytree": 0.5709318439113406
}