{
    "C": 15.32674894949283,
    "gamma": 0.0018482353503351276
}