{
    "C": 84.32075946576197,
    "gamma": 0.002100530384726136
}