{
    "n_estimators": 100,
    "max_depth": 5,
    "gamma": 0.10607125126273949,
    "subsample": 0.9115253894439411,
    "colsample_bytree": 0.8120161026219853
}