{
    "C": 41.65645339765751,
    "gamma": 0.016716014592624086
}