{
    "C": 19.520527444156244,
    "gamma": 0.00593679431102317
}