{
    "C": 12.829077259867256,
    "gamma": 0.00012520326485301666
}