{
    "C": 6.306811348057021,
    "gamma": 0.011565332198439608
}