{
    "n_estimators": 100,
    "max_depth": 20,
    "gamma": 0.5966815663932046,
    "subsample": 0.850945924155066,
    "colsample_bytree": 0.5664917142855612
}