{
    "C": 4.0655014677136565,
    "gamma": 0.07644499740813727
}