{
    "C": 2.1665291186589224,
    "gamma": 0.009611332388080531
}