{
    "C": 2.1396539362809834,
    "gamma": 0.056960488274654456
}