{
    "n_estimators": 100,
    "max_depth": 5,
    "gamma": 0.9224833808115213,
    "subsample": 0.8488071204512628,
    "colsample_bytree": 0.6108718308583251
}