{
    "C": 4.276194560296273,
    "gamma": 0.000512951238475057
}