{
    "C": 34.95616905403978,
    "gamma": 0.004262021067788048
}