{
    "n_estimators": 10,
    "max_depth": 5,
    "gamma": 0.29246680956351323,
    "subsample": 0.8622040554300919,
    "colsample_bytree": 0.8797669896043536
}