{
    "C": 16.995480589851233,
    "gamma": 0.005332773925407478
}