{
    "C": 9.898660470720786,
    "gamma": 0.00024681575863913616
}