{
    "C": 24.35874392962816,
    "gamma": 0.010520633602019215
}