{
    "C": 0.3514563109234047,
    "gamma": 0.0010650409593243378
}