{
    "n_estimators": 40,
    "max_depth": 20,
    "gamma": 0.7161461107625381,
    "subsample": 0.8235564175656619,
    "colsample_bytree": 0.8107025566489038
}