{
    "n_estimators": 40,
    "max_depth": 5,
    "gamma": 0.8679939072021291,
    "subsample": 0.9252877009246153,
    "colsample_bytree": 0.6044495438949414
}