{
    "C": 10.160663714894534,
    "gamma": 0.0005434015925856185
}