{
    "C": 1.2212119053832826,
    "gamma": 0.0007764297157201908
}