{
    "n_estimators": 40,
    "max_depth": 5,
    "gamma": 0.9848465679998915,
    "subsample": 0.5769482062650809,
    "colsample_bytree": 0.6602563064107118
}