{
    "C": 28.08661372408049,
    "gamma": 0.0021791615872524548
}