{
    "n_estimators": 10,
    "max_depth": 30,
    "gamma": 0.5243108184417375,
    "subsample": 0.9007359157878995,
    "colsample_bytree": 0.700479644375965
}