{
    "n_estimators": 100,
    "max_depth": 20,
    "gamma": 0.2008444177472726,
    "subsample": 0.8574255324092028,
    "colsample_bytree": 0.994941806141445
}