{
    "n_estimators": 100,
    "max_depth": 5,
    "gamma": 0.8690322327285804,
    "subsample": 0.5882281048857049,
    "colsample_bytree": 0.7155686247550341
}