{
    "C": 5.070135988670239,
    "gamma": 0.02309145345015643
}