{
    "n_estimators": 100,
    "max_depth": 5,
    "gamma": 0.6418933003406354,
    "subsample": 0.9007488495841955,
    "colsample_bytree": 0.7949327442379411
}