{
    "n_estimators": 100,
    "max_depth": 30,
    "gamma": 0.22329479796449045,
    "subsample": 0.8273401079909709,
    "colsample_bytree": 0.7874108337241059
}