{
    "C": 2.3468997238364184,
    "gamma": 0.002522235885333534
}