{
    "C": 1.0707835239110508,
    "gamma": 0.006415248292038453
}