{
    "n_estimators": 40,
    "max_depth": 5,
    "gamma": 0.48158793385832444,
    "subsample": 0.6067580795478097,
    "colsample_bytree": 0.7298181081170116
}