{
    "C": 26.945307545132856,
    "gamma": 0.00021574275598552616
}