{
    "C": 3.939680095150505,
    "gamma": 0.04354029466352555
}