{
    "n_estimators": 40,
    "max_depth": 5,
    "gamma": 0.743568983507179,
    "subsample": 0.7783520454724867,
    "colsample_bytree": 0.5638198363795595
}