{
    "C": 0.18733912107495682,
    "gamma": 0.03565801897350079
}