{
    "C": 3.415413564067596,
    "gamma": 0.009889028297693133
}