{
    "C": 21.93603023582329,
    "gamma": 0.0018399168403638686
}