{
    "n_estimators": 10,
    "max_depth": 20,
    "gamma": 0.2520903312233983,
    "subsample": 0.6109744065191631,
    "colsample_bytree": 0.5886783684586208
}