{
    "n_estimators": 40,
    "max_depth": 20,
    "gamma": 0.34572940445386846,
    "subsample": 0.9251935595547924,
    "colsample_bytree": 0.7241612051208073
}