{
    "C": 91.58949571751761,
    "gamma": 0.0010188818220144382
}