{
    "n_estimators": 10,
    "max_depth": 5,
    "gamma": 0.8708849097820202,
    "subsample": 0.8621333466324167,
    "colsample_bytree": 0.5164138936814711
}