{
    "C": 26.78472020699801,
    "gamma": 0.002591393334591481
}