{
    "C": 3.9764543143024937,
    "gamma": 0.10571426029545238
}