{
    "C": 0.9714109646523811,
    "gamma": 0.05025617935403831
}