{
    "C": 5.582062918405576,
    "gamma": 0.07236399657356822
}