{
    "n_estimators": 100,
    "max_depth": 20,
    "gamma": 0.8395255001163292,
    "subsample": 0.758723656129158,
    "colsample_bytree": 0.9281556171019901
}