{
    "C": 47.046828297435454,
    "gamma": 0.0016466367299399329
}