{
    "n_estimators": 40,
    "max_depth": 20,
    "gamma": 0.49993826588988755,
    "subsample": 0.8639792067445928,
    "colsample_bytree": 0.5418042113614991
}