{
    "C": 3.9433969793548838,
    "gamma": 0.005701653384497477
}