{
    "C": 29.003795401182856,
    "gamma": 0.008929580028715009
}