{
    "n_estimators": 40,
    "max_depth": 5,
    "gamma": 0.284144177802935,
    "subsample": 0.7364601449560734,
    "colsample_bytree": 0.6815498556783907
}