{
    "C": 17.83776338129917,
    "gamma": 0.0005189269188435681
}