{
    "C": 47.51511183994569,
    "gamma": 0.00022986954394096256
}