{
    "C": 0.01038210832088568,
    "gamma": 0.002546255537500127
}