{
    "C": 24.711642919422243,
    "gamma": 0.00468153346081379
}