{
    "C": 73.4267841645538,
    "gamma": 0.0010357333193126517
}