{
    "C": 96.80643961619926,
    "gamma": 0.0004009308447180715
}