{
    "C": 1.172127321071962,
    "gamma": 0.07976089230626049
}