{
    "C": 98.76816726820653,
    "gamma": 0.0014585043334328042
}