{
    "n_estimators": 40,
    "max_depth": 30,
    "gamma": 0.7487633273197036,
    "subsample": 0.837351019418467,
    "colsample_bytree": 0.6557763368989915
}