{
    "C": 2.972195324206295,
    "gamma": 0.03320384586751046
}