{
    "C": 2.8561100662099568,
    "gamma": 0.0005677927176855552
}