{
    "C": 2.6649806290387295,
    "gamma": 0.07260742391907257
}