{
    "C": 98.52499926954448,
    "gamma": 0.0019495746519515218
}