{
    "n_estimators": 40,
    "max_depth": 5,
    "gamma": 0.263348323552061,
    "subsample": 0.7520777965931741,
    "colsample_bytree": 0.7880122176779466
}