{
    "C": 82.48269270223989,
    "gamma": 0.0044277849080201145
}