{
    "C": 95.52311878634987,
    "gamma": 0.002373896958914809
}