{
    "C": 79.53411790364639,
    "gamma": 0.009448600216342473
}