{
    "n_estimators": 40,
    "max_depth": 5,
    "gamma": 0.25490873324610835,
    "subsample": 0.9324291052021128,
    "colsample_bytree": 0.6209237216058597
}