{
    "C": 0.8152274755064622,
    "gamma": 0.0010923900112846218
}