{
    "n_estimators": 40,
    "max_depth": 5,
    "gamma": 0.25136216556706875,
    "subsample": 0.7107087761961612,
    "colsample_bytree": 0.7757406976170683
}