{
    "C": 2.9814492960495627,
    "gamma": 0.026311139240378326
}