{
    "n_estimators": 40,
    "max_depth": 20,
    "gamma": 0.9945042133096054,
    "subsample": 0.9683640491533567,
    "colsample_bytree": 0.7801355547052821
}