{
    "C": 46.923882168530035,
    "gamma": 0.001693564075140915
}