{
    "n_estimators": 100,
    "max_depth": 20,
    "gamma": 0.6373730443652363,
    "subsample": 0.6311562440571438,
    "colsample_bytree": 0.9936564784136519
}