{
    "n_estimators": 40,
    "max_depth": 5,
    "gamma": 0.463600670993964,
    "subsample": 0.9150184492734217,
    "colsample_bytree": 0.7800342642569504
}