{
    "C": 42.87495462096695,
    "gamma": 0.001271927410693052
}