{
    "C": 46.53071492162898,
    "gamma": 0.09400520713433527
}