{
    "C": 0.01697315784604826,
    "gamma": 0.0014173334411323978
}