{
    "n_estimators": 10,
    "max_depth": 30,
    "gamma": 0.37418863174294636,
    "subsample": 0.8210684037470631,
    "colsample_bytree": 0.6298152437117406
}