{
    "C": 2.3692564057423917,
    "gamma": 0.00027673155267553745
}