{
    "C": 0.34973777091044816,
    "gamma": 0.05535009340788194
}