{
    "n_estimators": 40,
    "max_depth": 30,
    "gamma": 0.7149068474388774,
    "subsample": 0.5696358027454862,
    "colsample_bytree": 0.8514125286992056
}