{
    "C": 95.17072487881215,
    "gamma": 0.004049785300257105
}