{
    "C": 6.025446614833631,
    "gamma": 0.00010410657631139162
}