{
    "C": 0.14231285686773082,
    "gamma": 0.06622750784293378
}