{
    "C": 28.181673397126907,
    "gamma": 0.0034147965095806085
}