{
    "C": 17.316323356735534,
    "gamma": 0.004180772199607997
}