{
    "C": 10.033640217328378,
    "gamma": 0.01010580190394077
}