{
    "C": 54.156195562866266,
    "gamma": 0.009392019220520437
}