{
    "C": 99.24732628164571,
    "gamma": 0.00037844785411388543
}