{
    "C": 52.672759734455,
    "gamma": 0.0026061327571909156
}