{
    "n_estimators": 100,
    "max_depth": 20,
    "gamma": 0.2478165517433836,
    "subsample": 0.8242231810838379,
    "colsample_bytree": 0.5127669996644397
}