{
    "n_estimators": 40,
    "max_depth": 30,
    "gamma": 0.8351872295627806,
    "subsample": 0.5929797293956128,
    "colsample_bytree": 0.9996091012749004
}