{
    "C": 0.5627932047415171,
    "gamma": 0.36905577292137587
}