{
    "C": 96.41723284316564,
    "gamma": 0.0003182068320815031
}