{
    "n_estimators": 10,
    "max_depth": 20,
    "gamma": 0.7804219605572124,
    "subsample": 0.9952797057097718,
    "colsample_bytree": 0.7786165145391618
}