{
    "n_estimators": 40,
    "max_depth": 20,
    "gamma": 0.12810557331129335,
    "subsample": 0.5802494673662469,
    "colsample_bytree": 0.8189168540054166
}