{
    "n_estimators": 100,
    "max_depth": 30,
    "gamma": 0.3741667433524231,
    "subsample": 0.9128640631890954,
    "colsample_bytree": 0.6890270338298874
}