{
    "C": 45.34864357067839,
    "gamma": 0.0076942499627426384
}