{
    "n_estimators": 40,
    "max_depth": 20,
    "gamma": 0.43565664888822164,
    "subsample": 0.878766815855257,
    "colsample_bytree": 0.6909245311334314
}