{
    "n_estimators": 40,
    "max_depth": 5,
    "gamma": 0.3456492375575726,
    "subsample": 0.7262500507759452,
    "colsample_bytree": 0.7966826645246926
}