{
    "n_estimators": 100,
    "max_depth": 30,
    "gamma": 0.8015849394837482,
    "subsample": 0.9152474308751175,
    "colsample_bytree": 0.8778105917816745
}