{
    "C": 36.088940491384506,
    "gamma": 0.0009155892451909757
}