{
    "C": 42.86977767439074,
    "gamma": 0.003209915728543983
}