{
    "C": 0.02505753974770936,
    "gamma": 0.0007496908360759289
}