{
    "C": 11.15426090013934,
    "gamma": 0.018782987523907835
}