{
    "n_estimators": 100,
    "max_depth": 5,
    "gamma": 0.5100683579607442,
    "subsample": 0.7154671084719468,
    "colsample_bytree": 0.7822400079864585
}