{
    "C": 44.606398620833524,
    "gamma": 0.020330215013783674
}