{
    "C": 99.00236289492193,
    "gamma": 0.012999792142910782
}