{
    "C": 0.3401260388161146,
    "gamma": 0.0033601033500319957
}