{
    "C": 94.4159101995665,
    "gamma": 0.0014831183500641368
}