{
    "C": 7.857542244064068,
    "gamma": 0.0035972013477364936
}