{
    "C": 92.08740919455441,
    "gamma": 0.06327001621654753
}