{
    "C": 73.06630596912045,
    "gamma": 0.004951787376321699
}