{
    "C": 99.51270395773729,
    "gamma": 0.0070443803366699986
}