{
    "C": 0.09150691358509908,
    "gamma": 0.010600484316967347
}