{
    "C": 0.0119576348113261,
    "gamma": 0.0006116260569999007
}