{
    "C": 50.72654165173674,
    "gamma": 0.00022244806153117098
}