{
    "n_estimators": 40,
    "max_depth": 20,
    "gamma": 0.8967376717636345,
    "subsample": 0.988276510203839,
    "colsample_bytree": 0.9184542964535913
}