{
    "n_estimators": 40,
    "max_depth": 20,
    "gamma": 0.4478184230115955,
    "subsample": 0.7784481436027622,
    "colsample_bytree": 0.7201295227469523
}