{
    "C": 0.20563015212120273,
    "gamma": 0.004032087026531261
}