{
    "C": 99.67483537832148,
    "gamma": 0.004729363721967503
}