{
    "n_estimators": 100,
    "max_depth": 5,
    "gamma": 0.7665515609399807,
    "subsample": 0.9683640491533567,
    "colsample_bytree": 0.7850387423985561
}