{
    "C": 5.009346471457744,
    "gamma": 0.004131292925427054
}