{
    "C": 7.3031461345175686,
    "gamma": 0.0009030786686864439
}