{
    "n_estimators": 40,
    "max_depth": 20,
    "gamma": 0.41329209832908154,
    "subsample": 0.8286838768528428,
    "colsample_bytree": 0.8792707286514696
}