{
    "C": 27.550758566251453,
    "gamma": 0.003963624015592357
}