{
    "n_estimators": 40,
    "max_depth": 5,
    "gamma": 0.7393262466379021,
    "subsample": 0.878167425082135,
    "colsample_bytree": 0.9034159724860988
}