{
    "C": 11.851646418914115,
    "gamma": 0.006929353448153616
}