{
    "n_estimators": 10,
    "max_depth": 20,
    "gamma": 0.3738626899073505,
    "subsample": 0.5431621174457755,
    "colsample_bytree": 0.5500886813961083
}