{
    "C": 14.226761344654992,
    "gamma": 0.0024149911622041616
}