{
    "C": 94.85084992619839,
    "gamma": 0.00399111134768833
}