{
    "C": 0.8033415419748491,
    "gamma": 0.034991342080007586
}