{
    "n_estimators": 40,
    "max_depth": 5,
    "gamma": 0.37414260252773446,
    "subsample": 0.7543385885137449,
    "colsample_bytree": 0.587296028365385
}