{
    "C": 4.831254357469986,
    "gamma": 0.0026924064917878514
}