{
    "n_estimators": 10,
    "max_depth": 5,
    "gamma": 0.27150941796850425,
    "subsample": 0.5440760301487122,
    "colsample_bytree": 0.7883263299977175
}