{
    "n_estimators": 100,
    "max_depth": 30,
    "gamma": 0.3202339027511579,
    "subsample": 0.6285225132048311,
    "colsample_bytree": 0.6308590845612225
}