{
    "C": 76.2611114478886,
    "gamma": 0.02266803754682321
}