{
    "n_estimators": 100,
    "max_depth": 5,
    "gamma": 0.7987459574050177,
    "subsample": 0.8649325722438164,
    "colsample_bytree": 0.7517835178681788
}