{
    "C": 13.038258534776846,
    "gamma": 0.013845345163191665
}