{
    "C": 2.164529141667897,
    "gamma": 0.0031233206836560118
}