{
    "n_estimators": 10,
    "max_depth": 30,
    "gamma": 0.28348273058911083,
    "subsample": 0.5638180394945186,
    "colsample_bytree": 0.7189059298337382
}