{
    "C": 0.28476952539434985,
    "gamma": 0.0022816018268942543
}