{
    "C": 6.4522263894475635,
    "gamma": 0.0004873586256741307
}