{
    "C": 99.44439382508281,
    "gamma": 0.0004181356441366018
}