{
    "C": 41.7147211893751,
    "gamma": 0.05356286266978875
}