{
    "n_estimators": 100,
    "max_depth": 30,
    "gamma": 0.11747018931448144,
    "subsample": 0.6564352750068747,
    "colsample_bytree": 0.9715083346653923
}