{
    "C": 12.920023848244687,
    "gamma": 0.009399713616376886
}