{
    "C": 83.91740109727017,
    "gamma": 0.003297555316997787
}