{
    "C": 37.66020857309601,
    "gamma": 0.006474913630502101
}