{
    "C": 0.6337347844333678,
    "gamma": 0.000550285842078963
}