{
    "n_estimators": 100,
    "max_depth": 5,
    "gamma": 0.39708136800648575,
    "subsample": 0.625231458443803,
    "colsample_bytree": 0.566609667722446
}