{
    "C": 6.216958648502451,
    "gamma": 0.09485836211186087
}