{
    "C": 33.56056794673772,
    "gamma": 0.0006502992815353001
}