{
    "C": 45.532782102050675,
    "gamma": 0.001243066113311037
}