{
    "C": 6.855077185735727,
    "gamma": 0.002827782654036279
}