{
    "C": 88.12044060632871,
    "gamma": 0.013849257188909848
}