{
    "n_estimators": 100,
    "max_depth": 5,
    "gamma": 0.8698598656429002,
    "subsample": 0.9991237068863594,
    "colsample_bytree": 0.5031478372134685
}