{
    "C": 4.220165247867255,
    "gamma": 0.01534606170644722
}