{
    "C": 5.324800922472375,
    "gamma": 0.0009385281428228848
}