{
    "C": 11.32992408785052,
    "gamma": 0.018453673020913594
}