{
    "n_estimators": 100,
    "max_depth": 30,
    "gamma": 0.31991454037169664,
    "subsample": 0.9866264634848064,
    "colsample_bytree": 0.588012296795968
}