{
    "C": 46.47159606480374,
    "gamma": 0.00784571943066357
}