{
    "n_estimators": 100,
    "max_depth": 30,
    "gamma": 0.4183765425918896,
    "subsample": 0.6930929267364567,
    "colsample_bytree": 0.6684270662468342
}