{
    "C": 28.295116218763717,
    "gamma": 0.0031634190004449737
}