{
    "C": 8.890778933114147,
    "gamma": 0.013546171905769918
}