{
    "n_estimators": 40,
    "max_depth": 5,
    "gamma": 0.6445228390564327,
    "subsample": 0.8727637499090033,
    "colsample_bytree": 0.9393786653242976
}