{
    "C": 26.494485372518003,
    "gamma": 0.012908182431678322
}