{
    "n_estimators": 40,
    "max_depth": 20,
    "gamma": 0.5168994503282381,
    "subsample": 0.8337261755268914,
    "colsample_bytree": 0.9274331642586785
}