{
    "C": 94.4159101995665,
    "gamma": 0.0014978955063889166
}