{
    "C": 5.2109869371584665,
    "gamma": 0.16404241128227343
}