{
    "n_estimators": 100,
    "max_depth": 30,
    "gamma": 0.494025213253413,
    "subsample": 0.9304836562572101,
    "colsample_bytree": 0.665289823623668
}