{
    "C": 20.942940768840174,
    "gamma": 0.0011411901554533462
}