{
    "C": 99.62451792013759,
    "gamma": 0.1020391368218899
}