{
    "n_estimators": 40,
    "max_depth": 20,
    "gamma": 0.8089388723044176,
    "subsample": 0.8662188927972414,
    "colsample_bytree": 0.8009226642813787
}