{
    "C": 25.656425092476056,
    "gamma": 0.0037562295143489526
}