{
    "n_estimators": 100,
    "max_depth": 30,
    "gamma": 0.8111355619546827,
    "subsample": 0.8338937987036557,
    "colsample_bytree": 0.8955200597338936
}