{
    "C": 40.81152107816555,
    "gamma": 0.15492496434473849
}