{
    "n_estimators": 40,
    "max_depth": 5,
    "gamma": 0.37262670051114677,
    "subsample": 0.7017093018087456,
    "colsample_bytree": 0.5789916185737608
}