{
    "C": 9.775922405673073,
    "gamma": 0.0004510718094968569
}