{
    "C": 1.6068195649424428,
    "gamma": 0.025493262716718437
}