{
    "C": 38.890509523245754,
    "gamma": 0.030139847823957257
}