{
    "C": 47.39806589711821,
    "gamma": 0.016367542492524416
}