{
    "C": 34.42979591005256,
    "gamma": 0.00011373571759597957
}