{
    "n_estimators": 40,
    "max_depth": 5,
    "gamma": 0.3653199111259337,
    "subsample": 0.7945064698546577,
    "colsample_bytree": 0.6203137762214668
}