{
    "C": 0.6921385747571733,
    "gamma": 0.05330330071441735
}