{
    "C": 4.663364615639598,
    "gamma": 0.006966464875217821
}