{
    "C": 51.248296297800074,
    "gamma": 0.0004045531830626819
}