{
    "C": 12.121522332451692,
    "gamma": 0.0032900851469291567
}