{
    "C": 48.735790657042074,
    "gamma": 0.010741789471714147
}