{
    "n_estimators": 100,
    "max_depth": 5,
    "gamma": 0.6583137256703884,
    "subsample": 0.9390108694352729,
    "colsample_bytree": 0.5543360458767469
}