{
    "n_estimators": 40,
    "max_depth": 30,
    "gamma": 0.33003106543330485,
    "subsample": 0.837351019418467,
    "colsample_bytree": 0.8016486854551674
}