{
    "n_estimators": 10,
    "max_depth": 5,
    "gamma": 0.46145435863314443,
    "subsample": 0.7138592507089638,
    "colsample_bytree": 0.9845171092098384
}