{
    "C": 17.447080279507706,
    "gamma": 0.030602853188896904
}