{
    "n_estimators": 10,
    "max_depth": 30,
    "gamma": 0.18793440231380348,
    "subsample": 0.6443607705661888,
    "colsample_bytree": 0.6732917782014369
}