{
    "C": 50.10889568478417,
    "gamma": 0.003649880347763794
}