{
    "C": 1.4205755043832422,
    "gamma": 0.009899899550448557
}