{
    "n_estimators": 100,
    "max_depth": 30,
    "gamma": 0.5220624485812184,
    "subsample": 0.5685630451361925,
    "colsample_bytree": 0.5839603394015197
}