{
    "C": 97.9009966398989,
    "gamma": 0.0011553704880838931
}