{
    "n_estimators": 40,
    "max_depth": 30,
    "gamma": 0.8665695184761697,
    "subsample": 0.7888679374142473,
    "colsample_bytree": 0.9817506879539865
}