{
    "n_estimators": 100,
    "max_depth": 5,
    "gamma": 0.559298034129495,
    "subsample": 0.6611916818352757,
    "colsample_bytree": 0.9957424457436892
}