{
    "n_estimators": 100,
    "max_depth": 30,
    "gamma": 0.33714811761174823,
    "subsample": 0.7300567049175714,
    "colsample_bytree": 0.7839243792215664
}