{
    "C": 0.011148219882167227,
    "gamma": 0.004275579884485615
}