{
    "C": 25.33904166550767,
    "gamma": 0.004757349170776999
}