{
    "C": 0.6604236894202588,
    "gamma": 0.003507628084287568
}