{
    "C": 27.173283420110398,
    "gamma": 0.0002505325273548575
}