{
    "C": 17.562556390075066,
    "gamma": 0.00016322324076184882
}