{
    "C": 44.31229103254796,
    "gamma": 0.0016366866195964187
}