{
    "C": 56.749948697598676,
    "gamma": 0.029296955296689048
}