{
    "n_estimators": 40,
    "max_depth": 5,
    "gamma": 0.3460041335668743,
    "subsample": 0.7778685626006737,
    "colsample_bytree": 0.6296213230656986
}