{
    "C": 0.18160197045217227,
    "gamma": 0.0005405749873361939
}