{
    "n_estimators": 40,
    "max_depth": 5,
    "gamma": 0.6751754530928237,
    "subsample": 0.7774150672746665,
    "colsample_bytree": 0.970978009982391
}