{
    "C": 94.60422719992268,
    "gamma": 0.0024722250439460896
}