{
    "n_estimators": 40,
    "max_depth": 20,
    "gamma": 0.8674150805788394,
    "subsample": 0.6772991662538685,
    "colsample_bytree": 0.7991662445257187
}