{
    "C": 22.291047267817476,
    "gamma": 0.023453440651010776
}