{
    "C": 44.72458475919564,
    "gamma": 0.006777584562435827
}