{
    "n_estimators": 40,
    "max_depth": 20,
    "gamma": 0.9894607367239925,
    "subsample": 0.6597204633273567,
    "colsample_bytree": 0.5003733334951512
}