{
    "n_estimators": 100,
    "max_depth": 20,
    "gamma": 0.25114105728599195,
    "subsample": 0.8583909470234251,
    "colsample_bytree": 0.525322130410742
}