{
    "n_estimators": 10,
    "max_depth": 30,
    "gamma": 0.7411198014356537,
    "subsample": 0.5571069721352915,
    "colsample_bytree": 0.8331429025669844
}