{
    "n_estimators": 100,
    "max_depth": 5,
    "gamma": 0.2382188531118495,
    "subsample": 0.9214249813404625,
    "colsample_bytree": 0.9895096575830229
}