{
    "n_estimators": 40,
    "max_depth": 20,
    "gamma": 0.8757279714458217,
    "subsample": 0.7237186196695751,
    "colsample_bytree": 0.5237893066936357
}