{
    "C": 0.23169662209746003,
    "gamma": 0.002447405500642206
}