{
    "n_estimators": 40,
    "max_depth": 5,
    "gamma": 0.6810109508854054,
    "subsample": 0.9812971750850953,
    "colsample_bytree": 0.6566100101860102
}