{
    "C": 90.56717548277659,
    "gamma": 0.010169508369853348
}