{
    "C": 0.029303618298781364,
    "gamma": 0.005357537495060651
}