{
    "C": 97.63594796229309,
    "gamma": 0.01756502709905157
}