{
    "n_estimators": 100,
    "max_depth": 5,
    "gamma": 0.62597788769395,
    "subsample": 0.8615598758804662,
    "colsample_bytree": 0.6231424258454624
}