{
    "C": 6.7314386050652715,
    "gamma": 0.0008266167082032497
}