{
    "C": 23.872154918223618,
    "gamma": 0.0012812406265992607
}