{
    "n_estimators": 10,
    "max_depth": 30,
    "gamma": 0.11037586582888315,
    "subsample": 0.647301685503422,
    "colsample_bytree": 0.7333585725873042
}