{
    "C": 0.021036092656561454,
    "gamma": 0.08990030906808326
}