{
    "C": 7.4264930546935535,
    "gamma": 0.000653083241107781
}