{
    "C": 11.37122815287152,
    "gamma": 0.004240214826093912
}