{
    "C": 0.22758345777198755,
    "gamma": 0.001068381636160094
}