{
    "n_estimators": 40,
    "max_depth": 20,
    "gamma": 0.42886676787827605,
    "subsample": 0.7335977170541361,
    "colsample_bytree": 0.8341182179115018
}