{
    "C": 0.0978679313730552,
    "gamma": 0.00825857768057174
}