{
    "C": 10.331315785009679,
    "gamma": 0.00482656953517972
}