{
    "n_estimators": 40,
    "max_depth": 5,
    "gamma": 0.20147339126641725,
    "subsample": 0.9708700542918067,
    "colsample_bytree": 0.8741303259417684
}