{
    "C": 32.99497225849168,
    "gamma": 0.00034923208933370135
}