{
    "C": 2.6975263889229493,
    "gamma": 0.131199941823764
}