{
    "C": 79.02731170747724,
    "gamma": 0.0005957406320261831
}