{
    "n_estimators": 100,
    "max_depth": 5,
    "gamma": 0.794407204716844,
    "subsample": 0.7624692214993423,
    "colsample_bytree": 0.6992105914165316
}