{
    "n_estimators": 100,
    "max_depth": 5,
    "gamma": 0.8948820749517087,
    "subsample": 0.8567088433256727,
    "colsample_bytree": 0.5013541727082262
}