{
    "C": 80.01841510290937,
    "gamma": 0.00011698490787338777
}