{
    "n_estimators": 40,
    "max_depth": 30,
    "gamma": 0.643015905479974,
    "subsample": 0.5573541303608198,
    "colsample_bytree": 0.7921730333293363
}