{
    "C": 0.19021651613449728,
    "gamma": 0.029249787092196285
}