{
    "C": 0.31906342528511505,
    "gamma": 0.0038719910387773945
}