{
    "n_estimators": 40,
    "max_depth": 20,
    "gamma": 0.5510084172939441,
    "subsample": 0.5360255666798808,
    "colsample_bytree": 0.6342194900509356
}