{
    "C": 12.76679633738965,
    "gamma": 0.005979107762819954
}