{
    "C": 71.6350123026027,
    "gamma": 0.003987989659258384
}