{
    "n_estimators": 40,
    "max_depth": 5,
    "gamma": 0.43200062502916314,
    "subsample": 0.9871036289614906,
    "colsample_bytree": 0.6174119990043961
}