{
    "C": 3.753383970064799,
    "gamma": 0.0024516330663277622
}