{
    "C": 45.521476212876856,
    "gamma": 0.00766411861583476
}