{
    "C": 51.25545049160052,
    "gamma": 0.011041664001965566
}