{
    "C": 30.36123408695373,
    "gamma": 0.02067536760489898
}