{
    "C": 6.9301083198086015,
    "gamma": 0.0050774701735666365
}