{
    "C": 13.816638691248304,
    "gamma": 0.0005719799144437668
}