{
    "n_estimators": 10,
    "max_depth": 5,
    "gamma": 0.8674728044982817,
    "subsample": 0.8218944798077803,
    "colsample_bytree": 0.6655167554640713
}