{
    "C": 61.21016690618681,
    "gamma": 0.00037206999883243857
}