{
    "n_estimators": 40,
    "max_depth": 30,
    "gamma": 0.6223954336002551,
    "subsample": 0.9890580869325988,
    "colsample_bytree": 0.6030323425039048
}