{
    "n_estimators": 100,
    "max_depth": 5,
    "gamma": 0.22641101617675385,
    "subsample": 0.7809681150712194,
    "colsample_bytree": 0.9897929085258352
}