{
    "n_estimators": 10,
    "max_depth": 5,
    "gamma": 0.6957863617726492,
    "subsample": 0.691365537511351,
    "colsample_bytree": 0.853905680250237
}