{
    "C": 91.77245090365317,
    "gamma": 0.00015129410944103008
}