{
    "n_estimators": 40,
    "max_depth": 5,
    "gamma": 0.6676716586646381,
    "subsample": 0.503805816850922,
    "colsample_bytree": 0.5540369277643974
}