{
    "n_estimators": 10,
    "max_depth": 5,
    "gamma": 0.10485811109873117,
    "subsample": 0.7684199995167744,
    "colsample_bytree": 0.8627430864016015
}