{
    "C": 52.39898543255597,
    "gamma": 0.0009154539453014651
}