{
    "C": 6.216958648502451,
    "gamma": 0.0010355388819936432
}