{
    "C": 4.150248989922847,
    "gamma": 0.0013630724053344397
}