{
    "C": 16.449275643237637,
    "gamma": 0.006083322702913422
}