{
    "C": 45.40913762037977,
    "gamma": 0.0035774598031210582
}