{
    "C": 47.32954529278902,
    "gamma": 0.0030328589282359805
}