{
    "n_estimators": 100,
    "max_depth": 5,
    "gamma": 0.9196776006980095,
    "subsample": 0.5220511754504149,
    "colsample_bytree": 0.5422295284857905
}