{
    "C": 0.03670719797447263,
    "gamma": 0.0002662572783142835
}