{
    "C": 2.428968603808967,
    "gamma": 0.009667200948931606
}