{
    "n_estimators": 100,
    "max_depth": 5,
    "gamma": 0.11899344658014609,
    "subsample": 0.9406129495222199,
    "colsample_bytree": 0.9129490394853734
}