{
    "C": 27.990448751763164,
    "gamma": 0.0036046312608010275
}