{
    "n_estimators": 40,
    "max_depth": 5,
    "gamma": 0.3730151900763893,
    "subsample": 0.7745399845218732,
    "colsample_bytree": 0.5749755493362202
}