{
    "C": 0.5278817565461175,
    "gamma": 0.9099432033194668
}