{
    "C": 3.3624958631375255,
    "gamma": 0.034558023706471215
}