{
    "C": 93.54195262069706,
    "gamma": 0.004023333967778063
}