{
    "n_estimators": 40,
    "max_depth": 5,
    "gamma": 0.5040183282251364,
    "subsample": 0.9043080913206064,
    "colsample_bytree": 0.9030787634198666
}