{
    "C": 1.3259463580937678,
    "gamma": 0.01692419244282281
}