{
    "C": 0.22845324683122542,
    "gamma": 0.0009728358521217546
}