{
    "C": 15.892706120993077,
    "gamma": 0.0013630214473312374
}