{
    "C": 0.02789077367695219,
    "gamma": 0.0010506609441459592
}