{
    "C": 33.84058950799866,
    "gamma": 0.016389239548677555
}