{
    "C": 42.83783104435575,
    "gamma": 0.010110940070556997
}