{
    "C": 25.356371648022243,
    "gamma": 0.00012602919425695492
}