{
    "C": 0.10096208275809461,
    "gamma": 0.012999792142910782
}