{
    "n_estimators": 40,
    "max_depth": 20,
    "gamma": 0.20813034816813397,
    "subsample": 0.5053007952589881,
    "colsample_bytree": 0.6145382444075271
}