{
    "C": 32.752985440497156,
    "gamma": 0.0014536831852188798
}