{
    "n_estimators": 10,
    "max_depth": 5,
    "gamma": 0.29647054555769503,
    "subsample": 0.7355922633317886,
    "colsample_bytree": 0.6535336466745928
}