{
    "C": 40.17742813367668,
    "gamma": 0.0030328589282359805
}