{
    "C": 0.39664576794382067,
    "gamma": 0.0015398075597723377
}