{
    "n_estimators": 40,
    "max_depth": 20,
    "gamma": 0.9628175826413554,
    "subsample": 0.8001169715017786,
    "colsample_bytree": 0.6319725061725031
}