{
    "n_estimators": 40,
    "max_depth": 5,
    "gamma": 0.2257716438475777,
    "subsample": 0.693139192387519,
    "colsample_bytree": 0.7111905040278096
}