{
    "C": 30.34801382794074,
    "gamma": 0.10339850295772995
}