{
    "C": 0.07261363573248379,
    "gamma": 0.002526997506892152
}