{
    "C": 25.249735068316948,
    "gamma": 0.0013219381236059906
}