{
    "C": 44.522630164471266,
    "gamma": 0.1287008477975152
}