{
    "n_estimators": 40,
    "max_depth": 5,
    "gamma": 0.991485711506258,
    "subsample": 0.6140320938994526,
    "colsample_bytree": 0.5018732574568078
}