{
    "C": 0.37069160713148436,
    "gamma": 0.0015090115888491571
}