{
    "C": 0.035016286391519096,
    "gamma": 0.0014521860538548382
}