{
    "C": 4.111878161772668,
    "gamma": 0.001401757857390023
}