{
    "n_estimators": 40,
    "max_depth": 5,
    "gamma": 0.17962098877423716,
    "subsample": 0.8185311023645913,
    "colsample_bytree": 0.7898330861721071
}