{
    "n_estimators": 10,
    "max_depth": 5,
    "gamma": 0.4581223113468451,
    "subsample": 0.7632362955191215,
    "colsample_bytree": 0.6787751419654664
}