{
    "n_estimators": 100,
    "max_depth": 30,
    "gamma": 0.9877252027363499,
    "subsample": 0.7590407305966991,
    "colsample_bytree": 0.6801021497026002
}