{
    "C": 14.535259838076227,
    "gamma": 0.0024142507594790558
}