{
    "C": 17.827135128797682,
    "gamma": 0.011850543896609115
}