{
    "n_estimators": 10,
    "max_depth": 5,
    "gamma": 0.6069653032580499,
    "subsample": 0.9331617591769941,
    "colsample_bytree": 0.8645821142298491
}