{
    "C": 1.5302197592092557,
    "gamma": 0.0006034881455384803
}