{
    "C": 1.4718770976440785,
    "gamma": 0.0004828531456817256
}