{
    "n_estimators": 40,
    "max_depth": 5,
    "gamma": 0.45181489894846527,
    "subsample": 0.5984440136229446,
    "colsample_bytree": 0.6491831672771857
}