{
    "C": 16.064501347556867,
    "gamma": 0.18665079792838513
}