{
    "n_estimators": 40,
    "max_depth": 30,
    "gamma": 0.13156137838448084,
    "subsample": 0.5762041532256756,
    "colsample_bytree": 0.9096091638753034
}