{
    "C": 0.33429927231282747,
    "gamma": 0.003211354172144371
}