{
    "C": 81.53964599318184,
    "gamma": 0.004022338269812504
}