{
    "C": 0.28044003936467465,
    "gamma": 0.03683738048780853
}