{
    "n_estimators": 40,
    "max_depth": 5,
    "gamma": 0.5138806810753698,
    "subsample": 0.914619383282038,
    "colsample_bytree": 0.566609667722446
}