{
    "n_estimators": 40,
    "max_depth": 5,
    "gamma": 0.7850228830073764,
    "subsample": 0.7197982710011734,
    "colsample_bytree": 0.6716879526192322
}