{
    "C": 96.80278171389716,
    "gamma": 0.00574730113089107
}