{
    "C": 36.51524935127571,
    "gamma": 0.0006466996850356296
}