{
    "C": 0.02193874170700915,
    "gamma": 0.0014968249242377914
}