{
    "n_estimators": 40,
    "max_depth": 5,
    "gamma": 0.44300954879266374,
    "subsample": 0.7756151396882981,
    "colsample_bytree": 0.6212751218076011
}