{
    "C": 0.13388972952101935,
    "gamma": 0.007813284115410976
}