{
    "n_estimators": 40,
    "max_depth": 20,
    "gamma": 0.2602894101312718,
    "subsample": 0.7302949792791283,
    "colsample_bytree": 0.9964349874308419
}