{
    "n_estimators": 100,
    "max_depth": 5,
    "gamma": 0.5978674309533134,
    "subsample": 0.8097535825914212,
    "colsample_bytree": 0.6241273532439622
}