{
    "C": 0.21539854926245583,
    "gamma": 0.020215852356631463
}