{
    "C": 0.1538870258903583,
    "gamma": 0.0005634883151169033
}