{
    "C": 6.54766672260705,
    "gamma": 0.003349772779490411
}