{
    "C": 17.316323356735534,
    "gamma": 0.0025821586760840375
}