{
    "C": 96.0024957934498,
    "gamma": 0.0006214780768340414
}