{
    "C": 0.03506073105124921,
    "gamma": 0.0021569712925860077
}