{
    "n_estimators": 40,
    "max_depth": 20,
    "gamma": 0.3942127449499216,
    "subsample": 0.7341683466320832,
    "colsample_bytree": 0.8278672634615978
}