{
    "n_estimators": 10,
    "max_depth": 30,
    "gamma": 0.32881610904603026,
    "subsample": 0.9096198641573041,
    "colsample_bytree": 0.9386124603132948
}