{
    "C": 2.0531478757798123,
    "gamma": 0.0026344439444966144
}