{
    "C": 6.987631390531832,
    "gamma": 0.012485669359192061
}