{
    "n_estimators": 100,
    "max_depth": 30,
    "gamma": 0.8736086643978022,
    "subsample": 0.8920930480425775,
    "colsample_bytree": 0.8092894585829526
}