{
    "C": 22.14902718552414,
    "gamma": 0.02260417408869081
}