{
    "C": 91.4420302328549,
    "gamma": 0.002575163204416118
}