{
    "n_estimators": 40,
    "max_depth": 5,
    "gamma": 0.6932621211313685,
    "subsample": 0.8658593923260336,
    "colsample_bytree": 0.6247539030921004
}