{
    "C": 6.4743221116071865,
    "gamma": 0.08841936529268563
}