{
    "C": 99.25030810254107,
    "gamma": 0.001506652594453945
}