{
    "C": 4.559669623545777,
    "gamma": 0.0032428988796057235
}