{
    "C": 9.911881008660336,
    "gamma": 0.00029098956014995996
}