{
    "n_estimators": 40,
    "max_depth": 20,
    "gamma": 0.666411952931429,
    "subsample": 0.8673441704217121,
    "colsample_bytree": 0.8877091096947463
}