{
    "C": 29.21164832358457,
    "gamma": 0.0015890784736609018
}