{
    "n_estimators": 100,
    "max_depth": 30,
    "gamma": 0.5546312391204661,
    "subsample": 0.6127132631447707,
    "colsample_bytree": 0.7999551990936543
}