{
    "C": 51.44545570146577,
    "gamma": 0.0008825535850754143
}