{
    "C": 67.91399116042024,
    "gamma": 0.00022409772475655642
}