{
    "n_estimators": 10,
    "max_depth": 30,
    "gamma": 0.8732983800581844,
    "subsample": 0.5686027666375084,
    "colsample_bytree": 0.750076526572224
}