{
    "C": 23.640745292867578,
    "gamma": 0.020894049921287974
}