{
    "n_estimators": 10,
    "max_depth": 5,
    "gamma": 0.8037523775798681,
    "subsample": 0.9899457651138078,
    "colsample_bytree": 0.796633869548603
}