{
    "C": 3.6626032504545654,
    "gamma": 0.0038129488330640236
}