{
    "C": 21.325720578576277,
    "gamma": 0.0013554556243380053
}