{
    "C": 7.949279334915836,
    "gamma": 0.04911212549272608
}