{
    "C": 14.253404371595558,
    "gamma": 0.0004860512068589269
}