{
    "n_estimators": 40,
    "max_depth": 30,
    "gamma": 0.9953182577057711,
    "subsample": 0.9053890522348984,
    "colsample_bytree": 0.5914947102266559
}