{
    "C": 1.7125666897308374,
    "gamma": 0.030807192891035503
}