{
    "n_estimators": 100,
    "max_depth": 20,
    "gamma": 0.1118487397978592,
    "subsample": 0.6589163560813598,
    "colsample_bytree": 0.5093819326069964
}