{
    "C": 6.19054260323489,
    "gamma": 0.002848157969867787
}