{
    "n_estimators": 40,
    "max_depth": 5,
    "gamma": 0.16418457561151337,
    "subsample": 0.5323132688578716,
    "colsample_bytree": 0.9537563748542748
}