{
    "n_estimators": 40,
    "max_depth": 5,
    "gamma": 0.342639042602621,
    "subsample": 0.630584841198532,
    "colsample_bytree": 0.832165814276908
}