{
    "n_estimators": 100,
    "max_depth": 5,
    "gamma": 0.7505727598996704,
    "subsample": 0.7057684713792227,
    "colsample_bytree": 0.5454943376333311
}