{
    "C": 3.6741686940320193,
    "gamma": 0.00026062978441321907
}