{
    "C": 45.798516956197446,
    "gamma": 0.00018792537542228134
}