{
    "C": 1.6638857990919569,
    "gamma": 0.03156268978756263
}