{
    "C": 0.9114226761685729,
    "gamma": 0.06186021433848218
}