{
    "C": 92.23644540947807,
    "gamma": 0.011909289385431307
}