{
    "C": 18.452444206427103,
    "gamma": 0.002976388763513455
}