{
    "n_estimators": 40,
    "max_depth": 20,
    "gamma": 0.8433987056671728,
    "subsample": 0.635367766851392,
    "colsample_bytree": 0.5939969842199542
}