{
    "C": 50.33728934850412,
    "gamma": 0.007031005351796982
}