{
    "C": 52.39898543255597,
    "gamma": 0.002373896958914809
}