{
    "C": 54.579214468253845,
    "gamma": 0.027599759422159698
}