{
    "C": 33.06848356102567,
    "gamma": 0.0006034881455384803
}