{
    "C": 5.171700996006504,
    "gamma": 0.0023627563740248516
}