{
    "n_estimators": 100,
    "max_depth": 20,
    "gamma": 0.10945821381604734,
    "subsample": 0.888589545084104,
    "colsample_bytree": 0.7159221416260655
}