{
    "C": 36.803299407580774,
    "gamma": 0.00505120394393324
}