{
    "n_estimators": 100,
    "max_depth": 5,
    "gamma": 0.7085675984472257,
    "subsample": 0.5091640219287279,
    "colsample_bytree": 0.8409676627597993
}