{
    "C": 85.47574934107325,
    "gamma": 0.0001710093617805205
}