{
    "C": 76.41640469103038,
    "gamma": 0.0049299013158291775
}