{
    "C": 2.047358622186176,
    "gamma": 0.0008279142224643126
}