{
    "C": 0.021688953850108893,
    "gamma": 0.0024098752433673273
}