{
    "C": 0.19093032468665563,
    "gamma": 0.0006557830819013351
}