{
    "n_estimators": 10,
    "max_depth": 30,
    "gamma": 0.3970230307893301,
    "subsample": 0.7985123678891478,
    "colsample_bytree": 0.6683043858236231
}