{
    "n_estimators": 100,
    "max_depth": 30,
    "gamma": 0.19287949618677042,
    "subsample": 0.9042593062704539,
    "colsample_bytree": 0.6784129810436434
}