{
    "n_estimators": 100,
    "max_depth": 20,
    "gamma": 0.3333905570552963,
    "subsample": 0.8584150271620171,
    "colsample_bytree": 0.7414519079256447
}