{
    "C": 1.9153096075185214,
    "gamma": 0.00013925331073695235
}