{
    "C": 6.48642555359081,
    "gamma": 0.004756141242260672
}