{
    "C": 25.906669958535048,
    "gamma": 0.0003018162491057869
}