{
    "n_estimators": 10,
    "max_depth": 30,
    "gamma": 0.5549594265687077,
    "subsample": 0.5905737153553566,
    "colsample_bytree": 0.8604557310580807
}