{
    "n_estimators": 40,
    "max_depth": 20,
    "gamma": 0.8967965190973898,
    "subsample": 0.7814635006463444,
    "colsample_bytree": 0.9179294108932289
}