{
    "C": 2.40491685617932,
    "gamma": 0.09988698809875927
}