{
    "C": 0.7926226892378493,
    "gamma": 0.0003138434653740264
}