{
    "C": 15.416515771907392,
    "gamma": 0.0009052949819976182
}