{
    "C": 1.2340220765550252,
    "gamma": 0.006458035186433266
}