{
    "C": 0.7190188705773186,
    "gamma": 0.004271625499664846
}