{
    "C": 13.447805301756258,
    "gamma": 0.0024542906510184384
}