{
    "C": 43.1252059100361,
    "gamma": 0.0004110133670845311
}