{
    "C": 1.0046873524806599,
    "gamma": 0.027351184000379655
}