{
    "n_estimators": 100,
    "max_depth": 5,
    "gamma": 0.3993504654222973,
    "subsample": 0.786353179653515,
    "colsample_bytree": 0.7769329276091451
}