{
    "n_estimators": 100,
    "max_depth": 5,
    "gamma": 0.11223014686621774,
    "subsample": 0.7488607580514561,
    "colsample_bytree": 0.6002878017936444
}