{
    "C": 98.21295839990096,
    "gamma": 0.0003592920820032213
}