{
    "C": 93.89262477674235,
    "gamma": 0.0004671085861574632
}