{
    "n_estimators": 40,
    "max_depth": 20,
    "gamma": 0.3523995928579646,
    "subsample": 0.8946396642257443,
    "colsample_bytree": 0.551613003288821
}