{
    "C": 41.769851375525086,
    "gamma": 0.00040674389185767413
}