{
    "n_estimators": 100,
    "max_depth": 30,
    "gamma": 0.1000994233659313,
    "subsample": 0.7706343257995896,
    "colsample_bytree": 0.9982521751661444
}