{
    "C": 13.216020967637082,
    "gamma": 0.0015550119929728658
}