{
    "C": 53.09371066915549,
    "gamma": 0.0009255666386576473
}