{
    "C": 15.14001518786529,
    "gamma": 0.004864669630019368
}