{
    "n_estimators": 40,
    "max_depth": 5,
    "gamma": 0.16850420686695064,
    "subsample": 0.5011989732104154,
    "colsample_bytree": 0.5638359957753806
}