{
    "C": 99.37151636018315,
    "gamma": 0.0006797520543074843
}