{
    "n_estimators": 100,
    "max_depth": 5,
    "gamma": 0.9108492157104182,
    "subsample": 0.8553724803096638,
    "colsample_bytree": 0.9302631426951067
}