{
    "C": 0.22087040555322462,
    "gamma": 0.0002041394696749106
}