{
    "n_estimators": 100,
    "max_depth": 5,
    "gamma": 0.42136136473785685,
    "subsample": 0.9367159645070493,
    "colsample_bytree": 0.6735042672265268
}