{
    "C": 91.35383401817651,
    "gamma": 0.0014203679979741721
}