{
    "C": 0.021991843159635923,
    "gamma": 0.004195514011926143
}