{
    "n_estimators": 10,
    "max_depth": 5,
    "gamma": 0.5483006972456749,
    "subsample": 0.7101475855096414,
    "colsample_bytree": 0.8558935397083869
}