{
    "C": 45.850539984171185,
    "gamma": 0.00721279695184076
}