{
    "n_estimators": 100,
    "max_depth": 5,
    "gamma": 0.7583908572863505,
    "subsample": 0.5023703249958074,
    "colsample_bytree": 0.7035161156991822
}