{
    "C": 40.48594082395665,
    "gamma": 0.004267760102593318
}