{
    "n_estimators": 40,
    "max_depth": 20,
    "gamma": 0.7370669328738476,
    "subsample": 0.5005044321862977,
    "colsample_bytree": 0.5322903435419324
}