{
    "n_estimators": 100,
    "max_depth": 30,
    "gamma": 0.14652420766939808,
    "subsample": 0.7882149445367822,
    "colsample_bytree": 0.774073623852926
}