{
    "n_estimators": 40,
    "max_depth": 5,
    "gamma": 0.15569452737760503,
    "subsample": 0.6689295828056137,
    "colsample_bytree": 0.617081554997877
}