{
    "C": 0.04646280084231645,
    "gamma": 0.3267656089424253
}