{
    "C": 8.612227744069752,
    "gamma": 0.07627141740728324
}