{
    "C": 0.6238406571286251,
    "gamma": 0.023546190358157627
}