{
    "C": 0.36923517955092133,
    "gamma": 0.0024783840412807372
}