{
    "C": 21.07931739722694,
    "gamma": 0.00017425307893149554
}