{
    "n_estimators": 10,
    "max_depth": 5,
    "gamma": 0.18997076015367287,
    "subsample": 0.7846688558790177,
    "colsample_bytree": 0.7319253896229665
}