{
    "C": 0.14977379286109724,
    "gamma": 0.021199766339550553
}