{
    "C": 99.32677443010621,
    "gamma": 0.00039092140210845056
}