{
    "C": 37.87316808512878,
    "gamma": 0.0008247189150022219
}