{
    "C": 9.43603995848567,
    "gamma": 0.004442829277905517
}