{
    "C": 21.134192924647365,
    "gamma": 0.0015791336637091622
}