{
    "n_estimators": 100,
    "max_depth": 30,
    "gamma": 0.21368860746262652,
    "subsample": 0.9970428411463778,
    "colsample_bytree": 0.5002323137955368
}