{
    "n_estimators": 100,
    "max_depth": 5,
    "gamma": 0.17150092918063464,
    "subsample": 0.7250125933690442,
    "colsample_bytree": 0.9429417356557224
}