{
    "n_estimators": 40,
    "max_depth": 5,
    "gamma": 0.3663490261337749,
    "subsample": 0.6808118520164819,
    "colsample_bytree": 0.774665187620459
}