{
    "C": 83.69550958536212,
    "gamma": 0.00045350427362827154
}