{
    "C": 0.018574335584703686,
    "gamma": 0.025025339382276027
}