{
    "n_estimators": 40,
    "max_depth": 5,
    "gamma": 0.7634508869434558,
    "subsample": 0.9050475797323713,
    "colsample_bytree": 0.617081554997877
}