{
    "n_estimators": 40,
    "max_depth": 20,
    "gamma": 0.3492965101159376,
    "subsample": 0.697195733007174,
    "colsample_bytree": 0.5805796057328212
}