{
    "C": 32.70083492900894,
    "gamma": 0.021749004399242718
}