{
    "n_estimators": 10,
    "max_depth": 5,
    "gamma": 0.23071656323573841,
    "subsample": 0.5278706898850167,
    "colsample_bytree": 0.823173226365259
}