{
    "C": 97.34912765409887,
    "gamma": 0.0007421685904225606
}