{
    "n_estimators": 40,
    "max_depth": 5,
    "gamma": 0.15385905370829656,
    "subsample": 0.6134220700607393,
    "colsample_bytree": 0.9903781753197781
}