{
    "C": 4.220165247867255,
    "gamma": 0.00013348288384337466
}