{
    "n_estimators": 100,
    "max_depth": 30,
    "gamma": 0.9126523465242573,
    "subsample": 0.8677165176066904,
    "colsample_bytree": 0.7787949526153648
}