{
    "n_estimators": 10,
    "max_depth": 5,
    "gamma": 0.6957863617726492,
    "subsample": 0.6667149307361668,
    "colsample_bytree": 0.5350515701449556
}