{
    "C": 97.94086146731541,
    "gamma": 0.015906000665267678
}