{
    "C": 11.21458522704177,
    "gamma": 0.025940036602281405
}