{
    "n_estimators": 40,
    "max_depth": 5,
    "gamma": 0.6652457391694657,
    "subsample": 0.9615420873438094,
    "colsample_bytree": 0.9764826033846178
}