{
    "C": 97.33408472655464,
    "gamma": 0.00029661017442401895
}