{
    "C": 54.94033535042858,
    "gamma": 0.0004098429879796752
}