{
    "n_estimators": 10,
    "max_depth": 20,
    "gamma": 0.40332650840036227,
    "subsample": 0.793420471960244,
    "colsample_bytree": 0.632840069828997
}