{
    "C": 36.23670397982074,
    "gamma": 0.0024852451889853136
}