{
    "C": 2.9057870173010323,
    "gamma": 0.00885258997009229
}