{
    "C": 91.23077264550632,
    "gamma": 0.00011858898671478742
}