{
    "n_estimators": 40,
    "max_depth": 5,
    "gamma": 0.25584887934635336,
    "subsample": 0.5374742935065535,
    "colsample_bytree": 0.8003713606888847
}