{
    "C": 23.73038792356522,
    "gamma": 0.02420043051743676
}