{
    "n_estimators": 100,
    "max_depth": 5,
    "gamma": 0.7912159117563827,
    "subsample": 0.8672886392732249,
    "colsample_bytree": 0.8604557310580807
}