{
    "n_estimators": 100,
    "max_depth": 5,
    "gamma": 0.11701644856579113,
    "subsample": 0.8823929545981581,
    "colsample_bytree": 0.5982396169938529
}