{
    "C": 93.801215369233,
    "gamma": 0.02724864052228938
}