{
    "n_estimators": 40,
    "max_depth": 5,
    "gamma": 0.3307025398933852,
    "subsample": 0.7520777965931741,
    "colsample_bytree": 0.737370241549835
}