{
    "C": 98.21909995977069,
    "gamma": 0.00042952554993637567
}