{
    "n_estimators": 40,
    "max_depth": 5,
    "gamma": 0.5892718790795705,
    "subsample": 0.8679436673166743,
    "colsample_bytree": 0.9663580848950617
}