{
    "C": 3.2400138700754937,
    "gamma": 0.0012329400431479562
}