{
    "C": 1.704944462869819,
    "gamma": 0.0015477905543521098
}