{
    "n_estimators": 100,
    "max_depth": 20,
    "gamma": 0.9771015378471993,
    "subsample": 0.9530640737248609,
    "colsample_bytree": 0.9505190728729863
}