{
    "C": 65.43529602053565,
    "gamma": 0.014145473258685273
}