{
    "n_estimators": 100,
    "max_depth": 5,
    "gamma": 0.10664688114309917,
    "subsample": 0.7544779959401693,
    "colsample_bytree": 0.5024694428568589
}