{
    "C": 53.98547287493042,
    "gamma": 0.00736904610211136
}