{
    "n_estimators": 40,
    "max_depth": 5,
    "gamma": 0.10278176245750642,
    "subsample": 0.630494756744335,
    "colsample_bytree": 0.5054719842972808
}