{
    "C": 0.6713344751393896,
    "gamma": 0.021765819212399923
}