{
    "n_estimators": 40,
    "max_depth": 5,
    "gamma": 0.2575613550262264,
    "subsample": 0.7199377178026422,
    "colsample_bytree": 0.500611799344389
}