{
    "n_estimators": 100,
    "max_depth": 5,
    "gamma": 0.628066003212326,
    "subsample": 0.5143009987498732,
    "colsample_bytree": 0.8293617217674324
}