{
    "C": 5.480319725236329,
    "gamma": 0.0002872344740063589
}