{
    "C": 0.3854878652286457,
    "gamma": 0.006326201373814611
}