{
    "C": 0.07137422643361827,
    "gamma": 0.006434219125545069
}