{
    "n_estimators": 10,
    "max_depth": 30,
    "gamma": 0.7268587225773182,
    "subsample": 0.7439684603047483,
    "colsample_bytree": 0.6400838023005708
}