{
    "C": 0.21454096508597484,
    "gamma": 0.08429508200655253
}