{
    "n_estimators": 100,
    "max_depth": 5,
    "gamma": 0.3968700597025643,
    "subsample": 0.6547588674775026,
    "colsample_bytree": 0.5790840207884497
}