{
    "C": 81.12923530075145,
    "gamma": 0.002844798241693991
}