{
    "C": 9.857053181414612,
    "gamma": 0.00019722730658798085
}