{
    "C": 0.12290679322100931,
    "gamma": 0.06801989490404457
}