{
    "C": 1.009689681898311,
    "gamma": 0.0031745565220561794
}