{
    "n_estimators": 100,
    "max_depth": 20,
    "gamma": 0.26626655377772473,
    "subsample": 0.796026257311989,
    "colsample_bytree": 0.8929872909916408
}