{
    "C": 19.43502589200505,
    "gamma": 0.00018323629585262105
}