{
    "C": 2.8534145390700965,
    "gamma": 0.0022955813116060423
}