{
    "C": 0.6929034121225705,
    "gamma": 0.006630396482246985
}