{
    "C": 0.5063339542595402,
    "gamma": 0.0032996208218802154
}