{
    "C": 84.80889875275753,
    "gamma": 0.07549932944999284
}