{
    "C": 0.01062662298249263,
    "gamma": 0.10841385381807059
}