{
    "n_estimators": 10,
    "max_depth": 20,
    "gamma": 0.10905190715668764,
    "subsample": 0.7427092193639985,
    "colsample_bytree": 0.8321320588950459
}