{
    "C": 2.54748502786489,
    "gamma": 0.00044649736074511555
}