{
    "n_estimators": 100,
    "max_depth": 30,
    "gamma": 0.18343563428384324,
    "subsample": 0.9114445114439261,
    "colsample_bytree": 0.6920446420479368
}