{
    "C": 1.389284181523347,
    "gamma": 0.0031025925448485365
}