{
    "n_estimators": 40,
    "max_depth": 20,
    "gamma": 0.211576244230668,
    "subsample": 0.5008600456853914,
    "colsample_bytree": 0.7996093775214428
}