{
    "C": 22.84629816036065,
    "gamma": 0.00010092842998087056
}