{
    "C": 33.85447636776117,
    "gamma": 0.03674647070011504
}