{
    "n_estimators": 100,
    "max_depth": 5,
    "gamma": 0.9022401400989966,
    "subsample": 0.7995524612432585,
    "colsample_bytree": 0.8690333730534674
}