{
    "n_estimators": 100,
    "max_depth": 20,
    "gamma": 0.39004847035190854,
    "subsample": 0.6589163560813598,
    "colsample_bytree": 0.6294559968328732
}