{
    "C": 35.74408799319617,
    "gamma": 0.0008071125684913898
}