{
    "n_estimators": 100,
    "max_depth": 20,
    "gamma": 0.2168734427739622,
    "subsample": 0.7196988871250867,
    "colsample_bytree": 0.8824244748561328
}