{
    "C": 93.69790141693906,
    "gamma": 0.002370173372602351
}