{
    "C": 98.12029538194871,
    "gamma": 0.0017231510469249143
}