{
    "n_estimators": 40,
    "max_depth": 5,
    "gamma": 0.34771431817882137,
    "subsample": 0.8091124085293848,
    "colsample_bytree": 0.7093496863567759
}