{
    "C": 26.08264011402868,
    "gamma": 0.0045603225007865905
}