{
    "C": 78.14751047642692,
    "gamma": 0.001967469560760886
}