{
    "C": 52.728035392720486,
    "gamma": 0.007246570103488095
}