{
    "n_estimators": 100,
    "max_depth": 5,
    "gamma": 0.11747018931448144,
    "subsample": 0.8867500478916162,
    "colsample_bytree": 0.6339534905975921
}