{
    "C": 0.10889546346648192,
    "gamma": 0.004575144213391389
}