{
    "C": 4.07310148595446,
    "gamma": 0.6436274914679802
}