{
    "n_estimators": 40,
    "max_depth": 20,
    "gamma": 0.8972851686055978,
    "subsample": 0.8565139654370499,
    "colsample_bytree": 0.9933840889987662
}