{
    "C": 0.03640440383641323,
    "gamma": 0.0019158153902007163
}