{
    "C": 29.935024221550105,
    "gamma": 0.00537282811408469
}