{
    "C": 2.006064453431551,
    "gamma": 0.00924692991449111
}