{
    "C": 7.6792813263356585,
    "gamma": 0.03476949307408031
}