{
    "C": 19.92708573228686,
    "gamma": 0.00935638535958938
}