{
    "C": 1.9453872969125559,
    "gamma": 0.04355662381274314
}