{
    "C": 26.64196097984421,
    "gamma": 0.00042072752878648235
}