{
    "n_estimators": 100,
    "max_depth": 30,
    "gamma": 0.355001213837357,
    "subsample": 0.921689714688123,
    "colsample_bytree": 0.5149498340131038
}