{
    "C": 3.666546086695387,
    "gamma": 0.0015908008968132754
}