{
    "C": 2.849918964969662,
    "gamma": 0.0107351945028506
}