{
    "C": 0.7303967490253687,
    "gamma": 0.007436300987576005
}