{
    "C": 51.02010136091842,
    "gamma": 0.002603529519728059
}