{
    "C": 7.395043110744531,
    "gamma": 0.012976866325492246
}