{
    "C": 33.09391330085814,
    "gamma": 0.001248377256719358
}