{
    "C": 77.12553799790729,
    "gamma": 0.00027036941507994845
}