{
    "C": 4.220165247867255,
    "gamma": 0.0011908730945684109
}