{
    "C": 87.30605396446963,
    "gamma": 0.0016187253576321285
}