{
    "C": 0.012918793550613768,
    "gamma": 0.0030182620222474455
}