{
    "C": 37.67993219611561,
    "gamma": 0.002242047056634517
}