{
    "C": 87.34973046713372,
    "gamma": 0.05781738413203545
}