{
    "n_estimators": 100,
    "max_depth": 5,
    "gamma": 0.19589734426104327,
    "subsample": 0.7324065303816505,
    "colsample_bytree": 0.5645910926884011
}