{
    "C": 11.757762049058291,
    "gamma": 0.001369368832752929
}