{
    "n_estimators": 40,
    "max_depth": 30,
    "gamma": 0.20456472448364948,
    "subsample": 0.5011191823417127,
    "colsample_bytree": 0.9499376796637525
}