{
    "C": 4.973524196589867,
    "gamma": 0.03756885916510927
}