{
    "C": 1.3321971835216613,
    "gamma": 0.034190620430313
}