{
    "C": 17.49890777808153,
    "gamma": 0.0014992167260611303
}