{
    "C": 21.352035237173535,
    "gamma": 0.007237689452534829
}