{
    "C": 0.4901066707267718,
    "gamma": 0.0015878327368418902
}