{
    "C": 75.06005250183739,
    "gamma": 0.0026107495726150915
}