{
    "C": 34.271082331352574,
    "gamma": 0.0027883033876015023
}