{
    "C": 0.2707315542916482,
    "gamma": 0.16168673020669627
}