{
    "n_estimators": 100,
    "max_depth": 5,
    "gamma": 0.6910489700646023,
    "subsample": 0.6994567701722315,
    "colsample_bytree": 0.7981238845544671
}