{
    "n_estimators": 100,
    "max_depth": 5,
    "gamma": 0.82113879357303,
    "subsample": 0.664206368045113,
    "colsample_bytree": 0.8124835244180482
}