{
    "C": 18.248192802886052,
    "gamma": 0.4572526295204035
}