{
    "C": 40.60489306498362,
    "gamma": 0.0023523853108086477
}