{
    "n_estimators": 10,
    "max_depth": 30,
    "gamma": 0.9738892144312379,
    "subsample": 0.8976879025717761,
    "colsample_bytree": 0.5024478216902863
}