{
    "C": 0.019549792750878786,
    "gamma": 0.033736483455164556
}