{
    "C": 11.242120056341049,
    "gamma": 0.01621402763834474
}