{
    "C": 6.826256186253721,
    "gamma": 0.0020960851336609848
}