{
    "C": 0.01848130397252679,
    "gamma": 0.0001473699010596819
}