{
    "C": 1.8504062470868823,
    "gamma": 0.0013418731556091856
}