{
    "C": 0.08563805654542256,
    "gamma": 0.05208206501153224
}