{
    "C": 81.53964599318184,
    "gamma": 0.002807178067023668
}