{
    "C": 2.5859018553610795,
    "gamma": 0.0153156315095964
}