{
    "n_estimators": 40,
    "max_depth": 20,
    "gamma": 0.10411698602229182,
    "subsample": 0.5099213149130797,
    "colsample_bytree": 0.6131189075926803
}