{
    "n_estimators": 100,
    "max_depth": 5,
    "gamma": 0.24613292734697734,
    "subsample": 0.9398857811081716,
    "colsample_bytree": 0.6554304664934572
}