{
    "n_estimators": 10,
    "max_depth": 20,
    "gamma": 0.18343563428384324,
    "subsample": 0.8319818551537264,
    "colsample_bytree": 0.8216930349383321
}