{
    "C": 54.61079009179774,
    "gamma": 0.0011605703111941875
}