{
    "C": 99.36673287136274,
    "gamma": 0.02164982974098412
}