{
    "C": 20.06857428413061,
    "gamma": 0.0012874355299937721
}