{
    "C": 74.25281392423697,
    "gamma": 0.0011256889896713374
}