{
    "C": 1.0458125318908917,
    "gamma": 0.0014667170583338189
}