{
    "C": 0.05090324968099003,
    "gamma": 0.00025275494378164664
}