{
    "n_estimators": 10,
    "max_depth": 30,
    "gamma": 0.5299926855017165,
    "subsample": 0.706507148677669,
    "colsample_bytree": 0.6409917082281029
}