{
    "C": 0.17275362039000733,
    "gamma": 0.04450051100995042
}