{
    "C": 85.74606111573736,
    "gamma": 0.02139054182492496
}