{
    "C": 51.15581696102426,
    "gamma": 0.007942192800268425
}