{
    "C": 36.439402889067054,
    "gamma": 0.033537874684231625
}