{
    "C": 0.026378107407870187,
    "gamma": 0.04932693121040123
}