{
    "C": 2.403289957868734,
    "gamma": 0.02789597110578126
}