{
    "C": 1.2322495987505253,
    "gamma": 0.008195343912941565
}