{
    "C": 86.0491638060693,
    "gamma": 0.0004475014305726624
}