{
    "n_estimators": 100,
    "max_depth": 20,
    "gamma": 0.4604663653701822,
    "subsample": 0.859719775085683,
    "colsample_bytree": 0.796865162084553
}