{
    "C": 99.51270395773729,
    "gamma": 0.00199365200359309
}