{
    "n_estimators": 100,
    "max_depth": 30,
    "gamma": 0.10018470988393513,
    "subsample": 0.6865231423340682,
    "colsample_bytree": 0.6321882957627458
}