{
    "C": 2.7644163332714093,
    "gamma": 0.01676167448945315
}