{
    "C": 7.366423069356756,
    "gamma": 0.0009405954924917268
}