{
    "n_estimators": 10,
    "max_depth": 20,
    "gamma": 0.4529388708152262,
    "subsample": 0.5355747542094993,
    "colsample_bytree": 0.9720833380650835
}