{
    "C": 27.496564789294712,
    "gamma": 0.00035595667914938077
}