{
    "C": 26.00669578043712,
    "gamma": 0.007898015218958639
}