{
    "C": 98.50551524750527,
    "gamma": 0.00028167183244147377
}