{
    "C": 46.72209228814696,
    "gamma": 0.0003670783003891807
}