{
    "C": 29.461368490224995,
    "gamma": 0.0009668718644884859
}