{
    "n_estimators": 100,
    "max_depth": 30,
    "gamma": 0.2956484745467342,
    "subsample": 0.7410410523409167,
    "colsample_bytree": 0.8070245660495573
}