{
    "C": 3.8121831149644745,
    "gamma": 0.006638449540744291
}