{
    "C": 12.048417243940191,
    "gamma": 0.00028349897517307307
}