{
    "n_estimators": 100,
    "max_depth": 5,
    "gamma": 0.6938593553614454,
    "subsample": 0.5009078887277232,
    "colsample_bytree": 0.8000794293519036
}