{
    "C": 3.164934055412147,
    "gamma": 0.06738390259042788
}