{
    "C": 98.71786511335563,
    "gamma": 0.006758530067852841
}