{
    "n_estimators": 100,
    "max_depth": 5,
    "gamma": 0.10473441879200845,
    "subsample": 0.6505813967693709,
    "colsample_bytree": 0.7763250605678037
}