{
    "C": 39.42232033725571,
    "gamma": 0.031935505494117784
}