{
    "n_estimators": 100,
    "max_depth": 5,
    "gamma": 0.11037586582888315,
    "subsample": 0.7216062725336696,
    "colsample_bytree": 0.5462036004690827
}