{
    "C": 31.146304829403284,
    "gamma": 0.0019251809544920723
}