{
    "n_estimators": 100,
    "max_depth": 20,
    "gamma": 0.9715055926579317,
    "subsample": 0.5401184269040378,
    "colsample_bytree": 0.6030867914628184
}