{
    "C": 2.346969094807713,
    "gamma": 0.0004765733385142488
}