{
    "C": 48.62849902772033,
    "gamma": 0.0013358388322459848
}