{
    "C": 29.35225513781255,
    "gamma": 0.003963624015592357
}