{
    "C": 63.91905094014919,
    "gamma": 0.12972372940958093
}