{
    "C": 96.63850971111842,
    "gamma": 0.005299112101379703
}