{
    "C": 0.6216892410331724,
    "gamma": 0.0003942073423716642
}