{
    "n_estimators": 10,
    "max_depth": 20,
    "gamma": 0.6577447157735579,
    "subsample": 0.9847108132462215,
    "colsample_bytree": 0.732990545128696
}