{
    "C": 94.08744118188764,
    "gamma": 0.0022355154685344725
}