{
    "n_estimators": 100,
    "max_depth": 30,
    "gamma": 0.6956076160159175,
    "subsample": 0.757292521211653,
    "colsample_bytree": 0.5004326929461982
}