{
    "C": 19.525180788233268,
    "gamma": 0.006075454418869631
}