{
    "n_estimators": 100,
    "max_depth": 30,
    "gamma": 0.8162937565898568,
    "subsample": 0.5002147386256957,
    "colsample_bytree": 0.8373150317004258
}