{
    "C": 15.560894583466824,
    "gamma": 0.0013594866034647198
}