{
    "C": 21.44592820236891,
    "gamma": 0.003030677008705694
}