{
    "C": 37.86705761098831,
    "gamma": 0.0055436822749136035
}