{
    "n_estimators": 40,
    "max_depth": 5,
    "gamma": 0.7921423273865946,
    "subsample": 0.7607073936533819,
    "colsample_bytree": 0.8396728628666321
}