{
    "C": 29.596683257078688,
    "gamma": 0.004664037407516525
}