{
    "n_estimators": 100,
    "max_depth": 5,
    "gamma": 0.1300138981882252,
    "subsample": 0.9832869262087293,
    "colsample_bytree": 0.6888666758338158
}