{
    "C": 0.5000678050824431,
    "gamma": 0.0030973116485761764
}