{
    "C": 0.10730172197940546,
    "gamma": 0.000493693635750615
}