{
    "C": 91.69122343204516,
    "gamma": 0.003003061328470697
}