{
    "C": 5.691182314821682,
    "gamma": 0.045690473440903184
}