{
    "n_estimators": 10,
    "max_depth": 30,
    "gamma": 0.5882211906920883,
    "subsample": 0.5009158505906564,
    "colsample_bytree": 0.7582271146752869
}