{
    "C": 4.220165247867255,
    "gamma": 0.001357828063872263
}