{
    "n_estimators": 100,
    "max_depth": 30,
    "gamma": 0.9681903397412062,
    "subsample": 0.8920930480425775,
    "colsample_bytree": 0.7810604068296334
}