{
    "C": 94.70835707910354,
    "gamma": 0.04806755271709491
}