{
    "C": 0.1820174210814147,
    "gamma": 0.005676806532676193
}