{
    "C": 97.63594796229309,
    "gamma": 0.0005230414537410035
}