{
    "C": 6.105174186398877,
    "gamma": 0.08999925096944351
}