{
    "n_estimators": 100,
    "max_depth": 30,
    "gamma": 0.7877441182293641,
    "subsample": 0.9694019566553859,
    "colsample_bytree": 0.6598448982335139
}