{
    "C": 41.62678510979136,
    "gamma": 0.0021634500565361698
}