{
    "C": 99.32720267423869,
    "gamma": 0.0005118018499642401
}