{
    "n_estimators": 100,
    "max_depth": 5,
    "gamma": 0.28069386661003703,
    "subsample": 0.6537768723375924,
    "colsample_bytree": 0.5181950525955716
}