{
    "C": 6.16043518649156,
    "gamma": 0.0007944105071666466
}