{
    "C": 0.45387898639622015,
    "gamma": 0.0015286910781809498
}