{
    "C": 98.20528458733092,
    "gamma": 0.0006568644190348455
}