{
    "n_estimators": 10,
    "max_depth": 20,
    "gamma": 0.7521138563414933,
    "subsample": 0.8113467514466688,
    "colsample_bytree": 0.6459869877941459
}