{
    "n_estimators": 10,
    "max_depth": 5,
    "gamma": 0.9110943665229457,
    "subsample": 0.760287761802603,
    "colsample_bytree": 0.6764401662293413
}