{
    "C": 9.207574859097136,
    "gamma": 0.002396132487659699
}