{
    "C": 4.831254357469986,
    "gamma": 0.00030945326657571913
}