{
    "C": 90.19498679187006,
    "gamma": 0.0321608020204269
}