{
    "n_estimators": 100,
    "max_depth": 30,
    "gamma": 0.4251117799186482,
    "subsample": 0.6330313380162989,
    "colsample_bytree": 0.5364045455801818
}