{
    "n_estimators": 40,
    "max_depth": 30,
    "gamma": 0.6706074276252267,
    "subsample": 0.7718248050501917,
    "colsample_bytree": 0.8493069440300759
}