{
    "n_estimators": 100,
    "max_depth": 5,
    "gamma": 0.689753787686795,
    "subsample": 0.7834080859500812,
    "colsample_bytree": 0.621442912340254
}