{
    "C": 0.0119576348113261,
    "gamma": 0.001302979227306581
}