{
    "n_estimators": 100,
    "max_depth": 20,
    "gamma": 0.13021008877294932,
    "subsample": 0.9183524469036154,
    "colsample_bytree": 0.5974822131475583
}