{
    "C": 1.4623970979595533,
    "gamma": 0.0008607978982512428
}