{
    "C": 0.017811655562582143,
    "gamma": 0.005012672738644807
}