{
    "C": 91.56730492577226,
    "gamma": 0.0004968113376659331
}