{
    "n_estimators": 10,
    "max_depth": 5,
    "gamma": 0.1118487397978592,
    "subsample": 0.5100514533026871,
    "colsample_bytree": 0.796633869548603
}