{
    "C": 11.757762049058291,
    "gamma": 0.03346359543105464
}