{
    "n_estimators": 100,
    "max_depth": 5,
    "gamma": 0.8887502370664345,
    "subsample": 0.9473033317519237,
    "colsample_bytree": 0.542522105684889
}