{
    "C": 31.598835814714818,
    "gamma": 0.004863428830294661
}