{
    "C": 1.24081100865936,
    "gamma": 0.07243202802187032
}