{
    "C": 14.543311582519577,
    "gamma": 0.013546562653035735
}