{
    "C": 0.11703753893253677,
    "gamma": 0.00010210325595767478
}