{
    "n_estimators": 100,
    "max_depth": 5,
    "gamma": 0.8609983917242179,
    "subsample": 0.7864756204777179,
    "colsample_bytree": 0.749022988264274
}