{
    "C": 51.55947123073106,
    "gamma": 0.0014203679979741721
}