{
    "n_estimators": 40,
    "max_depth": 5,
    "gamma": 0.9110943665229457,
    "subsample": 0.8487004779441583,
    "colsample_bytree": 0.5354427761660837
}