{
    "C": 5.640185802122362,
    "gamma": 0.00151481885012719
}