{
    "C": 1.9032282144569628,
    "gamma": 0.006590488147866771
}