{
    "C": 28.820562677570717,
    "gamma": 0.00895160258822814
}