{
    "C": 39.39174091008882,
    "gamma": 0.001329626823555603
}