{
    "n_estimators": 100,
    "max_depth": 5,
    "gamma": 0.9393964566046923,
    "subsample": 0.6577655923385094,
    "colsample_bytree": 0.5000238171213811
}