{
    "C": 11.163354797803153,
    "gamma": 0.00010788786050708337
}