{
    "C": 4.367340661356544,
    "gamma": 0.00010049246733455315
}