{
    "C": 94.81850522199632,
    "gamma": 0.008529497585479981
}