{
    "C": 26.582060291160705,
    "gamma": 0.012991142037283224
}