{
    "C": 10.400659562623774,
    "gamma": 0.0033895023728977886
}