{
    "C": 19.029737066374768,
    "gamma": 0.004495766421289856
}