{
    "C": 37.08266522034464,
    "gamma": 0.001539094088353951
}