{
    "n_estimators": 40,
    "max_depth": 5,
    "gamma": 0.2945305396815391,
    "subsample": 0.6317922570740453,
    "colsample_bytree": 0.7053841372283346
}