{
    "C": 2.1325142075775787,
    "gamma": 0.0003528174781968439
}