{
    "n_estimators": 100,
    "max_depth": 20,
    "gamma": 0.6579872011850163,
    "subsample": 0.935453755524325,
    "colsample_bytree": 0.79021573791513
}