{
    "n_estimators": 10,
    "max_depth": 30,
    "gamma": 0.355001213837357,
    "subsample": 0.9125321808155427,
    "colsample_bytree": 0.8040046863536088
}