{
    "C": 26.808141950329713,
    "gamma": 0.0023767348099973493
}