{
    "C": 93.22163490232688,
    "gamma": 0.0013358388322459848
}