{
    "C": 0.012452287112355437,
    "gamma": 0.0015045316528383274
}