{
    "C": 30.573033194936006,
    "gamma": 0.0008526348678545704
}