{
    "n_estimators": 100,
    "max_depth": 5,
    "gamma": 0.27123924827615953,
    "subsample": 0.9398857811081716,
    "colsample_bytree": 0.8287769548583674
}