{
    "C": 4.433553427106603,
    "gamma": 0.0022144764202373093
}