{
    "C": 0.4809265624753703,
    "gamma": 0.04306364720516022
}