{
    "C": 11.979991751708782,
    "gamma": 0.00011625729700595147
}