{
    "C": 93.90189940353473,
    "gamma": 0.0014133491713428771
}