{
    "n_estimators": 100,
    "max_depth": 5,
    "gamma": 0.41006574531631407,
    "subsample": 0.8519267393767438,
    "colsample_bytree": 0.8054962244164083
}