{
    "C": 0.6590284368706686,
    "gamma": 0.05513740717777548
}