{
    "n_estimators": 40,
    "max_depth": 5,
    "gamma": 0.827247649141114,
    "subsample": 0.9934199699349266,
    "colsample_bytree": 0.6490763490440831
}