{
    "C": 38.91243954695074,
    "gamma": 0.0012643189614358235
}