{
    "n_estimators": 40,
    "max_depth": 20,
    "gamma": 0.8409125926419854,
    "subsample": 0.904353586229134,
    "colsample_bytree": 0.8647125790755873
}