{
    "C": 3.687569468610492,
    "gamma": 0.003490693466091962
}