{
    "C": 23.073104773946035,
    "gamma": 0.0012555526449409707
}