{
    "C": 35.58769979417816,
    "gamma": 0.01120540052641483
}