{
    "n_estimators": 100,
    "max_depth": 5,
    "gamma": 0.32449491389910423,
    "subsample": 0.5568722616866852,
    "colsample_bytree": 0.9495214489812926
}