{
    "C": 91.0929126432274,
    "gamma": 0.005379507277336133
}