{
    "n_estimators": 100,
    "max_depth": 5,
    "gamma": 0.6330522612123537,
    "subsample": 0.7634366414780747,
    "colsample_bytree": 0.6012242152028843
}