{
    "n_estimators": 40,
    "max_depth": 20,
    "gamma": 0.16199342713828424,
    "subsample": 0.578119348315882,
    "colsample_bytree": 0.5069069453436845
}