{
    "n_estimators": 40,
    "max_depth": 30,
    "gamma": 0.7386178004732578,
    "subsample": 0.5375727053698955,
    "colsample_bytree": 0.7594987943744882
}