{
    "C": 12.035792665237889,
    "gamma": 0.0031775539185116566
}