{
    "C": 1.7096800058779749,
    "gamma": 0.0004860512068589269
}