{
    "C": 0.3846425022900754,
    "gamma": 0.04681097961521162
}