{
    "C": 96.8584766690975,
    "gamma": 0.0016418839569140487
}