{
    "n_estimators": 100,
    "max_depth": 20,
    "gamma": 0.3276285234708909,
    "subsample": 0.8099565896142141,
    "colsample_bytree": 0.8451695451677732
}