{
    "C": 75.42439490104475,
    "gamma": 0.00537282811408469
}