{
    "n_estimators": 100,
    "max_depth": 30,
    "gamma": 0.14728788579301572,
    "subsample": 0.7267800558856568,
    "colsample_bytree": 0.6855695144765726
}