{
    "C": 96.31442691890082,
    "gamma": 0.002878178853947208
}