{
    "n_estimators": 100,
    "max_depth": 5,
    "gamma": 0.9502856681365417,
    "subsample": 0.5451786027954882,
    "colsample_bytree": 0.9840848542967557
}