{
    "n_estimators": 100,
    "max_depth": 5,
    "gamma": 0.7798197551781508,
    "subsample": 0.7448666140065261,
    "colsample_bytree": 0.7808617230834268
}