{
    "C": 78.33974063293634,
    "gamma": 0.0028812585825225066
}