{
    "n_estimators": 100,
    "max_depth": 5,
    "gamma": 0.29800043005161103,
    "subsample": 0.5092555447804211,
    "colsample_bytree": 0.5013541727082262
}