{
    "n_estimators": 100,
    "max_depth": 5,
    "gamma": 0.6108590947025372,
    "subsample": 0.8997758293792282,
    "colsample_bytree": 0.5521868125484778
}