{
    "C": 0.05051746773353161,
    "gamma": 0.03163151983128369
}