{
    "C": 6.161194056249888,
    "gamma": 0.0020474441952827247
}