{
    "C": 0.01286916510781503,
    "gamma": 0.04806954824961596
}