{
    "n_estimators": 100,
    "max_depth": 30,
    "gamma": 0.3704207525355565,
    "subsample": 0.8976497575628551,
    "colsample_bytree": 0.6385238545520874
}