{
    "n_estimators": 40,
    "max_depth": 20,
    "gamma": 0.6112584951300768,
    "subsample": 0.8016733514062914,
    "colsample_bytree": 0.572972610712733
}