{
    "C": 1.9303722527997635,
    "gamma": 0.008146048867012985
}