{
    "C": 48.62123554709143,
    "gamma": 0.06106281159506034
}