{
    "C": 2.845894331926215,
    "gamma": 0.13478505772255286
}