{
    "n_estimators": 40,
    "max_depth": 5,
    "gamma": 0.23348345176606913,
    "subsample": 0.5684950921168834,
    "colsample_bytree": 0.5668117910565313
}