{
    "C": 9.7365324403038,
    "gamma": 0.0014440962159128635
}