{
    "C": 97.95688528653714,
    "gamma": 0.02668053200206551
}