{
    "n_estimators": 100,
    "max_depth": 5,
    "gamma": 0.21708226202196151,
    "subsample": 0.9352039567665659,
    "colsample_bytree": 0.8177092427607731
}