{
    "C": 9.69778920414827,
    "gamma": 0.001900505632657922
}