{
    "C": 31.292389017499936,
    "gamma": 0.0006511100484156108
}