{
    "C": 13.188766392638003,
    "gamma": 0.0002649551361299912
}