{
    "C": 3.6759709573199655,
    "gamma": 0.0034065602544973857
}