{
    "n_estimators": 100,
    "max_depth": 5,
    "gamma": 0.190799088443396,
    "subsample": 0.839901008241402,
    "colsample_bytree": 0.6345531236509201
}