{
    "C": 97.15272507311633,
    "gamma": 0.002531966749166381
}