{
    "n_estimators": 100,
    "max_depth": 5,
    "gamma": 0.6397877373108088,
    "subsample": 0.9128640631890954,
    "colsample_bytree": 0.9756067628572551
}