{
    "C": 91.82322065333831,
    "gamma": 0.002776338867461655
}