{
    "n_estimators": 10,
    "max_depth": 20,
    "gamma": 0.6278964403827847,
    "subsample": 0.7238777474491,
    "colsample_bytree": 0.9626224329202331
}