{
    "n_estimators": 100,
    "max_depth": 20,
    "gamma": 0.5930268196116837,
    "subsample": 0.7088878524780137,
    "colsample_bytree": 0.998354759006151
}