{
    "C": 37.47227074171296,
    "gamma": 0.0006106077267852388
}