{
    "C": 7.193970868318665,
    "gamma": 0.008041738787135993
}