{
    "C": 43.919465547688745,
    "gamma": 0.0005687616881623567
}