{
    "n_estimators": 40,
    "max_depth": 5,
    "gamma": 0.8550472055241201,
    "subsample": 0.8224439752009793,
    "colsample_bytree": 0.5428670544627212
}