{
    "C": 0.5720576994725165,
    "gamma": 0.0007797089849252371
}