{
    "C": 0.9795084329999486,
    "gamma": 0.00027440799525467983
}