{
    "C": 16.769805036944675,
    "gamma": 0.24426458288912825
}