{
    "C": 5.325166682197158,
    "gamma": 0.00022291350054297812
}