{
    "n_estimators": 100,
    "max_depth": 5,
    "gamma": 0.80926657197458,
    "subsample": 0.6924421090159372,
    "colsample_bytree": 0.5013541727082262
}