{
    "n_estimators": 40,
    "max_depth": 5,
    "gamma": 0.5958801147919773,
    "subsample": 0.9864553449374125,
    "colsample_bytree": 0.5563881076190358
}