{
    "C": 48.269841527707776,
    "gamma": 0.0002525232021244346
}