{
    "C": 1.3445305974038555,
    "gamma": 0.0008989887868115317
}