{
    "C": 34.261287735328175,
    "gamma": 0.000564162540529132
}