{
    "C": 19.404704349379223,
    "gamma": 0.0037033684796583515
}