{
    "n_estimators": 100,
    "max_depth": 30,
    "gamma": 0.2929726104099869,
    "subsample": 0.5599588245887153,
    "colsample_bytree": 0.6248841863782957
}