{
    "C": 2.0052246321899094,
    "gamma": 0.028418455737425883
}