{
    "n_estimators": 10,
    "max_depth": 5,
    "gamma": 0.1276875595339159,
    "subsample": 0.5729470432422488,
    "colsample_bytree": 0.6851935662968274
}