{
    "n_estimators": 40,
    "max_depth": 20,
    "gamma": 0.3948172633490876,
    "subsample": 0.7602255216256825,
    "colsample_bytree": 0.5105922458593428
}