{
    "n_estimators": 10,
    "max_depth": 5,
    "gamma": 0.14480694581611997,
    "subsample": 0.5833001254779522,
    "colsample_bytree": 0.6657639395899734
}