{
    "C": 12.145394293027076,
    "gamma": 0.0007333261759175959
}