{
    "n_estimators": 100,
    "max_depth": 5,
    "gamma": 0.4184099091313249,
    "subsample": 0.771206516041927,
    "colsample_bytree": 0.8458539546330811
}