{
    "n_estimators": 100,
    "max_depth": 30,
    "gamma": 0.40603904614822284,
    "subsample": 0.763393424484087,
    "colsample_bytree": 0.8738693463372534
}