{
    "n_estimators": 40,
    "max_depth": 5,
    "gamma": 0.746499455730781,
    "subsample": 0.895290200843689,
    "colsample_bytree": 0.7811003362463158
}