{
    "C": 10.724303365796558,
    "gamma": 0.04647547753079191
}