{
    "C": 0.013559172759895233,
    "gamma": 0.000284626462308486
}