{
    "C": 10.400659562623774,
    "gamma": 0.0019451814537931355
}