{
    "n_estimators": 40,
    "max_depth": 5,
    "gamma": 0.11132541504315885,
    "subsample": 0.6678536562380861,
    "colsample_bytree": 0.827775633581437
}