{
    "C": 94.55845787332619,
    "gamma": 0.00693536043678398
}