{
    "C": 30.731617823832668,
    "gamma": 0.0003742205661545732
}