{
    "C": 93.69790141693906,
    "gamma": 0.004023333967778063
}