{
    "C": 42.85746171452594,
    "gamma": 0.00035372308724210917
}