{
    "C": 39.45775422239015,
    "gamma": 0.002871856945296894
}