{
    "C": 40.779285543889735,
    "gamma": 0.0014863964571563977
}