{
    "n_estimators": 40,
    "max_depth": 5,
    "gamma": 0.7443301649884176,
    "subsample": 0.7575196800807458,
    "colsample_bytree": 0.7519493587515754
}