{
    "n_estimators": 100,
    "max_depth": 30,
    "gamma": 0.3273879186161104,
    "subsample": 0.6487293432552963,
    "colsample_bytree": 0.6417865530708933
}