{
    "C": 39.888012902589075,
    "gamma": 0.0037973717206264018
}