{
    "C": 2.4269882918537014,
    "gamma": 0.06121332119502466
}