{
    "C": 0.017638427471881504,
    "gamma": 0.09519635614092868
}