{
    "C": 94.29105349724935,
    "gamma": 0.040185370014387586
}