{
    "C": 0.35481852427257404,
    "gamma": 0.0013725835492111244
}