{
    "C": 0.026696391786953107,
    "gamma": 0.009388304378997177
}