{
    "C": 8.15155298676474,
    "gamma": 0.024818731318788565
}