{
    "n_estimators": 40,
    "max_depth": 5,
    "gamma": 0.5818209581005225,
    "subsample": 0.5053007952589881,
    "colsample_bytree": 0.6145382444075271
}