{
    "C": 90.27834558196777,
    "gamma": 0.0026760907511251247
}