{
    "C": 2.648119531914789,
    "gamma": 0.07125875564486062
}