{
    "n_estimators": 40,
    "max_depth": 5,
    "gamma": 0.7623538931081378,
    "subsample": 0.9877417928177776,
    "colsample_bytree": 0.8671588693559715
}