{
    "C": 94.4159101995665,
    "gamma": 0.005498795099435201
}