{
    "n_estimators": 10,
    "max_depth": 30,
    "gamma": 0.5683261008381103,
    "subsample": 0.8094627825618306,
    "colsample_bytree": 0.6888752766615206
}