{
    "n_estimators": 40,
    "max_depth": 5,
    "gamma": 0.9964829583311756,
    "subsample": 0.6686102603480988,
    "colsample_bytree": 0.630918180240275
}