{
    "C": 7.039396289670904,
    "gamma": 0.000582009164639594
}