{
    "C": 0.05138800387439646,
    "gamma": 0.0010182424132195104
}