{
    "C": 0.10259140415590255,
    "gamma": 0.0009349975371066614
}