{
    "C": 0.29691239727311486,
    "gamma": 0.002305316992729322
}