{
    "C": 91.15373719882479,
    "gamma": 0.0043534756355022505
}