{
    "C": 0.035576803954006204,
    "gamma": 0.004937417507185831
}