{
    "n_estimators": 40,
    "max_depth": 5,
    "gamma": 0.4477961128441297,
    "subsample": 0.6109744065191631,
    "colsample_bytree": 0.7176587437116395
}