{
    "C": 82.34198851164943,
    "gamma": 0.00028399154379377307
}