{
    "n_estimators": 100,
    "max_depth": 30,
    "gamma": 0.9145128242875735,
    "subsample": 0.9964837447201369,
    "colsample_bytree": 0.9302631426951067
}