{
    "C": 0.7333029398169146,
    "gamma": 0.08846755609883404
}