{
    "n_estimators": 100,
    "max_depth": 30,
    "gamma": 0.9136574731423356,
    "subsample": 0.960116472230401,
    "colsample_bytree": 0.652482851589606
}