{
    "C": 8.192380304022764,
    "gamma": 0.007285268502897794
}