{
    "C": 2.9220269887321666,
    "gamma": 0.00040791233697851635
}