{
    "n_estimators": 40,
    "max_depth": 20,
    "gamma": 0.7517522137239229,
    "subsample": 0.8594809273177372,
    "colsample_bytree": 0.8810094054474
}