{
    "C": 4.68146479086563,
    "gamma": 0.053332032139511654
}