{
    "C": 4.492375353331006,
    "gamma": 0.20537130914298132
}