{
    "C": 1.2832445978242804,
    "gamma": 0.0054269083809525345
}