{
    "C": 11.035476151562436,
    "gamma": 0.007797590610624505
}