{
    "C": 0.0673727068590613,
    "gamma": 0.005733177199740359
}