{
    "C": 12.29370225546141,
    "gamma": 0.00010703891395238094
}