{
    "C": 81.13235753750965,
    "gamma": 0.0058208353333340755
}