{
    "C": 1.5419652458582194,
    "gamma": 0.00047450538330737153
}