{
    "C": 1.732018441720778,
    "gamma": 0.0003851001831357192
}