{
    "n_estimators": 100,
    "max_depth": 5,
    "gamma": 0.9179431306807564,
    "subsample": 0.5560742480647101,
    "colsample_bytree": 0.5421889423167362
}