{
    "C": 45.3796968335735,
    "gamma": 0.00010410657631139162
}