{
    "n_estimators": 40,
    "max_depth": 5,
    "gamma": 0.25106862870799895,
    "subsample": 0.5863091840831652,
    "colsample_bytree": 0.8810094054474
}