{
    "C": 0.023872617488241533,
    "gamma": 0.0012978750480788213
}