{
    "n_estimators": 40,
    "max_depth": 5,
    "gamma": 0.7342841346313855,
    "subsample": 0.5882782397672957,
    "colsample_bytree": 0.6093651303729519
}