{
    "C": 75.68606936138531,
    "gamma": 0.001752611636699172
}