{
    "C": 20.164877078622524,
    "gamma": 0.002976388763513455
}