{
    "C": 2.1325142075775787,
    "gamma": 0.02446945908283729
}