{
    "C": 0.8276711807796827,
    "gamma": 0.01658654108631763
}