{
    "C": 0.3151621813428707,
    "gamma": 0.002166660029349389
}