{
    "C": 0.16668560137097285,
    "gamma": 0.04407086133701482
}