{
    "C": 27.774061404252322,
    "gamma": 0.01795141228290669
}