{
    "C": 98.24030162110742,
    "gamma": 0.0010312693492441909
}