{
    "C": 45.64444289076821,
    "gamma": 0.012877808195331884
}