{
    "C": 0.9235863559706509,
    "gamma": 0.0009559400811789088
}