{
    "C": 2.2144910023297872,
    "gamma": 0.02945997234287959
}