{
    "C": 19.271543171162776,
    "gamma": 0.00014682043379470554
}