{
    "n_estimators": 100,
    "max_depth": 30,
    "gamma": 0.8609122601645117,
    "subsample": 0.894719999286965,
    "colsample_bytree": 0.9771490235369126
}