{
    "C": 36.38683606011001,
    "gamma": 0.04295873071074555
}