{
    "C": 39.61586286560505,
    "gamma": 0.0013675188101320037
}