{
    "C": 27.952907570236526,
    "gamma": 0.00458819382574448
}