{
    "C": 13.391203188729554,
    "gamma": 0.00010744291591317468
}