{
    "n_estimators": 100,
    "max_depth": 5,
    "gamma": 0.9422677656814475,
    "subsample": 0.6850425765031245,
    "colsample_bytree": 0.8816556251435674
}