{
    "C": 1.4892046055300499,
    "gamma": 0.00041915505470728725
}