{
    "n_estimators": 100,
    "max_depth": 5,
    "gamma": 0.22696566661900475,
    "subsample": 0.5481228080846091,
    "colsample_bytree": 0.951235576904001
}