{
    "C": 0.07997091775856846,
    "gamma": 0.0008503336532397331
}