{
    "C": 41.3870072783047,
    "gamma": 0.040387266547077666
}