{
    "C": 4.3649700995427665,
    "gamma": 0.00036919242695695494
}