{
    "C": 48.24985618120247,
    "gamma": 0.012316153942342476
}