{
    "C": 0.17838530053392646,
    "gamma": 0.0030328589282359805
}