{
    "C": 0.16280907414611331,
    "gamma": 0.00038377823379388923
}