{
    "n_estimators": 100,
    "max_depth": 20,
    "gamma": 0.6002790924571677,
    "subsample": 0.9159943330969399,
    "colsample_bytree": 0.8861046363701971
}