{
    "C": 52.12460757343862,
    "gamma": 0.0038982290384983647
}