{
    "n_estimators": 100,
    "max_depth": 5,
    "gamma": 0.31427302324232625,
    "subsample": 0.7373423778137582,
    "colsample_bytree": 0.5440933411821551
}