{
    "C": 12.30143098919113,
    "gamma": 0.0028281668559119767
}