{
    "C": 95.84450328428048,
    "gamma": 0.0034603670553611608
}