{
    "C": 52.39898543255597,
    "gamma": 0.002012231140849498
}