{
    "n_estimators": 100,
    "max_depth": 20,
    "gamma": 0.6986801443633183,
    "subsample": 0.9743838760994005,
    "colsample_bytree": 0.9310810418442781
}