{
    "C": 4.500726946239405,
    "gamma": 0.0021569712925860077
}