{
    "C": 79.27886275521048,
    "gamma": 0.0002041394696749106
}