{
    "C": 0.13423640059878794,
    "gamma": 0.04254754426492098
}