{
    "C": 82.08953637654075,
    "gamma": 0.00027442425911956874
}