{
    "C": 2.0828821079190423,
    "gamma": 0.004023333967778063
}