{
    "C": 39.63619468906734,
    "gamma": 0.000999085123041452
}