{
    "C": 2.338304357938831,
    "gamma": 0.00024494141224292863
}