{
    "n_estimators": 100,
    "max_depth": 5,
    "gamma": 0.388590759707242,
    "subsample": 0.7966020566692474,
    "colsample_bytree": 0.5648775307555561
}