{
    "C": 21.46388995931279,
    "gamma": 0.018634757307751257
}