{
    "C": 0.4420979741371919,
    "gamma": 0.058349790438912454
}