{
    "n_estimators": 40,
    "max_depth": 5,
    "gamma": 0.17342289937646999,
    "subsample": 0.8705491213867644,
    "colsample_bytree": 0.6821228556351284
}