{
    "C": 82.12676317132421,
    "gamma": 0.0023246051869604593
}