{
    "n_estimators": 10,
    "max_depth": 30,
    "gamma": 0.39802823951288585,
    "subsample": 0.9125321808155427,
    "colsample_bytree": 0.8982183333929101
}