{
    "n_estimators": 40,
    "max_depth": 30,
    "gamma": 0.72771023645011,
    "subsample": 0.9983869660807833,
    "colsample_bytree": 0.873678322897615
}