{
    "C": 8.39054871168223,
    "gamma": 0.0014925905073411327
}