{
    "C": 76.55121077778817,
    "gamma": 0.0002049594156959373
}