{
    "C": 99.37317018433278,
    "gamma": 0.0019043629439864662
}