{
    "n_estimators": 40,
    "max_depth": 5,
    "gamma": 0.3418463244119745,
    "subsample": 0.6505282727831403,
    "colsample_bytree": 0.7738521402198321
}