{
    "C": 32.860320280679275,
    "gamma": 0.04450051100995042
}