{
    "n_estimators": 100,
    "max_depth": 20,
    "gamma": 0.2291604178715888,
    "subsample": 0.6637172559989222,
    "colsample_bytree": 0.6868369731002023
}