{
    "C": 35.304732569001516,
    "gamma": 0.10998314758999683
}