{
    "n_estimators": 100,
    "max_depth": 30,
    "gamma": 0.6377472018266057,
    "subsample": 0.9011695481007789,
    "colsample_bytree": 0.6735042672265268
}