{
    "n_estimators": 100,
    "max_depth": 5,
    "gamma": 0.7834154627250071,
    "subsample": 0.8853078972871155,
    "colsample_bytree": 0.673734515611421
}