{
    "C": 95.55069067475432,
    "gamma": 0.001005205129268508
}