{
    "C": 30.89831848352222,
    "gamma": 0.0015443484185230288
}