{
    "n_estimators": 100,
    "max_depth": 30,
    "gamma": 0.6729611907188985,
    "subsample": 0.5348474505689454,
    "colsample_bytree": 0.7033945918255223
}