{
    "C": 98.90999572167031,
    "gamma": 0.00913340717471383
}