{
    "C": 13.660822949653436,
    "gamma": 0.14858023388538222
}