{
    "C": 6.48642555359081,
    "gamma": 0.015386778511898024
}