{
    "C": 93.79658191801782,
    "gamma": 0.0024149911622041616
}