{
    "C": 0.011078246697317542,
    "gamma": 0.06541177530755225
}