{
    "C": 80.30624645940279,
    "gamma": 0.007587605243607464
}