{
    "C": 1.6650446929687996,
    "gamma": 0.014912280706161869
}