{
    "C": 0.15946317784360203,
    "gamma": 0.00011086875428339677
}