{
    "C": 9.065283409491167,
    "gamma": 0.004864669630019368
}