{
    "n_estimators": 100,
    "max_depth": 20,
    "gamma": 0.7479353793964711,
    "subsample": 0.5837941042711973,
    "colsample_bytree": 0.7353362723869563
}