{
    "C": 2.567828855495137,
    "gamma": 0.00022279996136366655
}