{
    "n_estimators": 40,
    "max_depth": 5,
    "gamma": 0.34104324589676815,
    "subsample": 0.962882660256195,
    "colsample_bytree": 0.7850148835853767
}