{
    "C": 18.565422640458436,
    "gamma": 0.00017822853770143237
}