{
    "n_estimators": 100,
    "max_depth": 20,
    "gamma": 0.48770691301066604,
    "subsample": 0.9389363037639847,
    "colsample_bytree": 0.7285755444757537
}