{
    "C": 64.73110838099895,
    "gamma": 0.0023194233295541424
}