{
    "n_estimators": 10,
    "max_depth": 5,
    "gamma": 0.11132541504315885,
    "subsample": 0.9893741512543004,
    "colsample_bytree": 0.5329444970931687
}