{
    "C": 3.0958079528728892,
    "gamma": 0.03527728949846732
}