{
    "n_estimators": 100,
    "max_depth": 5,
    "gamma": 0.48818021874762085,
    "subsample": 0.867776782870965,
    "colsample_bytree": 0.6437875611678884
}