{
    "C": 0.137254513670804,
    "gamma": 0.17419152686473122
}