{
    "C": 96.80278171389716,
    "gamma": 0.007132716556271455
}