{
    "C": 87.19664606017703,
    "gamma": 0.001413639776133065
}