{
    "C": 63.37463797896427,
    "gamma": 0.008245616049810518
}