{
    "n_estimators": 100,
    "max_depth": 5,
    "gamma": 0.7460915350578265,
    "subsample": 0.9444912774655255,
    "colsample_bytree": 0.7628725396978493
}