{
    "C": 0.6348740688292565,
    "gamma": 0.038216898428983424
}