{
    "n_estimators": 100,
    "max_depth": 5,
    "gamma": 0.3971313911800236,
    "subsample": 0.7427880178119367,
    "colsample_bytree": 0.5090040952189987
}