{
    "n_estimators": 100,
    "max_depth": 5,
    "gamma": 0.28348273058911083,
    "subsample": 0.9232861896172486,
    "colsample_bytree": 0.8910101591218517
}