{
    "C": 16.620902131034896,
    "gamma": 0.0010373259741488546
}