{
    "C": 2.0664093695224777,
    "gamma": 0.02781015384879642
}