{
    "n_estimators": 100,
    "max_depth": 30,
    "gamma": 0.45919469152689657,
    "subsample": 0.5704020706431226,
    "colsample_bytree": 0.7992908923144009
}