{
    "C": 4.428298886403992,
    "gamma": 0.002937275677771331
}