{
    "n_estimators": 100,
    "max_depth": 5,
    "gamma": 0.628468600097355,
    "subsample": 0.8882024153266558,
    "colsample_bytree": 0.6673406928530483
}