{
    "C": 16.419577654812233,
    "gamma": 0.007639098881507377
}