{
    "C": 92.09601224052436,
    "gamma": 0.0003781918633671795
}