{
    "C": 85.71458726950168,
    "gamma": 0.0036006848106834486
}