{
    "C": 42.71857520790131,
    "gamma": 0.0025937613481003706
}