{
    "C": 61.06903289965583,
    "gamma": 0.01014700288385441
}