{
    "n_estimators": 40,
    "max_depth": 20,
    "gamma": 0.8711731685749494,
    "subsample": 0.9844984401224003,
    "colsample_bytree": 0.6521910837484702
}