{
    "C": 0.3408842817097334,
    "gamma": 0.007839625988910992
}