{
    "n_estimators": 100,
    "max_depth": 30,
    "gamma": 0.5360486096375219,
    "subsample": 0.8488681925618888,
    "colsample_bytree": 0.900578215847843
}