{
    "C": 3.4295654255019326,
    "gamma": 0.0010271063221822829
}