{
    "C": 0.8945550004229067,
    "gamma": 0.02746311761883581
}