{
    "C": 30.813367601958593,
    "gamma": 0.0296575397937228
}