{
    "C": 90.3467114625589,
    "gamma": 0.005234487062604964
}