{
    "n_estimators": 40,
    "max_depth": 5,
    "gamma": 0.43418371614686957,
    "subsample": 0.7198154761090511,
    "colsample_bytree": 0.6851146175732998
}