{
    "C": 12.239115245728682,
    "gamma": 0.00306334486220239
}