{
    "C": 1.8043850722209556,
    "gamma": 0.0008414259318056685
}