{
    "C": 0.10616898462950537,
    "gamma": 0.0006476954402755323
}