{
    "n_estimators": 100,
    "max_depth": 30,
    "gamma": 0.2953494253401441,
    "subsample": 0.5595956970320427,
    "colsample_bytree": 0.5053461711818449
}