{
    "C": 40.81152107816555,
    "gamma": 0.006371934142197172
}