{
    "C": 8.693485096029127,
    "gamma": 0.004864669630019368
}