{
    "C": 0.6963756523608409,
    "gamma": 0.002123470358797796
}