{
    "n_estimators": 100,
    "max_depth": 5,
    "gamma": 0.7550185848825747,
    "subsample": 0.9977399990261633,
    "colsample_bytree": 0.7004887198549403
}