{
    "C": 6.225879027648941,
    "gamma": 0.0026993324942711865
}