{
    "n_estimators": 100,
    "max_depth": 5,
    "gamma": 0.5629580945089425,
    "subsample": 0.5030295168796196,
    "colsample_bytree": 0.5010757991578431
}