{
    "C": 6.403924525183353,
    "gamma": 0.03842273083814739
}