{
    "C": 25.09523262160309,
    "gamma": 0.00010410657631139162
}