{
    "C": 28.181673397126907,
    "gamma": 0.0023279609593363382
}