{
    "n_estimators": 40,
    "max_depth": 30,
    "gamma": 0.5625560021102292,
    "subsample": 0.8821932005451977,
    "colsample_bytree": 0.79630459508061
}