{
    "C": 12.841982595398026,
    "gamma": 0.015220260526344804
}