{
    "C": 42.476008800790154,
    "gamma": 0.004852453832446694
}