{
    "C": 0.090373302155232,
    "gamma": 0.013635359035108466
}