{
    "n_estimators": 40,
    "max_depth": 20,
    "gamma": 0.8981403947458704,
    "subsample": 0.7548030563374741,
    "colsample_bytree": 0.8529976991493742
}