{
    "C": 22.061871891962202,
    "gamma": 0.00011625729700595147
}