{
    "C": 11.440327172989484,
    "gamma": 0.00106970190201105
}