{
    "n_estimators": 100,
    "max_depth": 5,
    "gamma": 0.7577973236328643,
    "subsample": 0.7952252271774107,
    "colsample_bytree": 0.6872309957292344
}