{
    "n_estimators": 100,
    "max_depth": 5,
    "gamma": 0.6918007402171132,
    "subsample": 0.6343407449338756,
    "colsample_bytree": 0.6149672516870792
}