{
    "n_estimators": 40,
    "max_depth": 20,
    "gamma": 0.3724367138266351,
    "subsample": 0.5843861231229354,
    "colsample_bytree": 0.5014253861391043
}