{
    "C": 9.08407909935862,
    "gamma": 0.035340181331510886
}