{
    "C": 1.342829700681165,
    "gamma": 0.035328631026098144
}