{
    "n_estimators": 40,
    "max_depth": 5,
    "gamma": 0.8261661533382275,
    "subsample": 0.7329139917353811,
    "colsample_bytree": 0.7741167566710816
}