{
    "C": 0.0906242759422141,
    "gamma": 0.09959445244479403
}