{
    "C": 2.191043366838484,
    "gamma": 0.01276095609488563
}