{
    "C": 3.370670994331374,
    "gamma": 0.004864669630019368
}