{
    "n_estimators": 40,
    "max_depth": 20,
    "gamma": 0.9072529725016657,
    "subsample": 0.9905254094291618,
    "colsample_bytree": 0.6350871163130396
}