{
    "n_estimators": 40,
    "max_depth": 30,
    "gamma": 0.19662612937333276,
    "subsample": 0.621554871356107,
    "colsample_bytree": 0.9578929841176678
}