{
    "n_estimators": 40,
    "max_depth": 5,
    "gamma": 0.2181704014394235,
    "subsample": 0.7885033821070319,
    "colsample_bytree": 0.5068903831933415
}