{
    "n_estimators": 100,
    "max_depth": 5,
    "gamma": 0.18874151958385407,
    "subsample": 0.7447172180285939,
    "colsample_bytree": 0.8007262898654331
}