{
    "C": 8.520895216742844,
    "gamma": 0.0019064032261471345
}