{
    "C": 52.21317273381976,
    "gamma": 0.04438611736691951
}