{
    "C": 2.8561100662099568,
    "gamma": 0.00044709163634093637
}