{
    "C": 3.0882691660838173,
    "gamma": 0.03792404017866743
}