{
    "C": 96.70307070998385,
    "gamma": 0.0008424497749516981
}