{
    "n_estimators": 100,
    "max_depth": 30,
    "gamma": 0.3239338588103369,
    "subsample": 0.6740151694845249,
    "colsample_bytree": 0.5955242889428436
}