{
    "n_estimators": 100,
    "max_depth": 20,
    "gamma": 0.230145367418079,
    "subsample": 0.593411036412003,
    "colsample_bytree": 0.7260408570115999
}