{
    "C": 1.7979626975081011,
    "gamma": 0.026258138967171243
}