{
    "C": 12.635132040381645,
    "gamma": 0.025178417057089855
}