{
    "C": 28.60672333201074,
    "gamma": 0.002736705413679572
}