{
    "n_estimators": 40,
    "max_depth": 5,
    "gamma": 0.4997010655396419,
    "subsample": 0.7490698051808964,
    "colsample_bytree": 0.7071731623998108
}