{
    "C": 44.72649343876773,
    "gamma": 0.0005329938392866714
}