{
    "n_estimators": 100,
    "max_depth": 20,
    "gamma": 0.799768683235276,
    "subsample": 0.8787287422282001,
    "colsample_bytree": 0.6696602565633563
}