{
    "C": 52.39898543255597,
    "gamma": 0.0008761058488438978
}