{
    "C": 5.183218671993577,
    "gamma": 0.12413924668463652
}