{
    "C": 94.4159101995665,
    "gamma": 0.004771039939025803
}