{
    "n_estimators": 100,
    "max_depth": 30,
    "gamma": 0.2493650280455365,
    "subsample": 0.940630603864873,
    "colsample_bytree": 0.8586818747661349
}