{
    "C": 94.4159101995665,
    "gamma": 0.011173835094462915
}