{
    "n_estimators": 100,
    "max_depth": 5,
    "gamma": 0.5434993226589026,
    "subsample": 0.7040772802762306,
    "colsample_bytree": 0.9933840889987662
}