{
    "n_estimators": 40,
    "max_depth": 30,
    "gamma": 0.8337524315834635,
    "subsample": 0.7888679374142473,
    "colsample_bytree": 0.6697244688175872
}