{
    "C": 27.496564789294712,
    "gamma": 0.0006219983602057522
}