{
    "C": 30.478842950401337,
    "gamma": 0.058016114791645076
}