{
    "n_estimators": 100,
    "max_depth": 5,
    "gamma": 0.20588873543286104,
    "subsample": 0.7176804694116705,
    "colsample_bytree": 0.6787142305565385
}