{
    "C": 0.18326926238185773,
    "gamma": 0.030566386634446885
}