{
    "C": 16.501043901720976,
    "gamma": 0.004028615017224585
}