{
    "n_estimators": 40,
    "max_depth": 5,
    "gamma": 0.275254765719957,
    "subsample": 0.8313431274307238,
    "colsample_bytree": 0.6088788298639273
}