{
    "C": 27.774061404252322,
    "gamma": 0.0012718686344770041
}