{
    "C": 3.6289935411496357,
    "gamma": 0.0014540671679376008
}