{
    "n_estimators": 10,
    "max_depth": 5,
    "gamma": 0.8114642441234401,
    "subsample": 0.9899457651138078,
    "colsample_bytree": 0.7885653247286545
}