{
    "C": 70.86448473825818,
    "gamma": 0.017279015659678463
}