{
    "n_estimators": 40,
    "max_depth": 5,
    "gamma": 0.42405157516505526,
    "subsample": 0.9271562204562936,
    "colsample_bytree": 0.5629016079874387
}