{
    "n_estimators": 100,
    "max_depth": 5,
    "gamma": 0.4291305804797636,
    "subsample": 0.8012295190476856,
    "colsample_bytree": 0.7096434226220353
}