{
    "C": 47.26410433736888,
    "gamma": 0.0016990263756573305
}