{
    "n_estimators": 10,
    "max_depth": 30,
    "gamma": 0.2128903010212823,
    "subsample": 0.5549205542920345,
    "colsample_bytree": 0.5153110969415753
}