{
    "n_estimators": 40,
    "max_depth": 5,
    "gamma": 0.8670426663824868,
    "subsample": 0.6375386150957019,
    "colsample_bytree": 0.9950292272596257
}