{
    "n_estimators": 40,
    "max_depth": 5,
    "gamma": 0.5367467349614824,
    "subsample": 0.6144896926147745,
    "colsample_bytree": 0.5402036569060795
}