{
    "C": 27.35361692947315,
    "gamma": 0.0028174429604521465
}