{
    "C": 97.00827290853401,
    "gamma": 0.0076465427376694855
}