{
    "C": 3.2075707264155833,
    "gamma": 0.00010410657631139162
}