{
    "n_estimators": 100,
    "max_depth": 5,
    "gamma": 0.9758582502122494,
    "subsample": 0.8118501961186426,
    "colsample_bytree": 0.8330445290199926
}