{
    "n_estimators": 10,
    "max_depth": 5,
    "gamma": 0.10029497217722735,
    "subsample": 0.9610475838913726,
    "colsample_bytree": 0.7808617230834268
}