{
    "n_estimators": 100,
    "max_depth": 5,
    "gamma": 0.6391260360036497,
    "subsample": 0.657074610791359,
    "colsample_bytree": 0.7797838655858369
}