{
    "C": 0.24023475113638668,
    "gamma": 0.0019092554612459944
}