{
    "C": 2.005551495802956,
    "gamma": 0.0005626860318564917
}