{
    "n_estimators": 100,
    "max_depth": 5,
    "gamma": 0.21781961049654314,
    "subsample": 0.7884464437126156,
    "colsample_bytree": 0.6002878017936444
}