{
    "C": 0.10278493120340691,
    "gamma": 0.005484867361012625
}