{
    "C": 96.70307070998385,
    "gamma": 0.0006484068838934501
}