{
    "C": 33.52817561452366,
    "gamma": 0.007125709131583912
}