{
    "C": 80.37071262320886,
    "gamma": 0.00010590611107431812
}