{
    "C": 1.3440323778268861,
    "gamma": 0.032931403356062094
}