{
    "C": 37.88672955474462,
    "gamma": 0.0007443948157309841
}