{
    "C": 88.3842033847414,
    "gamma": 0.01825927866766671
}