{
    "C": 0.06520738781115241,
    "gamma": 0.0036237522238440436
}