{
    "n_estimators": 40,
    "max_depth": 5,
    "gamma": 0.9894607367239925,
    "subsample": 0.5005044321862977,
    "colsample_bytree": 0.5018216202268676
}