{
    "C": 1.6079337741870794,
    "gamma": 0.007639098881507377
}