{
    "C": 34.770370330699706,
    "gamma": 0.0001208115853888826
}