{
    "C": 0.03179371243562207,
    "gamma": 0.0006744837836372601
}