{
    "C": 98.85599856409074,
    "gamma": 0.004864669630019368
}