{
    "C": 1.4427853570773594,
    "gamma": 0.00043494340597700513
}