{
    "C": 45.42065291285771,
    "gamma": 0.005807308941042868
}