{
    "C": 51.83755882003649,
    "gamma": 0.006782974252200845
}