{
    "C": 88.98183488987291,
    "gamma": 0.00011177436263673762
}