{
    "n_estimators": 10,
    "max_depth": 5,
    "gamma": 0.2808413188546222,
    "subsample": 0.7761508451820655,
    "colsample_bytree": 0.9606879319055357
}