{
    "C": 12.40700122655988,
    "gamma": 0.0009997844432136917
}