{
    "C": 2.2783600253965597,
    "gamma": 0.0028633649426661927
}