{
    "n_estimators": 100,
    "max_depth": 30,
    "gamma": 0.3534241460202747,
    "subsample": 0.5821081558550382,
    "colsample_bytree": 0.5121879906066477
}