{
    "C": 86.23549491808409,
    "gamma": 0.002341048248875055
}