{
    "n_estimators": 100,
    "max_depth": 20,
    "gamma": 0.17388543004752233,
    "subsample": 0.6831712008375102,
    "colsample_bytree": 0.9254252520022508
}