{
    "C": 30.434368387961356,
    "gamma": 0.003450106275621409
}