{
    "C": 2.387121413151359,
    "gamma": 0.0007172260697920286
}