{
    "C": 3.061397902021056,
    "gamma": 0.0037965504247329408
}