{
    "C": 95.54396841927588,
    "gamma": 0.0009183199535253486
}