{
    "n_estimators": 100,
    "max_depth": 5,
    "gamma": 0.9871324257333897,
    "subsample": 0.9961697861310974,
    "colsample_bytree": 0.8737653916324857
}