{
    "C": 6.165641828338197,
    "gamma": 0.002661130347985865
}