{
    "C": 42.284345715322786,
    "gamma": 0.01323712223521252
}