{
    "C": 2.317122579528886,
    "gamma": 0.02746311761883581
}