{
    "C": 8.164216877895745,
    "gamma": 0.00026966992059188673
}