{
    "C": 53.45456240843744,
    "gamma": 0.002079721790180618
}