{
    "C": 27.496564789294712,
    "gamma": 0.003567703238521661
}