{
    "C": 38.33403943207488,
    "gamma": 0.0014825249872725248
}