{
    "C": 99.31733822411265,
    "gamma": 0.00128489409996485
}