{
    "C": 32.752985440497156,
    "gamma": 0.00023325710768584056
}