{
    "C": 3.3971046801113336,
    "gamma": 0.0012202924735543077
}