{
    "C": 66.11417890633686,
    "gamma": 0.002381598981639913
}