{
    "C": 0.6154423426029126,
    "gamma": 0.01104139780761687
}