{
    "C": 32.72679600138726,
    "gamma": 0.0008003413021611382
}