{
    "C": 92.92442052909253,
    "gamma": 0.00024153405273641016
}