{
    "C": 0.14422081518592145,
    "gamma": 0.005959656967602936
}