{
    "n_estimators": 100,
    "max_depth": 5,
    "gamma": 0.635941395197518,
    "subsample": 0.6676361766221781,
    "colsample_bytree": 0.7748344042201285
}