{
    "C": 0.26890348500439265,
    "gamma": 0.0030875478051242715
}