{
    "n_estimators": 100,
    "max_depth": 5,
    "gamma": 0.8153552830065862,
    "subsample": 0.611386958842122,
    "colsample_bytree": 0.692553180111322
}