{
    "C": 21.948815542493456,
    "gamma": 0.00604816570180994
}