{
    "n_estimators": 100,
    "max_depth": 30,
    "gamma": 0.31798733692887876,
    "subsample": 0.8244208993499721,
    "colsample_bytree": 0.6877103829957787
}