{
    "C": 97.32639147137697,
    "gamma": 0.02781015384879642
}