{
    "C": 11.20873739497039,
    "gamma": 0.00517934323895024
}