{
    "C": 0.6408698309031967,
    "gamma": 0.0428159324575672
}