{
    "n_estimators": 40,
    "max_depth": 5,
    "gamma": 0.24066987064561346,
    "subsample": 0.5700282096445268,
    "colsample_bytree": 0.6230016707381422
}