{
    "C": 0.34535725841572407,
    "gamma": 0.09483478933661633
}