{
    "n_estimators": 100,
    "max_depth": 5,
    "gamma": 0.3663490261337749,
    "subsample": 0.8060188495757046,
    "colsample_bytree": 0.6647065983774829
}