{
    "C": 42.282565545983246,
    "gamma": 0.0014967997990936344
}