{
    "n_estimators": 10,
    "max_depth": 20,
    "gamma": 0.3948075529198607,
    "subsample": 0.5720821503267102,
    "colsample_bytree": 0.5828064306006338
}