{
    "C": 70.25518256358325,
    "gamma": 0.006982836689354962
}