{
    "C": 75.29779015765095,
    "gamma": 0.0018024295652072854
}