{
    "C": 29.35225513781255,
    "gamma": 0.003074664801062493
}