{
    "C": 87.5087191704082,
    "gamma": 0.017427518963524312
}