{
    "n_estimators": 10,
    "max_depth": 30,
    "gamma": 0.18277715464119343,
    "subsample": 0.6167957158233612,
    "colsample_bytree": 0.8809957777850451
}