{
    "C": 39.464710365003924,
    "gamma": 0.0022155277007375332
}