{
    "C": 78.34853164872405,
    "gamma": 0.00010410657631139162
}