{
    "n_estimators": 100,
    "max_depth": 5,
    "gamma": 0.6448122910336056,
    "subsample": 0.9229071775946681,
    "colsample_bytree": 0.6742119142218679
}