{
    "C": 0.09859525373601939,
    "gamma": 0.002101868799081979
}