{
    "n_estimators": 100,
    "max_depth": 5,
    "gamma": 0.3971313911800236,
    "subsample": 0.7057684713792227,
    "colsample_bytree": 0.6656774674862949
}