{
    "n_estimators": 10,
    "max_depth": 30,
    "gamma": 0.8015631269999768,
    "subsample": 0.5114665462195407,
    "colsample_bytree": 0.788831429064878
}