{
    "C": 99.6638974022865,
    "gamma": 0.006345309175140419
}