{
    "C": 4.3199032497047725,
    "gamma": 0.0029558762755597795
}