{
    "C": 97.21819042456991,
    "gamma": 0.00023126397505883518
}