{
    "C": 0.0269542169583157,
    "gamma": 0.023999835049635022
}