{
    "C": 3.7992095718072525,
    "gamma": 0.008766715525284765
}