{
    "C": 98.53474933891084,
    "gamma": 0.007851419700170155
}