{
    "C": 0.028611419993446192,
    "gamma": 0.0010670283718809946
}