{
    "C": 98.51841881134425,
    "gamma": 0.02164982974098412
}