{
    "C": 19.335310920568425,
    "gamma": 0.01303380056554809
}