{
    "n_estimators": 40,
    "max_depth": 5,
    "gamma": 0.2788911216877681,
    "subsample": 0.7663952732721371,
    "colsample_bytree": 0.997734804999753
}