{
    "C": 61.819725422207405,
    "gamma": 0.004389247050172462
}