{
    "n_estimators": 100,
    "max_depth": 5,
    "gamma": 0.3905036879635717,
    "subsample": 0.9310950629563318,
    "colsample_bytree": 0.6946385913122699
}