{
    "C": 0.569892114162184,
    "gamma": 0.024518825169038867
}