{
    "C": 28.970586858280072,
    "gamma": 0.0036426903440742345
}