{
    "C": 17.96090504339405,
    "gamma": 0.002046325464328858
}