{
    "C": 2.065169669937553,
    "gamma": 0.00040707375289136816
}