{
    "C": 94.31494493462824,
    "gamma": 0.00011254027272620733
}