{
    "n_estimators": 100,
    "max_depth": 5,
    "gamma": 0.45553744661206264,
    "subsample": 0.9114215825537026,
    "colsample_bytree": 0.8196515657962749
}