{
    "C": 48.32801218959978,
    "gamma": 0.009398483262565427
}