{
    "n_estimators": 100,
    "max_depth": 30,
    "gamma": 0.41991015362851236,
    "subsample": 0.6432395448864711,
    "colsample_bytree": 0.6698204904887509
}