{
    "C": 1.920093139238176,
    "gamma": 0.04522271725749425
}