{
    "n_estimators": 40,
    "max_depth": 5,
    "gamma": 0.3339781135304366,
    "subsample": 0.7806119661102464,
    "colsample_bytree": 0.9928973939225177
}