{
    "n_estimators": 100,
    "max_depth": 30,
    "gamma": 0.9912018442360747,
    "subsample": 0.9099290984609207,
    "colsample_bytree": 0.7066004674080903
}