{
    "C": 92.667480923322,
    "gamma": 0.0017046163610230627
}