{
    "C": 0.5600314888814055,
    "gamma": 0.0018788744191429538
}