{
    "C": 3.833369344110048,
    "gamma": 0.00020270524435661143
}