{
    "C": 0.0452239992884375,
    "gamma": 0.0245095747263291
}