{
    "C": 8.147148671134971,
    "gamma": 0.00239583803635855
}