{
    "n_estimators": 100,
    "max_depth": 5,
    "gamma": 0.8072984196400479,
    "subsample": 0.9171559157335823,
    "colsample_bytree": 0.6367060045063002
}