{
    "n_estimators": 100,
    "max_depth": 5,
    "gamma": 0.4180109853928353,
    "subsample": 0.6898743396113027,
    "colsample_bytree": 0.6780204118957815
}