{
    "C": 47.5027616119762,
    "gamma": 0.0024162328924729783
}