{
    "n_estimators": 10,
    "max_depth": 5,
    "gamma": 0.2530348693617219,
    "subsample": 0.8073746676728109,
    "colsample_bytree": 0.8627430864016015
}