{
    "C": 1.6893027761269708,
    "gamma": 0.08977208151651882
}