{
    "C": 24.09383680421285,
    "gamma": 0.0010159782455446914
}