{
    "n_estimators": 100,
    "max_depth": 30,
    "gamma": 0.1179445637660819,
    "subsample": 0.9088270261758774,
    "colsample_bytree": 0.9005424006690577
}