{
    "C": 0.1820174210814147,
    "gamma": 0.001583809443395358
}