{
    "C": 0.21953847247241784,
    "gamma": 0.004164418630853304
}