{
    "n_estimators": 100,
    "max_depth": 30,
    "gamma": 0.8050396510375506,
    "subsample": 0.9508938639575489,
    "colsample_bytree": 0.6917009002496735
}