{
    "C": 18.715007601061952,
    "gamma": 0.010520633602019215
}