{
    "n_estimators": 40,
    "max_depth": 30,
    "gamma": 0.6495975565358127,
    "subsample": 0.7004993573546181,
    "colsample_bytree": 0.6418204489745448
}