{
    "C": 17.316323356735534,
    "gamma": 0.002454894923117874
}