{
    "n_estimators": 100,
    "max_depth": 30,
    "gamma": 0.3273879186161104,
    "subsample": 0.8647734564894797,
    "colsample_bytree": 0.8188793199486907
}