{
    "C": 1.5001621076138916,
    "gamma": 0.02771351517859989
}