{
    "C": 8.20523285204565,
    "gamma": 0.0008811433538214267
}