{
    "n_estimators": 10,
    "max_depth": 20,
    "gamma": 0.9894607367239925,
    "subsample": 0.863147693610025,
    "colsample_bytree": 0.9506353780295294
}