{
    "C": 48.22846714673693,
    "gamma": 0.003063812301802809
}