{
    "n_estimators": 100,
    "max_depth": 30,
    "gamma": 0.34465018997464836,
    "subsample": 0.5975835929458884,
    "colsample_bytree": 0.6484889898709012
}