{
    "C": 0.3951917134339939,
    "gamma": 0.001435894679219071
}