{
    "C": 7.774590836217285,
    "gamma": 0.04268119399808869
}