{
    "C": 28.199473611006507,
    "gamma": 0.006894762954990565
}