{
    "n_estimators": 100,
    "max_depth": 30,
    "gamma": 0.27102116632122686,
    "subsample": 0.9970430299951059,
    "colsample_bytree": 0.8729415274174688
}