{
    "n_estimators": 40,
    "max_depth": 5,
    "gamma": 0.11747018931448144,
    "subsample": 0.905171975221299,
    "colsample_bytree": 0.9779602668488832
}