{
    "C": 98.90999572167031,
    "gamma": 0.0070076958980998675
}