{
    "C": 52.87563948132559,
    "gamma": 0.002519117474335368
}