{
    "C": 10.189442306570232,
    "gamma": 0.00023349051045416496
}