{
    "n_estimators": 100,
    "max_depth": 5,
    "gamma": 0.29985419922520534,
    "subsample": 0.7305830953447151,
    "colsample_bytree": 0.7907017777394876
}