{
    "C": 97.62409886524786,
    "gamma": 0.004695700835362447
}