{
    "C": 90.06440757156173,
    "gamma": 0.004099569284748027
}