{
    "C": 17.316323356735534,
    "gamma": 0.002844853010465434
}