{
    "C": 21.44249678594465,
    "gamma": 0.00011173029061132316
}