{
    "n_estimators": 100,
    "max_depth": 20,
    "gamma": 0.38199492273993885,
    "subsample": 0.8077573705794239,
    "colsample_bytree": 0.5985798608002616
}