{
    "C": 71.49674657191468,
    "gamma": 0.0007631711294193201
}