{
    "n_estimators": 100,
    "max_depth": 5,
    "gamma": 0.10241705313939013,
    "subsample": 0.6398171636265614,
    "colsample_bytree": 0.7370949431632399
}