{
    "C": 1.9095973601983873,
    "gamma": 0.03300686864980344
}