{
    "n_estimators": 40,
    "max_depth": 5,
    "gamma": 0.7488583120258018,
    "subsample": 0.8902649886973554,
    "colsample_bytree": 0.8005385543948906
}