{
    "C": 98.25653379977,
    "gamma": 0.0004860512068589269
}