{
    "n_estimators": 100,
    "max_depth": 5,
    "gamma": 0.8965996215967506,
    "subsample": 0.7106936980976046,
    "colsample_bytree": 0.6054118395102969
}