{
    "C": 12.78018083218576,
    "gamma": 0.0009977137927509926
}