{
    "C": 45.572089261062324,
    "gamma": 0.0015418915853834898
}