{
    "C": 71.49674657191468,
    "gamma": 0.00023682496000203984
}