{
    "n_estimators": 10,
    "max_depth": 30,
    "gamma": 0.3133995406827549,
    "subsample": 0.6551085359528857,
    "colsample_bytree": 0.7344205186837591
}