{
    "C": 0.031375371273956267,
    "gamma": 0.006837671643772961
}