{
    "n_estimators": 100,
    "max_depth": 30,
    "gamma": 0.7093190405349769,
    "subsample": 0.9958720674784483,
    "colsample_bytree": 0.8373150317004258
}