{
    "C": 33.96469580485577,
    "gamma": 0.004160303539411552
}