{
    "n_estimators": 100,
    "max_depth": 20,
    "gamma": 0.854523827543352,
    "subsample": 0.5092555447804211,
    "colsample_bytree": 0.8316439029343574
}