{
    "C": 86.56753086739319,
    "gamma": 0.0034030281529595814
}