{
    "C": 40.960010123023736,
    "gamma": 0.00035715672061016347
}