{
    "C": 1.4187967643726083,
    "gamma": 0.005927349196469512
}