{
    "C": 38.70598619098791,
    "gamma": 0.04327239658228434
}