{
    "n_estimators": 100,
    "max_depth": 30,
    "gamma": 0.5695150372570381,
    "subsample": 0.9982166812854135,
    "colsample_bytree": 0.9133249316574907
}