{
    "C": 91.65935479303083,
    "gamma": 0.003936667036716229
}