{
    "C": 0.09420002214974257,
    "gamma": 0.013556907843991656
}