{
    "C": 0.44082800496416064,
    "gamma": 0.08438414517608783
}