{
    "n_estimators": 40,
    "max_depth": 5,
    "gamma": 0.9681903397412062,
    "subsample": 0.5282246615033291,
    "colsample_bytree": 0.9261553742714215
}