{
    "C": 2.4259264602876263,
    "gamma": 0.0003362487225467854
}