{
    "C": 92.90179809271335,
    "gamma": 0.002842315276506738
}