{
    "n_estimators": 10,
    "max_depth": 20,
    "gamma": 0.9738892144312379,
    "subsample": 0.8964089422231122,
    "colsample_bytree": 0.8546644284905035
}