{
    "C": 1.6414548592307003,
    "gamma": 0.01750742985444621
}