{
    "C": 0.13874302508916828,
    "gamma": 0.003006760590886132
}