{
    "C": 28.245530997035356,
    "gamma": 0.0003505530965585537
}