{
    "C": 0.02280513134965738,
    "gamma": 0.16812487624264294
}