{
    "n_estimators": 100,
    "max_depth": 5,
    "gamma": 0.4213648252478772,
    "subsample": 0.6428574572060514,
    "colsample_bytree": 0.5388627844911011
}