{
    "C": 92.42650856681601,
    "gamma": 0.0008299970585589788
}