{
    "n_estimators": 40,
    "max_depth": 5,
    "gamma": 0.380227157786253,
    "subsample": 0.5053007952589881,
    "colsample_bytree": 0.912607482168205
}