{
    "n_estimators": 100,
    "max_depth": 5,
    "gamma": 0.4381242090630944,
    "subsample": 0.5706974131901595,
    "colsample_bytree": 0.5086292030814403
}