{
    "C": 14.560377291292257,
    "gamma": 0.02007427586846267
}