{
    "C": 3.8143486186647126,
    "gamma": 0.9138966502602072
}