{
    "n_estimators": 40,
    "max_depth": 5,
    "gamma": 0.1646226317050326,
    "subsample": 0.9558072642660193,
    "colsample_bytree": 0.9572509566355633
}