{
    "C": 6.984736234661104,
    "gamma": 0.002369212562058427
}