{
    "n_estimators": 10,
    "max_depth": 5,
    "gamma": 0.6313653438994521,
    "subsample": 0.8435836217738197,
    "colsample_bytree": 0.6803142546335712
}