{
    "C": 9.553072153737672,
    "gamma": 0.002750290328285801
}