{
    "C": 0.03123068030480687,
    "gamma": 0.00028399154379377307
}