{
    "n_estimators": 40,
    "max_depth": 30,
    "gamma": 0.279043894314156,
    "subsample": 0.7355164246864632,
    "colsample_bytree": 0.8646132050118197
}