{
    "n_estimators": 100,
    "max_depth": 5,
    "gamma": 0.26102913690659557,
    "subsample": 0.9258845293142544,
    "colsample_bytree": 0.8337934843968156
}