{
    "C": 0.3177703068166367,
    "gamma": 0.0004376921609356608
}