{
    "C": 7.625530530070344,
    "gamma": 0.0013712366855113077
}