{
    "n_estimators": 40,
    "max_depth": 20,
    "gamma": 0.9065263873260476,
    "subsample": 0.9977984797648212,
    "colsample_bytree": 0.9437520823383077
}