{
    "C": 98.91504031440121,
    "gamma": 0.022558461746246507
}