{
    "C": 89.06497371922337,
    "gamma": 0.007898015218958639
}