{
    "C": 0.07934918125144265,
    "gamma": 0.07249107718097104
}