{
    "n_estimators": 10,
    "max_depth": 30,
    "gamma": 0.11579547925448629,
    "subsample": 0.7512129969054877,
    "colsample_bytree": 0.6433451099307927
}