{
    "C": 21.872888184566715,
    "gamma": 0.0057394089940769315
}