{
    "C": 55.80356693029492,
    "gamma": 0.000815289084289131
}