{
    "n_estimators": 10,
    "max_depth": 5,
    "gamma": 0.10764373246258885,
    "subsample": 0.7839863207959803,
    "colsample_bytree": 0.7839429882023751
}