{
    "C": 94.82893439136096,
    "gamma": 0.00022023846765417367
}