{
    "C": 94.58621517909282,
    "gamma": 0.0028286871746375135
}