{
    "n_estimators": 100,
    "max_depth": 30,
    "gamma": 0.34667781579300216,
    "subsample": 0.7071175095405257,
    "colsample_bytree": 0.6480399663668239
}