{
    "C": 3.262511056867563,
    "gamma": 0.0008806884685972306
}