{
    "n_estimators": 40,
    "max_depth": 20,
    "gamma": 0.39731700650079615,
    "subsample": 0.8421104977385359,
    "colsample_bytree": 0.5009016081522184
}