{
    "C": 0.19347536467555546,
    "gamma": 0.002031061371875531
}