{
    "n_estimators": 10,
    "max_depth": 30,
    "gamma": 0.2501637682488691,
    "subsample": 0.8714854184626968,
    "colsample_bytree": 0.8996265908997287
}