{
    "C": 1.8263596883926057,
    "gamma": 0.004864234787874755
}