{
    "C": 9.12039409506604,
    "gamma": 0.009050805616884499
}