{
    "C": 85.15038511929704,
    "gamma": 0.0012773759127519368
}