{
    "C": 10.29948500631225,
    "gamma": 0.0002872344740063589
}