{
    "C": 2.379346731310674,
    "gamma": 0.0006779484940564978
}