{
    "C": 41.194243838994694,
    "gamma": 0.001697942286768977
}