{
    "C": 77.49218734677308,
    "gamma": 0.00017062755922930115
}