{
    "C": 59.8612312983807,
    "gamma": 0.02688515507000377
}