{
    "C": 0.36391672725604174,
    "gamma": 0.00849369440931391
}