{
    "n_estimators": 100,
    "max_depth": 5,
    "gamma": 0.9847610462558015,
    "subsample": 0.9918362101273507,
    "colsample_bytree": 0.7311583853004482
}