{
    "C": 18.70623441386075,
    "gamma": 0.005953356360325234
}