{
    "n_estimators": 100,
    "max_depth": 20,
    "gamma": 0.8656008209174186,
    "subsample": 0.5417730785169393,
    "colsample_bytree": 0.8244165472889254
}