{
    "C": 10.548333628775156,
    "gamma": 0.023509186865608676
}