{
    "C": 63.282196487467914,
    "gamma": 0.0032955198818601272
}