{
    "n_estimators": 40,
    "max_depth": 5,
    "gamma": 0.3591961848906945,
    "subsample": 0.8704017399787243,
    "colsample_bytree": 0.7807961675046955
}