{
    "C": 10.970460441705768,
    "gamma": 0.004864669630019368
}