{
    "C": 46.125011426607095,
    "gamma": 0.0058050445602812195
}