{
    "C": 0.09722964091116072,
    "gamma": 0.0017901097936015554
}