{
    "C": 63.08512257811712,
    "gamma": 0.002640270335077561
}