{
    "C": 4.973524196589867,
    "gamma": 0.0008548647384509719
}