{
    "C": 1.9061240357816125,
    "gamma": 0.026952422549278994
}