{
    "C": 49.507964082601774,
    "gamma": 0.01941653892391091
}