{
    "n_estimators": 10,
    "max_depth": 20,
    "gamma": 0.8611678146144721,
    "subsample": 0.5041788291572397,
    "colsample_bytree": 0.538820718863386
}