{
    "C": 18.87815548092409,
    "gamma": 0.016047994010988498
}