{
    "C": 98.24679024804402,
    "gamma": 0.0003362567296027934
}