{
    "C": 0.29856346412766055,
    "gamma": 0.035023810476778126
}