{
    "C": 78.78369375457646,
    "gamma": 0.005751102444800193
}