{
    "C": 97.63594796229309,
    "gamma": 0.00040931382968160333
}