{
    "C": 6.129891993638259,
    "gamma": 0.05642883160765518
}