{
    "C": 11.71484940744447,
    "gamma": 0.19964454422028194
}