{
    "n_estimators": 10,
    "max_depth": 5,
    "gamma": 0.2054374419103261,
    "subsample": 0.7618450036286625,
    "colsample_bytree": 0.931838132204037
}