{
    "C": 53.49901188164566,
    "gamma": 0.0712034825671605
}