{
    "C": 1.0165370992481053,
    "gamma": 0.1902027802473382
}