{
    "n_estimators": 10,
    "max_depth": 20,
    "gamma": 0.4806200998929483,
    "subsample": 0.9077278082894746,
    "colsample_bytree": 0.9715083346653923
}