{
    "C": 92.61335740959598,
    "gamma": 0.005097617049292433
}