{
    "C": 9.673159522406905,
    "gamma": 0.0003180207179371747
}