{
    "C": 55.01779149291583,
    "gamma": 0.002727110821185812
}