{
    "C": 4.220165247867255,
    "gamma": 0.0011620518577544544
}