{
    "n_estimators": 100,
    "max_depth": 5,
    "gamma": 0.7968522000052364,
    "subsample": 0.9021208275856696,
    "colsample_bytree": 0.8968983913249929
}