{
    "C": 98.9261335255389,
    "gamma": 0.00028451748419800274
}