{
    "n_estimators": 100,
    "max_depth": 5,
    "gamma": 0.8383006531647158,
    "subsample": 0.6938576146292676,
    "colsample_bytree": 0.7851254639459453
}