{
    "n_estimators": 100,
    "max_depth": 30,
    "gamma": 0.27159985778505435,
    "subsample": 0.6801209613143862,
    "colsample_bytree": 0.6437762536455532
}