{
    "C": 8.876059835651835,
    "gamma": 0.004195514011926143
}