{
    "n_estimators": 100,
    "max_depth": 30,
    "gamma": 0.5008639373242714,
    "subsample": 0.887803392685077,
    "colsample_bytree": 0.7198469297121799
}