{
    "C": 17.757430319443916,
    "gamma": 0.004115194859067846
}