{
    "C": 0.4940500682740264,
    "gamma": 0.0009893231309480376
}