{
    "n_estimators": 10,
    "max_depth": 5,
    "gamma": 0.19575463104456936,
    "subsample": 0.5711297372855401,
    "colsample_bytree": 0.6660363691449926
}