{
    "C": 2.998598682588826,
    "gamma": 0.042324310067136564
}