{
    "C": 4.4744144268099735,
    "gamma": 0.07128246520664146
}