{
    "C": 38.98796447277372,
    "gamma": 0.0012843644799318801
}