{
    "n_estimators": 100,
    "max_depth": 5,
    "gamma": 0.24085947479011213,
    "subsample": 0.6634956744870366,
    "colsample_bytree": 0.632840069828997
}