{
    "C": 55.95934485810341,
    "gamma": 0.013493481994148005
}