{
    "C": 6.041410011812951,
    "gamma": 0.006779437459205454
}