{
    "C": 0.18533586248117695,
    "gamma": 0.00837178464880299
}