{
    "C": 0.030354185978325253,
    "gamma": 0.004354520525422089
}