{
    "C": 0.03895559406786035,
    "gamma": 0.0005687616881623567
}