{
    "C": 99.21320936979296,
    "gamma": 0.00045227346443626126
}