{
    "C": 1.7428847440501067,
    "gamma": 0.006982836689354962
}