{
    "C": 13.523684318369478,
    "gamma": 0.026270999789094158
}