{
    "C": 4.1092842579112485,
    "gamma": 0.01748603775859109
}