{
    "C": 0.06840769476471338,
    "gamma": 0.00047182232303215853
}