{
    "C": 0.031211779289728916,
    "gamma": 0.005847146285454552
}