{
    "C": 0.02725212391307086,
    "gamma": 0.006718378565639756
}