{
    "n_estimators": 40,
    "max_depth": 20,
    "gamma": 0.4634880051307454,
    "subsample": 0.9949773578906097,
    "colsample_bytree": 0.9381743517401644
}