{
    "C": 12.635425276453923,
    "gamma": 0.0010682860945954143
}