{
    "C": 39.08665206604184,
    "gamma": 0.04651530700450706
}