{
    "C": 53.066944048916255,
    "gamma": 0.00012577574840733457
}