{
    "n_estimators": 10,
    "max_depth": 20,
    "gamma": 0.1061798526680846,
    "subsample": 0.6593787603694867,
    "colsample_bytree": 0.8236587488680612
}