{
    "C": 55.25188185779028,
    "gamma": 0.0022174538593391774
}