{
    "n_estimators": 100,
    "max_depth": 20,
    "gamma": 0.1118487397978592,
    "subsample": 0.8145999956105362,
    "colsample_bytree": 0.8916462977599725
}