{
    "C": 0.5315771577177069,
    "gamma": 0.00028304652867114003
}