{
    "C": 1.894453941158365,
    "gamma": 0.0005337421342984142
}