{
    "C": 47.74855444506165,
    "gamma": 0.008089166476411211
}