{
    "n_estimators": 40,
    "max_depth": 5,
    "gamma": 0.4138333455675109,
    "subsample": 0.9389314861134148,
    "colsample_bytree": 0.7939560404365681
}