{
    "C": 65.64356944613192,
    "gamma": 0.030139847823957257
}