{
    "n_estimators": 100,
    "max_depth": 5,
    "gamma": 0.3483094647923639,
    "subsample": 0.7939380390025529,
    "colsample_bytree": 0.7735711029796757
}