{
    "C": 0.01025258507396144,
    "gamma": 0.0020340741668339515
}