{
    "C": 2.572323849073363,
    "gamma": 0.0012354283037698034
}