{
    "C": 44.0060681602743,
    "gamma": 0.0022511838100071407
}