{
    "C": 0.08520482836745981,
    "gamma": 0.0003060829187824379
}