{
    "C": 5.365549506517921,
    "gamma": 0.006061317086012338
}