{
    "n_estimators": 40,
    "max_depth": 20,
    "gamma": 0.6034432299819035,
    "subsample": 0.9917214483861204,
    "colsample_bytree": 0.5465775483931599
}