{
    "C": 7.816956610394551,
    "gamma": 0.001273550705289322
}