{
    "n_estimators": 40,
    "max_depth": 5,
    "gamma": 0.4331834709280707,
    "subsample": 0.7832824106486092,
    "colsample_bytree": 0.5094845086836574
}