{
    "C": 13.739603786503015,
    "gamma": 0.0009987394938272532
}