{
    "n_estimators": 100,
    "max_depth": 20,
    "gamma": 0.10626253424893489,
    "subsample": 0.8719887542210434,
    "colsample_bytree": 0.9439127978820326
}