{
    "n_estimators": 100,
    "max_depth": 5,
    "gamma": 0.31903584059535434,
    "subsample": 0.6756864275277912,
    "colsample_bytree": 0.8847493524765815
}