{
    "C": 0.21540155743450096,
    "gamma": 0.04877705453030163
}