{
    "C": 82.23704196612866,
    "gamma": 0.0010355388819936432
}