{
    "n_estimators": 40,
    "max_depth": 5,
    "gamma": 0.4309044066529876,
    "subsample": 0.5991596377711633,
    "colsample_bytree": 0.601313317424087
}