{
    "n_estimators": 100,
    "max_depth": 30,
    "gamma": 0.1834848435318964,
    "subsample": 0.561769048647478,
    "colsample_bytree": 0.8983416283443961
}