{
    "C": 0.7630210396704389,
    "gamma": 0.0016137614718458215
}