{
    "C": 17.248678709717165,
    "gamma": 0.005459646332538351
}