{
    "C": 0.689420393014564,
    "gamma": 0.00034807434587399023
}