{
    "C": 43.572907629777816,
    "gamma": 0.005906392869116778
}