{
    "C": 17.65820155875106,
    "gamma": 0.015364628692667446
}