{
    "C": 95.00267987143022,
    "gamma": 0.00226549702663983
}