{
    "C": 0.34137231529593515,
    "gamma": 0.9991386579363425
}