{
    "C": 17.441223897989232,
    "gamma": 0.013969420117623421
}