{
    "C": 2.110850611700625,
    "gamma": 0.019349771958711844
}