{
    "C": 0.01258436455356641,
    "gamma": 0.00013482448869904363
}