{
    "C": 90.97185660787125,
    "gamma": 0.001076784991025707
}