{
    "n_estimators": 40,
    "max_depth": 5,
    "gamma": 0.21185325488012274,
    "subsample": 0.5026526331143375,
    "colsample_bytree": 0.828289747693305
}