{
    "C": 0.01007599099482784,
    "gamma": 0.00272075918350544
}