{
    "C": 7.286201320957982,
    "gamma": 0.004750975040495721
}