{
    "C": 14.948074873874527,
    "gamma": 0.0008304129166404906
}