{
    "C": 17.336022085685524,
    "gamma": 0.002437018083289193
}