{
    "C": 15.84909074198619,
    "gamma": 0.018426122714622527
}