{
    "C": 14.159898149012264,
    "gamma": 0.0004793001016921613
}