{
    "C": 1.3204039460049581,
    "gamma": 0.005760574607478775
}