{
    "C": 94.65569428856732,
    "gamma": 0.00026367838041873746
}