{
    "n_estimators": 100,
    "max_depth": 5,
    "gamma": 0.8004180297542249,
    "subsample": 0.7622750880405813,
    "colsample_bytree": 0.952208644489829
}