{
    "n_estimators": 40,
    "max_depth": 5,
    "gamma": 0.28247803655056725,
    "subsample": 0.5021274019801388,
    "colsample_bytree": 0.84276836783006
}