{
    "n_estimators": 40,
    "max_depth": 30,
    "gamma": 0.5980686687627182,
    "subsample": 0.5743209406544477,
    "colsample_bytree": 0.851610248116951
}