{
    "C": 2.2144910023297872,
    "gamma": 0.029242146716584334
}