{
    "n_estimators": 40,
    "max_depth": 5,
    "gamma": 0.11701644856579113,
    "subsample": 0.6180240592230783,
    "colsample_bytree": 0.9948089711517197
}