{
    "C": 99.67117652637964,
    "gamma": 0.007388601947197363
}