{
    "C": 13.1078567696809,
    "gamma": 0.0006176469460575716
}