{
    "n_estimators": 100,
    "max_depth": 30,
    "gamma": 0.9070675375097208,
    "subsample": 0.806549605019893,
    "colsample_bytree": 0.5762751763355949
}