{
    "C": 50.74512767631676,
    "gamma": 0.026476095598596424
}