{
    "n_estimators": 100,
    "max_depth": 30,
    "gamma": 0.45191156479677563,
    "subsample": 0.8285902708861748,
    "colsample_bytree": 0.7913657621173406
}