{
    "C": 98.43662090229778,
    "gamma": 0.0018399168403638686
}