{
    "n_estimators": 40,
    "max_depth": 20,
    "gamma": 0.757721640991458,
    "subsample": 0.5474539057651451,
    "colsample_bytree": 0.8903201984482427
}