{
    "n_estimators": 100,
    "max_depth": 5,
    "gamma": 0.3975756330543883,
    "subsample": 0.7817072658032842,
    "colsample_bytree": 0.6203375824062237
}