{
    "C": 79.35519767701408,
    "gamma": 0.00028022867289389245
}