{
    "n_estimators": 10,
    "max_depth": 30,
    "gamma": 0.5620024466632938,
    "subsample": 0.6921174250057663,
    "colsample_bytree": 0.6370666966715867
}