{
    "C": 14.61210707981722,
    "gamma": 0.007898015218958639
}