{
    "C": 37.49078888751907,
    "gamma": 0.0024149911622041616
}