{
    "C": 46.47159606480374,
    "gamma": 0.009080696536910926
}