{
    "n_estimators": 40,
    "max_depth": 5,
    "gamma": 0.3157828651637957,
    "subsample": 0.9056792603328354,
    "colsample_bytree": 0.9674879616886476
}