{
    "C": 22.496538390947123,
    "gamma": 0.0017046163610230627
}