{
    "C": 1.6641083551975926,
    "gamma": 0.017124349010816727
}