{
    "n_estimators": 10,
    "max_depth": 20,
    "gamma": 0.6047229982075226,
    "subsample": 0.8739144775056442,
    "colsample_bytree": 0.9622950460527617
}