{
    "C": 83.48146593810348,
    "gamma": 0.0003006853097684177
}