{
    "C": 88.56043925415626,
    "gamma": 0.004201806202614508
}