{
    "C": 76.7958802548668,
    "gamma": 0.0004912854566262928
}