{
    "n_estimators": 100,
    "max_depth": 20,
    "gamma": 0.1591775883705288,
    "subsample": 0.8758832926363432,
    "colsample_bytree": 0.9738086689257229
}