{
    "n_estimators": 100,
    "max_depth": 5,
    "gamma": 0.6345973056950355,
    "subsample": 0.927339388580266,
    "colsample_bytree": 0.9033583838015574
}