{
    "C": 5.234406826723222,
    "gamma": 0.0079847599936017
}