{
    "C": 48.086068369986165,
    "gamma": 0.0713443631376318
}