{
    "C": 42.070850414464594,
    "gamma": 0.012127866278325444
}