{
    "C": 7.559842521925233,
    "gamma": 0.007220884308130711
}