{
    "C": 94.27269746253684,
    "gamma": 0.00026789590135842516
}