{
    "n_estimators": 100,
    "max_depth": 5,
    "gamma": 0.159598483662953,
    "subsample": 0.6148925087554129,
    "colsample_bytree": 0.5977022858983649
}