{
    "C": 40.44525334357937,
    "gamma": 0.04341416270898606
}