{
    "n_estimators": 10,
    "max_depth": 5,
    "gamma": 0.28035281814315843,
    "subsample": 0.86846066182191,
    "colsample_bytree": 0.9035946803119548
}