{
    "C": 17.41534673185617,
    "gamma": 0.007441404156338853
}