{
    "C": 5.546344042253084,
    "gamma": 0.002121094519662488
}