{
    "n_estimators": 100,
    "max_depth": 30,
    "gamma": 0.5307963723876137,
    "subsample": 0.7176804694116705,
    "colsample_bytree": 0.8587752177815005
}