{
    "C": 35.819872857674824,
    "gamma": 0.0029430804091032828
}