{
    "n_estimators": 40,
    "max_depth": 20,
    "gamma": 0.9051464367363151,
    "subsample": 0.6901285593340403,
    "colsample_bytree": 0.5643591857955821
}