{
    "n_estimators": 40,
    "max_depth": 5,
    "gamma": 0.342639042602621,
    "subsample": 0.6368323576160742,
    "colsample_bytree": 0.984804754809557
}