{
    "C": 53.314770420032055,
    "gamma": 0.008529497585479981
}