{
    "C": 2.1741333103343097,
    "gamma": 0.04597007659896438
}