{
    "C": 0.16825826339609012,
    "gamma": 0.031885442712873066
}