{
    "C": 1.6270959208530156,
    "gamma": 0.10249811680660001
}