{
    "n_estimators": 40,
    "max_depth": 5,
    "gamma": 0.7373043424165961,
    "subsample": 0.7801887433397539,
    "colsample_bytree": 0.6441239853314098
}