{
    "C": 47.60142440959308,
    "gamma": 0.0003181825949576335
}