{
    "C": 0.012287042951649943,
    "gamma": 0.0002689230117214245
}