{
    "n_estimators": 100,
    "max_depth": 5,
    "gamma": 0.9012430950883327,
    "subsample": 0.991574497555103,
    "colsample_bytree": 0.7335287289697834
}