{
    "C": 16.791833978750496,
    "gamma": 0.0024541673982162106
}