{
    "C": 94.33393643506201,
    "gamma": 0.004009848010376183
}