{
    "n_estimators": 10,
    "max_depth": 20,
    "gamma": 0.8795242887011058,
    "subsample": 0.683196399606813,
    "colsample_bytree": 0.5069069453436845
}