{
    "n_estimators": 100,
    "max_depth": 30,
    "gamma": 0.8337524315834635,
    "subsample": 0.8776520831428118,
    "colsample_bytree": 0.6467222881626002
}