{
    "C": 83.38338477130266,
    "gamma": 0.006119939775279376
}