{
    "C": 0.07033885148009345,
    "gamma": 0.0023476208544939174
}