{
    "C": 48.550271791508585,
    "gamma": 0.002399695120327003
}