{
    "C": 95.94902329216782,
    "gamma": 0.11467073681207923
}