{
    "C": 5.482709706038422,
    "gamma": 0.00046956410681691003
}