{
    "C": 0.06853812385016227,
    "gamma": 0.004773301647393417
}