{
    "C": 96.16617796569034,
    "gamma": 0.010878468948937335
}