{
    "C": 36.11626477777917,
    "gamma": 0.014838027329463908
}