{
    "C": 2.1742574459240713,
    "gamma": 0.3206306729298284
}