{
    "C": 0.016086194257571303,
    "gamma": 0.030269385279422776
}