{
    "C": 15.730838370543646,
    "gamma": 0.009669599484964314
}