{
    "C": 3.0111222251271013,
    "gamma": 0.00506252384623837
}