{
    "n_estimators": 100,
    "max_depth": 5,
    "gamma": 0.9913860986584816,
    "subsample": 0.7789286533284532,
    "colsample_bytree": 0.6271428698415437
}