{
    "n_estimators": 100,
    "max_depth": 30,
    "gamma": 0.8164919666218169,
    "subsample": 0.8961237565758147,
    "colsample_bytree": 0.8373150317004258
}