{
    "n_estimators": 100,
    "max_depth": 30,
    "gamma": 0.6918007402171132,
    "subsample": 0.8431105857116872,
    "colsample_bytree": 0.8216506181347186
}