{
    "C": 1.6453051751516476,
    "gamma": 0.007048882073986118
}