{
    "C": 16.43239873728866,
    "gamma": 0.00749553324909624
}