{
    "n_estimators": 100,
    "max_depth": 30,
    "gamma": 0.3019981389508715,
    "subsample": 0.8094627825618306,
    "colsample_bytree": 0.6293084604602842
}