{
    "C": 98.12455350312123,
    "gamma": 0.015364628692667446
}