{
    "C": 44.297213051181174,
    "gamma": 0.0010346418424760126
}