{
    "C": 91.60416122317304,
    "gamma": 0.002681275772065996
}