{
    "C": 15.212736192965961,
    "gamma": 0.0001062580323883108
}