{
    "C": 14.643615399322497,
    "gamma": 0.0017981213217456737
}