{
    "n_estimators": 40,
    "max_depth": 30,
    "gamma": 0.6498309549927597,
    "subsample": 0.7888679374142473,
    "colsample_bytree": 0.8592552998008142
}