{
    "C": 16.379435449985397,
    "gamma": 0.0009997844432136917
}