{
    "C": 3.973431970600673,
    "gamma": 0.10018295090091846
}