{
    "n_estimators": 40,
    "max_depth": 20,
    "gamma": 0.5572783617772161,
    "subsample": 0.7773789198421688,
    "colsample_bytree": 0.7438168063366085
}