{
    "C": 2.419405937290171,
    "gamma": 0.0008191403595348694
}