{
    "C": 3.560091228221589,
    "gamma": 0.030802306678951744
}