{
    "n_estimators": 100,
    "max_depth": 5,
    "gamma": 0.2681645700627216,
    "subsample": 0.6393015232697135,
    "colsample_bytree": 0.639580013663853
}