{
    "C": 60.81916031775544,
    "gamma": 0.008766715525284765
}