{
    "C": 99.41456808192166,
    "gamma": 0.0024566027193601587
}