{
    "C": 10.41054130077999,
    "gamma": 0.004167789465179724
}