{
    "n_estimators": 100,
    "max_depth": 5,
    "gamma": 0.3481200243616573,
    "subsample": 0.583496664208107,
    "colsample_bytree": 0.5590344292658748
}