{
    "n_estimators": 40,
    "max_depth": 5,
    "gamma": 0.35063715305191356,
    "subsample": 0.7084332303740307,
    "colsample_bytree": 0.5003523336159669
}