{
    "C": 89.58980141628311,
    "gamma": 0.007915996316799956
}