{
    "n_estimators": 100,
    "max_depth": 30,
    "gamma": 0.6275801674252501,
    "subsample": 0.524593176210592,
    "colsample_bytree": 0.9360755559006139
}