{
    "C": 1.4699180610812084,
    "gamma": 0.00877675944325882
}