{
    "n_estimators": 10,
    "max_depth": 30,
    "gamma": 0.4627730915933872,
    "subsample": 0.8607643998368587,
    "colsample_bytree": 0.8573020388418839
}