{
    "n_estimators": 100,
    "max_depth": 30,
    "gamma": 0.5549594265687077,
    "subsample": 0.8073597141906825,
    "colsample_bytree": 0.7312478776171427
}