{
    "C": 7.358999454888406,
    "gamma": 0.0012998803277300005
}