{
    "C": 99.5819244691763,
    "gamma": 0.00022999448931749965
}