{
    "n_estimators": 100,
    "max_depth": 20,
    "gamma": 0.11040242551274723,
    "subsample": 0.7892467089652405,
    "colsample_bytree": 0.6396961976749229
}