{
    "n_estimators": 10,
    "max_depth": 30,
    "gamma": 0.5549594265687077,
    "subsample": 0.5490516694814744,
    "colsample_bytree": 0.883954577226615
}