{
    "C": 5.044682930817793,
    "gamma": 0.0006034881455384803
}