{
    "C": 61.22127251270673,
    "gamma": 0.037404522087758615
}