{
    "C": 0.3019670926378478,
    "gamma": 0.007191850409362935
}