{
    "n_estimators": 10,
    "max_depth": 30,
    "gamma": 0.43032399959113166,
    "subsample": 0.5827679484039741,
    "colsample_bytree": 0.8629746082609412
}