{
    "C": 21.844112042892704,
    "gamma": 0.16939930481267754
}