{
    "n_estimators": 10,
    "max_depth": 30,
    "gamma": 0.18211867200955006,
    "subsample": 0.7674948797932684,
    "colsample_bytree": 0.6027866267162769
}