{
    "n_estimators": 100,
    "max_depth": 5,
    "gamma": 0.31798733692887876,
    "subsample": 0.7929711845147981,
    "colsample_bytree": 0.9023819090841386
}