{
    "n_estimators": 40,
    "max_depth": 5,
    "gamma": 0.7029338349582089,
    "subsample": 0.5471460196277568,
    "colsample_bytree": 0.5778494740418422
}