{
    "C": 33.76533345189894,
    "gamma": 0.0026035824457202148
}