{
    "n_estimators": 100,
    "max_depth": 30,
    "gamma": 0.4143985760306188,
    "subsample": 0.936861215227344,
    "colsample_bytree": 0.892656353162363
}