{
    "C": 95.17072487881215,
    "gamma": 0.0003116202480331047
}