{
    "C": 87.82750771367625,
    "gamma": 0.007898015218958639
}