{
    "n_estimators": 100,
    "max_depth": 30,
    "gamma": 0.10092895285646053,
    "subsample": 0.9569711506259652,
    "colsample_bytree": 0.6578672114571673
}