{
    "C": 26.56519181791546,
    "gamma": 0.030664278548996518
}