{
    "C": 0.03702067575132929,
    "gamma": 0.0007485739374074099
}