{
    "C": 11.235016584965823,
    "gamma": 0.012288138524243642
}