{
    "C": 7.773669632341538,
    "gamma": 0.0020305950543092403
}