{
    "n_estimators": 40,
    "max_depth": 5,
    "gamma": 0.515967301450389,
    "subsample": 0.8778545833075517,
    "colsample_bytree": 0.7326499427892481
}