{
    "C": 0.011289145377673133,
    "gamma": 0.0027846597077456495
}