{
    "C": 0.5670703311028815,
    "gamma": 0.0783178418343345
}