{
    "n_estimators": 40,
    "max_depth": 5,
    "gamma": 0.7393181376772853,
    "subsample": 0.890132199843676,
    "colsample_bytree": 0.784769977439143
}