{
    "C": 94.60422719992268,
    "gamma": 0.003706994893140385
}