{
    "n_estimators": 100,
    "max_depth": 20,
    "gamma": 0.6877982579025952,
    "subsample": 0.9217438570132677,
    "colsample_bytree": 0.9292677648182479
}