{
    "C": 61.834450579860416,
    "gamma": 0.013261838194354215
}