{
    "n_estimators": 100,
    "max_depth": 5,
    "gamma": 0.8129318908069276,
    "subsample": 0.9254082280665801,
    "colsample_bytree": 0.6145382444075271
}