{
    "C": 54.87031057594781,
    "gamma": 0.0005055733556857605
}