{
    "C": 97.01419474797274,
    "gamma": 0.01120540052641483
}