{
    "C": 61.21016690618681,
    "gamma": 0.00010742557762883696
}