{
    "C": 99.51270395773729,
    "gamma": 0.0019182156884753213
}