{
    "n_estimators": 40,
    "max_depth": 20,
    "gamma": 0.6313206408602902,
    "subsample": 0.8719470482832788,
    "colsample_bytree": 0.8129778734753466
}