{
    "C": 0.10915992278457436,
    "gamma": 0.0017459436481655516
}