{
    "C": 2.5311030487501314,
    "gamma": 0.00020300183148575489
}