{
    "n_estimators": 10,
    "max_depth": 5,
    "gamma": 0.3705053937955588,
    "subsample": 0.6848033470207602,
    "colsample_bytree": 0.673287935281561
}