{
    "n_estimators": 40,
    "max_depth": 5,
    "gamma": 0.4866823704398512,
    "subsample": 0.6342385505944843,
    "colsample_bytree": 0.6021651493680611
}