{
    "C": 13.512053161041191,
    "gamma": 0.0005908651233775833
}