{
    "C": 89.27699378851213,
    "gamma": 0.0007107554970627626
}