{
    "C": 30.397272585496353,
    "gamma": 0.005625611753853804
}