{
    "C": 2.1810121132747895,
    "gamma": 0.0021918592561543304
}