{
    "n_estimators": 100,
    "max_depth": 20,
    "gamma": 0.17962098877423716,
    "subsample": 0.8704528179229315,
    "colsample_bytree": 0.993585754266157
}