{
    "C": 87.45811927425123,
    "gamma": 0.6668660909775087
}