{
    "n_estimators": 100,
    "max_depth": 20,
    "gamma": 0.6361752212866232,
    "subsample": 0.8309913561372338,
    "colsample_bytree": 0.7552902276266351
}