{
    "C": 3.046229519045408,
    "gamma": 0.059763775475435724
}