{
    "C": 94.33407897423258,
    "gamma": 0.0011691656439835236
}