{
    "n_estimators": 100,
    "max_depth": 20,
    "gamma": 0.3170638958243224,
    "subsample": 0.9437758028996274,
    "colsample_bytree": 0.8998124972386284
}