{
    "C": 1.6340843782733554,
    "gamma": 0.02663172308279156
}