{
    "n_estimators": 40,
    "max_depth": 5,
    "gamma": 0.25122977154654863,
    "subsample": 0.9977399990261633,
    "colsample_bytree": 0.6930363389944699
}