{
    "C": 54.35650144444861,
    "gamma": 0.0027926539469445267
}