{
    "n_estimators": 10,
    "max_depth": 30,
    "gamma": 0.7206064237466012,
    "subsample": 0.5459565775646777,
    "colsample_bytree": 0.7084597473924839
}