{
    "n_estimators": 40,
    "max_depth": 20,
    "gamma": 0.422528492364578,
    "subsample": 0.9190378955755119,
    "colsample_bytree": 0.9015884723384824
}