{
    "C": 51.083600160968935,
    "gamma": 0.0002714985657686562
}