{
    "n_estimators": 10,
    "max_depth": 30,
    "gamma": 0.11609981804030885,
    "subsample": 0.5475803493550773,
    "colsample_bytree": 0.774665187620459
}