{
    "C": 0.11851025167261421,
    "gamma": 0.00998918377985214
}