{
    "C": 1.132362155880467,
    "gamma": 0.025794650337694035
}