{
    "n_estimators": 40,
    "max_depth": 5,
    "gamma": 0.2493650280455365,
    "subsample": 0.9674263757419774,
    "colsample_bytree": 0.7517835178681788
}