{
    "C": 6.9961104535309975,
    "gamma": 0.00538920053588738
}