{
    "n_estimators": 40,
    "max_depth": 5,
    "gamma": 0.23324798828987028,
    "subsample": 0.8062581205373188,
    "colsample_bytree": 0.7446325107267193
}