{
    "C": 18.026717712949495,
    "gamma": 0.0022336934184178513
}