{
    "C": 14.120040522593198,
    "gamma": 0.004864669630019368
}