{
    "n_estimators": 40,
    "max_depth": 20,
    "gamma": 0.44563970495715977,
    "subsample": 0.7523725308473852,
    "colsample_bytree": 0.8163130220355199
}