{
    "n_estimators": 40,
    "max_depth": 5,
    "gamma": 0.5542854664866286,
    "subsample": 0.9162016635910594,
    "colsample_bytree": 0.566609667722446
}