{
    "C": 49.12941844773249,
    "gamma": 0.000322764122273028
}