{
    "n_estimators": 100,
    "max_depth": 20,
    "gamma": 0.8982527380552315,
    "subsample": 0.8313652583521709,
    "colsample_bytree": 0.7016702726071706
}