{
    "C": 33.76533345189894,
    "gamma": 0.002120292619610748
}