{
    "C": 99.79040763269057,
    "gamma": 0.004113055855357964
}