{
    "C": 2.1325142075775787,
    "gamma": 0.0010435395853663836
}