{
    "n_estimators": 10,
    "max_depth": 5,
    "gamma": 0.4988414648853049,
    "subsample": 0.8801008270703261,
    "colsample_bytree": 0.80090140327769
}