{
    "C": 0.550964877323289,
    "gamma": 0.00047824652183329466
}