{
    "n_estimators": 100,
    "max_depth": 5,
    "gamma": 0.5037295402211659,
    "subsample": 0.9408166720106502,
    "colsample_bytree": 0.5469313666008767
}