{
    "C": 99.13135644811909,
    "gamma": 0.00034563751002040626
}