{
    "C": 2.9818634510431288,
    "gamma": 0.02876052777792657
}