{
    "C": 32.98836052737817,
    "gamma": 0.007898015218958639
}