{
    "C": 10.308278429554967,
    "gamma": 0.01083503243462444
}