{
    "C": 0.5067251027430315,
    "gamma": 0.0022831437034838693
}