{
    "n_estimators": 100,
    "max_depth": 30,
    "gamma": 0.3441076576372374,
    "subsample": 0.7602255216256825,
    "colsample_bytree": 0.9995561000374329
}