{
    "C": 47.17924680621896,
    "gamma": 0.009462211507169131
}