{
    "C": 78.78369375457646,
    "gamma": 0.0029109704289173614
}