{
    "C": 91.66106213245853,
    "gamma": 0.0001450604356398372
}