{
    "C": 0.17086784089138335,
    "gamma": 0.04050237360747591
}