{
    "C": 9.490875864811155,
    "gamma": 0.04301158743411952
}