{
    "n_estimators": 100,
    "max_depth": 30,
    "gamma": 0.27792811776809306,
    "subsample": 0.8666186600539172,
    "colsample_bytree": 0.8080593753392951
}