{
    "C": 28.756416489108005,
    "gamma": 0.0003826128859867539
}