{
    "n_estimators": 40,
    "max_depth": 20,
    "gamma": 0.6773002329908641,
    "subsample": 0.6393208369010921,
    "colsample_bytree": 0.736582346816923
}