{
    "C": 20.988405535825507,
    "gamma": 0.0037496028573117297
}