{
    "C": 0.27902445988678604,
    "gamma": 0.0006527310894119358
}