{
    "n_estimators": 10,
    "max_depth": 30,
    "gamma": 0.5646316397274034,
    "subsample": 0.6481743941353858,
    "colsample_bytree": 0.7723282145376785
}