{
    "C": 94.46430097410746,
    "gamma": 0.0007940792415179682
}