{
    "n_estimators": 40,
    "max_depth": 5,
    "gamma": 0.5733216923286608,
    "subsample": 0.8322076299061992,
    "colsample_bytree": 0.5513346832798542
}