{
    "C": 96.70307070998385,
    "gamma": 0.00010902056651475278
}