{
    "C": 0.04709552086731356,
    "gamma": 0.04412282594560096
}