{
    "C": 4.9573082573179805,
    "gamma": 0.0021607468911685798
}