{
    "C": 0.1945827391466313,
    "gamma": 0.08708427536055684
}