{
    "n_estimators": 40,
    "max_depth": 30,
    "gamma": 0.7487633273197036,
    "subsample": 0.6473974366167666,
    "colsample_bytree": 0.612939245736537
}