{
    "n_estimators": 100,
    "max_depth": 5,
    "gamma": 0.39338037712010426,
    "subsample": 0.7305039856406822,
    "colsample_bytree": 0.5168677467491051
}