{
    "C": 4.759101400077124,
    "gamma": 0.0001627050708878062
}