{
    "C": 39.01095840340512,
    "gamma": 0.06264105115007162
}