{
    "C": 11.2189020396207,
    "gamma": 0.00010561589022733545
}