{
    "C": 11.167754394005495,
    "gamma": 0.07365584774330325
}