{
    "n_estimators": 40,
    "max_depth": 20,
    "gamma": 0.9969371986194453,
    "subsample": 0.9683640491533567,
    "colsample_bytree": 0.7184864299304776
}