{
    "C": 29.115619751834593,
    "gamma": 0.0023127359415597427
}