{
    "C": 98.72418010647141,
    "gamma": 0.00010703891395238094
}