{
    "C": 91.44599228499479,
    "gamma": 0.0043534756355022505
}