{
    "n_estimators": 40,
    "max_depth": 5,
    "gamma": 0.7641884293005878,
    "subsample": 0.7082754208647494,
    "colsample_bytree": 0.5022556581057872
}