{
    "n_estimators": 100,
    "max_depth": 30,
    "gamma": 0.7603572265769204,
    "subsample": 0.89882897156719,
    "colsample_bytree": 0.6171301050514337
}