{
    "C": 30.126115806378028,
    "gamma": 0.0001129585927058187
}