{
    "C": 0.032142057603809365,
    "gamma": 0.03148656579613352
}