{
    "C": 52.39898543255597,
    "gamma": 0.009646284855168875
}