{
    "n_estimators": 100,
    "max_depth": 5,
    "gamma": 0.6077936026993253,
    "subsample": 0.9257293622481938,
    "colsample_bytree": 0.9410879928504743
}