{
    "C": 95.04924760635478,
    "gamma": 0.0002757998657283514
}