{
    "C": 4.487276479271507,
    "gamma": 0.0012594689345178107
}