{
    "n_estimators": 100,
    "max_depth": 30,
    "gamma": 0.10444255061115448,
    "subsample": 0.9958720674784483,
    "colsample_bytree": 0.8798284548516915
}