{
    "C": 6.216958648502451,
    "gamma": 0.25659193046688444
}