{
    "n_estimators": 40,
    "max_depth": 20,
    "gamma": 0.6219909197947885,
    "subsample": 0.7510003183087002,
    "colsample_bytree": 0.9071397664453783
}