{
    "C": 21.982184749981688,
    "gamma": 0.01201972696042141
}