{
    "n_estimators": 100,
    "max_depth": 5,
    "gamma": 0.62597788769395,
    "subsample": 0.8319357250604286,
    "colsample_bytree": 0.6403155149475257
}