{
    "C": 9.060278860783303,
    "gamma": 0.0029761508356516914
}