{
    "n_estimators": 40,
    "max_depth": 30,
    "gamma": 0.8875997587476416,
    "subsample": 0.8815324373198361,
    "colsample_bytree": 0.9850679589772882
}