{
    "C": 32.752985440497156,
    "gamma": 0.000743910706194296
}