{
    "C": 1.8583084559825278,
    "gamma": 0.0037562295143489526
}