{
    "n_estimators": 10,
    "max_depth": 5,
    "gamma": 0.9966856929320722,
    "subsample": 0.6388052294316233,
    "colsample_bytree": 0.7636923459089393
}