{
    "C": 0.04968140241808243,
    "gamma": 0.03318226716903094
}