{
    "C": 0.10126731563730165,
    "gamma": 0.000279114946758415
}