{
    "C": 54.55508954405482,
    "gamma": 0.010520633602019215
}