{
    "C": 51.25545049160052,
    "gamma": 0.004869041877425332
}