{
    "C": 9.558130176797638,
    "gamma": 0.15051228668564237
}