{
    "n_estimators": 40,
    "max_depth": 30,
    "gamma": 0.961501169913318,
    "subsample": 0.6443787399344482,
    "colsample_bytree": 0.6459859458250548
}