{
    "C": 1.2586809963117316,
    "gamma": 0.05905507688841374
}