{
    "C": 54.33778457502623,
    "gamma": 0.008936616328995842
}