{
    "n_estimators": 10,
    "max_depth": 30,
    "gamma": 0.21593163832975482,
    "subsample": 0.5782273898253447,
    "colsample_bytree": 0.7241612051208073
}