{
    "C": 7.1885923730142895,
    "gamma": 0.0005677927176855552
}