{
    "C": 80.58439899306063,
    "gamma": 0.00569388177145615
}