{
    "n_estimators": 40,
    "max_depth": 20,
    "gamma": 0.33140597679796263,
    "subsample": 0.6332746198902854,
    "colsample_bytree": 0.7530657652781595
}