{
    "C": 0.022266847904120972,
    "gamma": 0.0016780234714357373
}