{
    "n_estimators": 100,
    "max_depth": 20,
    "gamma": 0.4503234480469506,
    "subsample": 0.8536236801849947,
    "colsample_bytree": 0.6718046244985726
}