{
    "C": 86.8579969967552,
    "gamma": 0.007898015218958639
}