{
    "C": 0.014821497975082398,
    "gamma": 0.0015896844939122827
}