{
    "C": 39.67073578260995,
    "gamma": 0.00045889097683638765
}