{
    "C": 92.667480923322,
    "gamma": 0.007898015218958639
}