{
    "n_estimators": 100,
    "max_depth": 5,
    "gamma": 0.6861554640609053,
    "subsample": 0.7436541566056883,
    "colsample_bytree": 0.632840069828997
}