{
    "C": 33.61729830899121,
    "gamma": 0.004864849563294053
}