{
    "n_estimators": 100,
    "max_depth": 5,
    "gamma": 0.26243906447147763,
    "subsample": 0.5665088776762035,
    "colsample_bytree": 0.8238197091984051
}