{
    "C": 1.1947585110038272,
    "gamma": 0.09071297069515893
}