{
    "C": 99.13959281439851,
    "gamma": 0.0022900910042341167
}