{
    "C": 87.16935005016356,
    "gamma": 0.23585314181774147
}