{
    "C": 0.41005304248865443,
    "gamma": 0.06834640639359478
}