{
    "C": 23.74142060113908,
    "gamma": 0.00040674389185767413
}