{
    "C": 3.552654301644259,
    "gamma": 0.0005589823422976997
}