{
    "C": 1.8910644598666566,
    "gamma": 0.002293695034428839
}