{
    "n_estimators": 100,
    "max_depth": 5,
    "gamma": 0.8611757841638613,
    "subsample": 0.6889970206644446,
    "colsample_bytree": 0.5461085044358621
}