{
    "C": 75.12321568300366,
    "gamma": 0.030139847823957257
}