{
    "n_estimators": 100,
    "max_depth": 30,
    "gamma": 0.9809911279527126,
    "subsample": 0.8994178024304186,
    "colsample_bytree": 0.571138908187983
}