{
    "C": 23.29365446096751,
    "gamma": 0.0010382142755366636
}