{
    "C": 96.79225303364682,
    "gamma": 0.031678461262528594
}