{
    "n_estimators": 100,
    "max_depth": 5,
    "gamma": 0.355107599379763,
    "subsample": 0.8865026223381829,
    "colsample_bytree": 0.6743671365921762
}