{
    "C": 0.011526381320000379,
    "gamma": 0.016132749332829602
}