{
    "C": 19.700451549677236,
    "gamma": 0.004420485132718036
}