{
    "n_estimators": 100,
    "max_depth": 20,
    "gamma": 0.6718205850237038,
    "subsample": 0.9059511955902053,
    "colsample_bytree": 0.9633413076219371
}