{
    "C": 25.64827237938032,
    "gamma": 0.0009154539453014651
}