{
    "n_estimators": 40,
    "max_depth": 5,
    "gamma": 0.621085656762728,
    "subsample": 0.7218567228972277,
    "colsample_bytree": 0.7288161602892563
}