{
    "n_estimators": 100,
    "max_depth": 5,
    "gamma": 0.24116237023424003,
    "subsample": 0.946993238976907,
    "colsample_bytree": 0.6695803629774227
}