{
    "n_estimators": 40,
    "max_depth": 5,
    "gamma": 0.26791350923700163,
    "subsample": 0.7014558685214056,
    "colsample_bytree": 0.9939712720503162
}