{
    "C": 2.6004716794327876,
    "gamma": 0.0012702183209513495
}