{
    "C": 0.09981045687116613,
    "gamma": 0.015374025607489699
}