{
    "C": 9.827993448365747,
    "gamma": 0.001248951128624167
}