{
    "C": 4.2412523819574135,
    "gamma": 0.000536159472477972
}