{
    "C": 7.012171834879081,
    "gamma": 0.009973705141793132
}