{
    "C": 94.57037369113846,
    "gamma": 0.0030254855196298947
}