{
    "C": 99.30071960131185,
    "gamma": 0.0006913707352454425
}