{
    "C": 84.39808575526624,
    "gamma": 0.0013057502287554515
}