{
    "C": 6.905833510236196,
    "gamma": 0.0028339934713209505
}