{
    "n_estimators": 100,
    "max_depth": 20,
    "gamma": 0.9877599639169764,
    "subsample": 0.6304809553711774,
    "colsample_bytree": 0.7106194337227647
}