{
    "C": 5.834198799492375,
    "gamma": 0.00011772103322869979
}