{
    "n_estimators": 10,
    "max_depth": 30,
    "gamma": 0.25097526643226326,
    "subsample": 0.5779115593616434,
    "colsample_bytree": 0.6415557347917157
}