{
    "C": 45.128195721074526,
    "gamma": 0.010746198065353804
}