{
    "C": 92.64650010520522,
    "gamma": 0.002233766244526674
}