{
    "C": 6.104309831021664,
    "gamma": 0.00045852684081004497
}