{
    "C": 5.107083463809838,
    "gamma": 0.004239833990060168
}