{
    "C": 2.1810121132747895,
    "gamma": 0.015143845139914616
}