{
    "C": 4.429821012262264,
    "gamma": 0.05951967910335012
}