{
    "n_estimators": 100,
    "max_depth": 30,
    "gamma": 0.21029555388254248,
    "subsample": 0.7787082888508926,
    "colsample_bytree": 0.7461161500825029
}