{
    "C": 9.520891187354179,
    "gamma": 0.0006805058000056771
}