{
    "C": 34.927402574627564,
    "gamma": 0.0255026400425667
}