{
    "C": 19.332246923754244,
    "gamma": 0.015751484891297393
}