{
    "C": 60.67266858458046,
    "gamma": 0.001366002544888146
}