{
    "n_estimators": 100,
    "max_depth": 5,
    "gamma": 0.26943955606820547,
    "subsample": 0.8503877740240677,
    "colsample_bytree": 0.8530160964520722
}