{
    "C": 24.616336873342604,
    "gamma": 0.000113331163253267
}