{
    "n_estimators": 100,
    "max_depth": 30,
    "gamma": 0.4910088351016869,
    "subsample": 0.8533721301138959,
    "colsample_bytree": 0.6872938863967766
}