{
    "C": 0.5094299869117715,
    "gamma": 0.08906649737796249
}