{
    "C": 60.01415021399694,
    "gamma": 0.00022528003386757634
}