{
    "C": 92.64650010520522,
    "gamma": 0.004017860544913713
}