{
    "n_estimators": 100,
    "max_depth": 20,
    "gamma": 0.24307262528096776,
    "subsample": 0.5551875705821525,
    "colsample_bytree": 0.8281647947326367
}