{
    "n_estimators": 40,
    "max_depth": 5,
    "gamma": 0.2564476381131845,
    "subsample": 0.8641017854156624,
    "colsample_bytree": 0.6180118644764598
}