{
    "C": 0.10423827786033796,
    "gamma": 0.13309044320733127
}