{
    "C": 0.16177236519531224,
    "gamma": 0.03062802979795189
}