{
    "n_estimators": 40,
    "max_depth": 20,
    "gamma": 0.968356042433547,
    "subsample": 0.831720748909224,
    "colsample_bytree": 0.8108478601045609
}