{
    "C": 4.042627197471849,
    "gamma": 0.221670647252707
}