{
    "n_estimators": 100,
    "max_depth": 5,
    "gamma": 0.9871324257333897,
    "subsample": 0.9953987070240145,
    "colsample_bytree": 0.7211344174441732
}