{
    "C": 0.4218969765955926,
    "gamma": 0.0025145530348063476
}