{
    "n_estimators": 10,
    "max_depth": 5,
    "gamma": 0.5708975415292828,
    "subsample": 0.8325518818699644,
    "colsample_bytree": 0.8515532744034193
}