{
    "C": 50.12925474825421,
    "gamma": 0.0013992142923403548
}