{
    "C": 2.4202391631054243,
    "gamma": 0.0018003599613446025
}