{
    "n_estimators": 100,
    "max_depth": 20,
    "gamma": 0.7807294607012949,
    "subsample": 0.9370477305516158,
    "colsample_bytree": 0.5571484551071015
}