{
    "C": 3.1382547413453565,
    "gamma": 0.00010058403861484927
}