{
    "C": 48.86605231137569,
    "gamma": 0.0025675932473392038
}