{
    "C": 18.58443247915835,
    "gamma": 0.0022576603225409574
}