{
    "C": 2.5508369701099185,
    "gamma": 0.006237926137781325
}