{
    "n_estimators": 100,
    "max_depth": 30,
    "gamma": 0.62597788769395,
    "subsample": 0.8511978568846179,
    "colsample_bytree": 0.5582005823788865
}