{
    "C": 7.862145855857382,
    "gamma": 0.01584595357236421
}