{
    "C": 9.387712797499168,
    "gamma": 0.0003042221933913427
}