{
    "C": 26.416199750754156,
    "gamma": 0.00027073982963203395
}