{
    "C": 1.2687980870124473,
    "gamma": 0.022134942732079915
}