{
    "C": 0.5270784658374341,
    "gamma": 0.004068229457500922
}