{
    "C": 0.6137808106950431,
    "gamma": 0.0006843879759551015
}