{
    "C": 54.63702406830446,
    "gamma": 0.005193517511945387
}