{
    "n_estimators": 40,
    "max_depth": 20,
    "gamma": 0.5353001972732727,
    "subsample": 0.5074378248760248,
    "colsample_bytree": 0.6150601435295849
}