{
    "C": 9.111728752094505,
    "gamma": 0.036064473174578233
}