{
    "C": 9.075614031903914,
    "gamma": 0.003161558599820629
}