{
    "n_estimators": 40,
    "max_depth": 20,
    "gamma": 0.887198159357951,
    "subsample": 0.8309184738584485,
    "colsample_bytree": 0.7813767766011256
}