{
    "C": 2.779013057168486,
    "gamma": 0.0013357162107355788
}