{
    "C": 16.242983150494393,
    "gamma": 0.0011563213543912551
}