{
    "C": 0.9695207361489881,
    "gamma": 0.0005530681693964695
}