{
    "C": 2.0304430630867234,
    "gamma": 0.02207966503867178
}