{
    "n_estimators": 40,
    "max_depth": 5,
    "gamma": 0.44641280414155904,
    "subsample": 0.7991087303518541,
    "colsample_bytree": 0.7407775041552119
}