{
    "C": 98.21909995977069,
    "gamma": 0.0006423073254989481
}