{
    "C": 1.5665549352915116,
    "gamma": 0.005760574607478775
}