{
    "C": 99.55723815608464,
    "gamma": 0.001915437568626254
}