{
    "C": 92.56364060890898,
    "gamma": 0.023762808156243723
}