{
    "C": 19.734650446125155,
    "gamma": 0.008626012428184435
}