{
    "n_estimators": 10,
    "max_depth": 30,
    "gamma": 0.7238485342393134,
    "subsample": 0.6043683049887147,
    "colsample_bytree": 0.8522752600022213
}