{
    "n_estimators": 40,
    "max_depth": 5,
    "gamma": 0.1495926832334486,
    "subsample": 0.9486485992226238,
    "colsample_bytree": 0.7565589188962993
}