{
    "C": 17.97013451718139,
    "gamma": 0.002920964867222635
}