{
    "C": 1.0773264096441364,
    "gamma": 0.00038332819562313396
}