{
    "C": 0.20431438663902812,
    "gamma": 0.004493619324624694
}