{
    "n_estimators": 100,
    "max_depth": 5,
    "gamma": 0.8211163101598202,
    "subsample": 0.5509999220364407,
    "colsample_bytree": 0.7209387905370135
}