{
    "C": 19.34083088918292,
    "gamma": 0.01004379620460481
}