{
    "C": 1.399063091087444,
    "gamma": 0.004010546836052311
}