{
    "C": 12.62374468816282,
    "gamma": 0.004546940271816452
}