{
    "C": 80.22402254678548,
    "gamma": 0.016919215313812085
}