{
    "C": 12.171175251105009,
    "gamma": 0.0003213874723857867
}