{
    "n_estimators": 40,
    "max_depth": 20,
    "gamma": 0.6112584951300768,
    "subsample": 0.6071432817215052,
    "colsample_bytree": 0.7940324770271642
}