{
    "C": 2.6534223350461406,
    "gamma": 0.00021574275598552616
}