{
    "C": 0.18533586248117695,
    "gamma": 0.006125129764360401
}