{
    "C": 12.78018083218576,
    "gamma": 0.0008788342818225582
}