{
    "C": 2.4080887150305994,
    "gamma": 0.007463307963949052
}