{
    "n_estimators": 10,
    "max_depth": 5,
    "gamma": 0.8944963597987909,
    "subsample": 0.8113467514466688,
    "colsample_bytree": 0.6459869877941459
}