{
    "C": 5.490269002674387,
    "gamma": 0.00029758482452140275
}