{
    "C": 0.9792999885203255,
    "gamma": 0.18628789158839942
}