{
    "n_estimators": 10,
    "max_depth": 20,
    "gamma": 0.9738892144312379,
    "subsample": 0.5050474732620708,
    "colsample_bytree": 0.5022975233788523
}