{
    "n_estimators": 100,
    "max_depth": 5,
    "gamma": 0.37418863174294636,
    "subsample": 0.6915010522383511,
    "colsample_bytree": 0.7960408834374151
}