{
    "C": 38.183654973764384,
    "gamma": 0.02682057168142408
}