{
    "C": 21.352035237173535,
    "gamma": 0.002736669808785162
}