{
    "C": 0.3540928303520777,
    "gamma": 0.0733369214406053
}