{
    "C": 95.97368647541404,
    "gamma": 0.008128638873355708
}