{
    "n_estimators": 100,
    "max_depth": 5,
    "gamma": 0.36858551112179255,
    "subsample": 0.9345586346476087,
    "colsample_bytree": 0.7954546692479723
}