{
    "C": 97.63594796229309,
    "gamma": 0.011159062190648602
}