{
    "C": 15.436820446679201,
    "gamma": 0.005453542384825654
}