{
    "C": 29.002534584225433,
    "gamma": 0.0015326058654764661
}