{
    "n_estimators": 40,
    "max_depth": 5,
    "gamma": 0.26626655377772473,
    "subsample": 0.8666863502094989,
    "colsample_bytree": 0.8803243705984383
}