{
    "C": 26.513811469702738,
    "gamma": 0.0004840218666139385
}