{
    "C": 14.28272277192866,
    "gamma": 0.023674609852723006
}