{
    "C": 8.546729398968429,
    "gamma": 0.0016117912469446008
}