{
    "C": 12.192994934027384,
    "gamma": 0.00018956406229919808
}