{
    "C": 25.885622545228554,
    "gamma": 0.005153424158777836
}