{
    "n_estimators": 100,
    "max_depth": 5,
    "gamma": 0.9218040169315626,
    "subsample": 0.6607472926584887,
    "colsample_bytree": 0.5025328071215469
}