{
    "C": 10.240499328202805,
    "gamma": 0.009726960105830816
}