{
    "C": 0.10730172197940546,
    "gamma": 0.0005051449628840604
}