{
    "C": 6.816355455310014,
    "gamma": 0.00486301464497205
}