{
    "C": 20.48218441480259,
    "gamma": 0.012973102426302566
}