{
    "C": 52.87563948132559,
    "gamma": 0.0027919137476498175
}