{
    "C": 3.0127606817123733,
    "gamma": 0.1607084290731252
}