{
    "C": 2.333521206823699,
    "gamma": 0.0005964233917559231
}