{
    "C": 1.8786496700760764,
    "gamma": 0.03780662954277107
}