{
    "C": 91.26387230895502,
    "gamma": 0.006184748358636214
}