{
    "C": 0.5594526599405089,
    "gamma": 0.0028633649426661927
}