{
    "C": 50.082270840016456,
    "gamma": 0.00010362733975717095
}