{
    "C": 42.96843501471046,
    "gamma": 0.05511567949034103
}