{
    "C": 99.20450691281512,
    "gamma": 0.0018222603621565853
}