{
    "C": 2.787301644103932,
    "gamma": 0.0005070055958587654
}