{
    "n_estimators": 40,
    "max_depth": 5,
    "gamma": 0.26626655377772473,
    "subsample": 0.644129479708754,
    "colsample_bytree": 0.8604557310580807
}