{
    "C": 0.10247383075244614,
    "gamma": 0.000198196713283954
}