{
    "C": 32.69337101642257,
    "gamma": 0.0003300621597185894
}