{
    "n_estimators": 10,
    "max_depth": 5,
    "gamma": 0.9821018178974498,
    "subsample": 0.7429657618518349,
    "colsample_bytree": 0.8072612270923265
}