{
    "C": 64.73110838099895,
    "gamma": 0.002992764643229054
}