{
    "C": 1.871450068624068,
    "gamma": 0.503948959867121
}