{
    "n_estimators": 10,
    "max_depth": 30,
    "gamma": 0.18274672203297868,
    "subsample": 0.8099626825524257,
    "colsample_bytree": 0.8056479963708721
}