{
    "n_estimators": 40,
    "max_depth": 20,
    "gamma": 0.7095238118365221,
    "subsample": 0.7705849597779666,
    "colsample_bytree": 0.9683041804013192
}