{
    "C": 20.00299696815241,
    "gamma": 0.00019726198249379558
}