{
    "C": 0.38830941147227,
    "gamma": 0.0014485127506617154
}