{
    "n_estimators": 100,
    "max_depth": 5,
    "gamma": 0.6379699932879921,
    "subsample": 0.9640916252549512,
    "colsample_bytree": 0.903856384394622
}