{
    "C": 45.798516956197446,
    "gamma": 0.005612461575718492
}