{
    "C": 15.09062844978155,
    "gamma": 0.0006321911804147661
}