{
    "n_estimators": 40,
    "max_depth": 20,
    "gamma": 0.9463449355945145,
    "subsample": 0.9374555311294135,
    "colsample_bytree": 0.706201617705143
}