{
    "C": 6.377798359055967,
    "gamma": 0.032523055835960143
}