{
    "n_estimators": 40,
    "max_depth": 20,
    "gamma": 0.9661113738549925,
    "subsample": 0.7662191944049188,
    "colsample_bytree": 0.5023583757961585
}