{
    "C": 0.21368834253765992,
    "gamma": 0.0015286943028522833
}