{
    "n_estimators": 40,
    "max_depth": 5,
    "gamma": 0.2233211491911523,
    "subsample": 0.6287868045601614,
    "colsample_bytree": 0.9997339406435662
}