{
    "n_estimators": 40,
    "max_depth": 30,
    "gamma": 0.4574828140310232,
    "subsample": 0.8909305264406164,
    "colsample_bytree": 0.9758948986946183
}